#
# There is insufficient memory for the Java Runtime Environment to continue.
# Native memory allocation (malloc) failed to allocate 926416 bytes. Error detail: Chunk::new
# Possible reasons:
#   The system is out of physical RAM or swap space
#   This process is running with CompressedOops enabled, and the Java Heap may be blocking the growth of the native heap
# Possible solutions:
#   Reduce memory load on the system
#   Increase physical memory or swap space
#   Check if swap backing store is full
#   Decrease Java heap size (-Xmx/-Xms)
#   Decrease number of Java threads
#   Decrease Java thread stack sizes (-Xss)
#   Set larger code cache with -XX:ReservedCodeCacheSize=
#   JVM is running with Unscaled Compressed Oops mode in which the Java heap is
#     placed in the first 4GB address space. The Java Heap base address is the
#     maximum limit for the native heap growth. Please use -XX:HeapBaseMinAddress
#     to set the Java Heap base and to place the Java Heap above 4GB virtual address.
# This output file may be truncated or incomplete.
#
#  Out of Memory Error (arena.cpp:191), pid=29068, tid=12768
#
# JRE version: OpenJDK Runtime Environment Microsoft-13877129 (17.0.19+10) (build 17.0.19+10-LTS)
# Java VM: OpenJDK 64-Bit Server VM Microsoft-13877129 (17.0.19+10-LTS, mixed mode, sharing, tiered, compressed oops, compressed class ptrs, g1 gc, windows-amd64)
# No core dump will be written. Minidumps are not enabled by default on client versions of Windows
#

---------------  S U M M A R Y ------------

Command Line: --add-opens=java.base/java.lang=ALL-UNNAMED --add-opens=java.base/java.lang.invoke=ALL-UNNAMED --add-opens=java.base/java.util=ALL-UNNAMED --add-opens=java.prefs/java.util.prefs=ALL-UNNAMED --add-exports=jdk.compiler/com.sun.tools.javac.api=ALL-UNNAMED --add-exports=jdk.compiler/com.sun.tools.javac.util=ALL-UNNAMED --add-opens=java.base/java.util=ALL-UNNAMED --add-opens=java.prefs/java.util.prefs=ALL-UNNAMED --add-opens=java.base/java.nio.charset=ALL-UNNAMED --add-opens=java.base/java.net=ALL-UNNAMED --add-opens=java.base/java.util.concurrent=ALL-UNNAMED --add-opens=java.base/java.util.concurrent.atomic=ALL-UNNAMED --add-opens=java.xml/javax.xml.namespace=ALL-UNNAMED --add-opens=java.base/java.time=ALL-UNNAMED -Xmx2048m -Dfile.encoding=UTF-8 -Duser.country=US -Duser.language=en -Duser.variant -javaagent:C:\Users\Bush Baby\.gradle\wrapper\dists\gradle-9.4.1-bin\arn2x92ynaizyzdaamcbpbhtj\gradle-9.4.1\lib\agents\gradle-instrumentation-agent-9.4.1.jar org.gradle.launcher.daemon.bootstrap.GradleDaemon 9.4.1

Host: AMD Ryzen 7 7700X 8-Core Processor             , 16 cores, 31G,  Windows 11 , 64 bit Build 26100 (10.0.26100.9278)
Time: Wed Sep  2 19:14:08 2026 FLE Daylight Time elapsed time: 25.536836 seconds (0d 0h 0m 25s)

---------------  T H R E A D  ---------------

Current thread (0x000002c47e755f00):  JavaThread "C2 CompilerThread1" daemon [_thread_in_native, id=12768, stack(0x000000dc0ae00000,0x000000dc0af00000)]


Current CompileTask:
C2:25536 35065       4       org.jetbrains.kotlin.analysis.low.level.api.fir.symbolProviders.LLDependenciesSymbolProvider::addNewSymbolsConsideringJvmFacades (128 bytes)

Stack: [0x000000dc0ae00000,0x000000dc0af00000]
Native frames: (J=compiled Java code, j=interpreted, Vv=VM code, C=native code)
V  [jvm.dll+0x68cc89]  (no source info available)
V  [jvm.dll+0x845d89]  (no source info available)
V  [jvm.dll+0x847af8]  (no source info available)
V  [jvm.dll+0x848183]  (no source info available)
V  [jvm.dll+0x24d0bf]  (no source info available)
V  [jvm.dll+0xaed56]  (no source info available)
V  [jvm.dll+0xaf3fc]  (no source info available)
V  [jvm.dll+0x37186f]  (no source info available)
V  [jvm.dll+0x1c07d3]  (no source info available)
V  [jvm.dll+0x21e120]  (no source info available)
V  [jvm.dll+0x21d412]  (no source info available)
V  [jvm.dll+0x1a8db6]  (no source info available)
V  [jvm.dll+0x22dc6b]  (no source info available)
V  [jvm.dll+0x22bdf6]  (no source info available)
V  [jvm.dll+0x7fbecb]  (no source info available)
V  [jvm.dll+0x7f62cc]  (no source info available)
V  [jvm.dll+0x68e227]  (no source info available)
C  [ucrtbase.dll+0x2cd30]  (no source info available)
C  [KERNEL32.DLL+0x2ccb7]  (no source info available)
C  [ntdll.dll+0xacaec]  (no source info available)


---------------  P R O C E S S  ---------------

Threads class SMR info:
_java_thread_list=0x000002c449787890, length=162, elements={
0x000002c452646950, 0x000002c470eaa080, 0x000002c470eaab50, 0x000002c471713d20,
0x000002c471716600, 0x000002c471718ee0, 0x000002c471719f50, 0x000002c47171f300,
0x000002c471728120, 0x000002c4717291d0, 0x000002c470e97120, 0x000002c4719436a0,
0x000002c477326360, 0x000002c478055110, 0x000002c47805fa80, 0x000002c477bd0490,
0x000002c477c86880, 0x000002c477f64ea0, 0x000002c477f64990, 0x000002c477f63040,
0x000002c477f62b30, 0x000002c477f658c0, 0x000002c477f63550, 0x000002c477f63a60,
0x000002c477f62110, 0x000002c477f62620, 0x000002c477f64480, 0x000002c477f653b0,
0x000002c477f63f70, 0x000002c47ad64a90, 0x000002c47ad62720, 0x000002c47ad617f0,
0x000002c47ad61d00, 0x000002c47ad659c0, 0x000002c47ad63140, 0x000002c47ad64fa0,
0x000002c47ad64580, 0x000002c47ad63650, 0x000002c47ad62210, 0x000002c47ad65ed0,
0x000002c47ad663e0, 0x000002c47ad62c30, 0x000002c47ad668f0, 0x000002c47ad66e00,
0x000002c47ad67310, 0x000002c47ad63b60, 0x000002c47ad67820, 0x000002c47ad64070,
0x000002c47ad67d30, 0x000002c47df0bc20, 0x000002c47df0a7e0, 0x000002c47df0b710,
0x000002c47df0da80, 0x000002c47df0e4a0, 0x000002c47df0fdf0, 0x000002c47df0eec0,
0x000002c47df0f3d0, 0x000002c47df0f8e0, 0x000002c47ad654b0, 0x000002c47b1550b0,
0x000002c47b155ad0, 0x000002c47b1555c0, 0x000002c47b153250, 0x000002c47b155fe0,
0x000002c47b154ba0, 0x000002c47b156a00, 0x000002c47b156f10, 0x000002c47b154180,
0x000002c47b1564f0, 0x000002c47b158350, 0x000002c47b15a1b0, 0x000002c47b159790,
0x000002c47b159ca0, 0x000002c47b157930, 0x000002c47b15a6c0, 0x000002c47b158860,
0x000002c47b15abd0, 0x000002c479fb2ec0, 0x000002c479fb29b0, 0x000002c479fb1a80,
0x000002c479fb1f90, 0x000002c479fb33d0, 0x000002c479fb38e0, 0x000002c479fb0130,
0x000002c479fb0640, 0x000002c479fb1060, 0x000002c479fb24a0, 0x000002c47df08e90,
0x000002c47df0cb50, 0x000002c47df0d570, 0x000002c47df0e9b0, 0x000002c47b153c70,
0x000002c47b159280, 0x000002c47a1594e0, 0x000002c47a159f00, 0x000002c47a1580a0,
0x000002c47a158fd0, 0x000002c47a1599f0, 0x000002c47a15a410, 0x000002c47a15b850,
0x000002c47a15ae30, 0x000002c47a15a920, 0x000002c47a15b340, 0x000002c47a15bd60,
0x000002c47a1585b0, 0x000002c47a15eaf0, 0x000002c47a15f510, 0x000002c47a15cc90,
0x000002c47a15d1a0, 0x000002c47e334370, 0x000002c47e334d90, 0x000002c47e333e60,
0x000002c47e334880, 0x000002c47e3361d0, 0x000002c47e332f30, 0x000002c47e3357b0,
0x000002c47e335cc0, 0x000002c47e336bf0, 0x000002c47e338030, 0x000002c47e339980,
0x000002c47e33a3a0, 0x000002c479433760, 0x000002c479433250, 0x000002c4794350b0,
0x000002c479432830, 0x000002c479431900, 0x000002c479434ba0, 0x000002c479431e10,
0x000002c47df0acf0, 0x000002c47a438f80, 0x000002c47afead10, 0x000002c47afe8490,
0x000002c478bd15e0, 0x000002c47e755f00, 0x000002c47e80c3c0, 0x000002c47afe9de0,
0x000002c47afe98d0, 0x000002c47afe7560, 0x000002c47afe89a0, 0x000002c47b9a7280,
0x000002c47afea800, 0x000002c47e6c06c0, 0x000002c47afec660, 0x000002c47afed590,
0x000002c47afee4c0, 0x000002c47e337610, 0x000002c47e3352a0, 0x000002c47e337b20,
0x000002c47e337100, 0x000002c47e338540, 0x000002c47e339470, 0x000002c47e339e90,
0x000002c47df0a2d0, 0x000002c44e3fadf0, 0x000002c448181b60, 0x000002c44e3fcdd0,
0x000002c447ab8680, 0x000002c4479058a0, 0x000002c47fb43410, 0x000002c47fedb2b0,
0x000002c47fedc1e0, 0x000002c447ab8b90
}

Java Threads: ( => current thread )
  0x000002c452646950 JavaThread "main" [_thread_blocked, id=4904, stack(0x000000dc09a00000,0x000000dc09b00000)]
  0x000002c470eaa080 JavaThread "Reference Handler" daemon [_thread_blocked, id=14684, stack(0x000000dc0a100000,0x000000dc0a200000)]
  0x000002c470eaab50 JavaThread "Finalizer" daemon [_thread_blocked, id=28080, stack(0x000000dc0a200000,0x000000dc0a300000)]
  0x000002c471713d20 JavaThread "Signal Dispatcher" daemon [_thread_blocked, id=22260, stack(0x000000dc0a300000,0x000000dc0a400000)]
  0x000002c471716600 JavaThread "Attach Listener" daemon [_thread_blocked, id=13916, stack(0x000000dc0a400000,0x000000dc0a500000)]
  0x000002c471718ee0 JavaThread "Service Thread" daemon [_thread_blocked, id=2596, stack(0x000000dc0a500000,0x000000dc0a600000)]
  0x000002c471719f50 JavaThread "Monitor Deflation Thread" daemon [_thread_blocked, id=5124, stack(0x000000dc0a600000,0x000000dc0a700000)]
  0x000002c47171f300 JavaThread "C2 CompilerThread0" daemon [_thread_in_native, id=26800, stack(0x000000dc0a700000,0x000000dc0a800000)]
  0x000002c471728120 JavaThread "C1 CompilerThread0" daemon [_thread_in_vm, id=28628, stack(0x000000dc0a800000,0x000000dc0a900000)]
  0x000002c4717291d0 JavaThread "Sweeper thread" daemon [_thread_blocked, id=23768, stack(0x000000dc0a900000,0x000000dc0aa00000)]
  0x000002c470e97120 JavaThread "Common-Cleaner" daemon [_thread_blocked, id=20092, stack(0x000000dc0aa00000,0x000000dc0ab00000)]
  0x000002c4719436a0 JavaThread "Notification Thread" daemon [_thread_blocked, id=28200, stack(0x000000dc0af00000,0x000000dc0b000000)]
  0x000002c477326360 JavaThread "Daemon health stats" [_thread_blocked, id=29516, stack(0x000000dc0bd00000,0x000000dc0be00000)]
  0x000002c478055110 JavaThread "Incoming local TCP Connector on port 56211" [_thread_in_native, id=15764, stack(0x000000dc0be00000,0x000000dc0bf00000)]
  0x000002c47805fa80 JavaThread "Daemon periodic checks" [_thread_blocked, id=28564, stack(0x000000dc0bf00000,0x000000dc0c000000)]
  0x000002c477bd0490 JavaThread "Daemon" [_thread_blocked, id=26476, stack(0x000000dc0c000000,0x000000dc0c100000)]
  0x000002c477c86880 JavaThread "Handler for socket connection from /127.0.0.1:56211 to /127.0.0.1:56212" [_thread_in_native, id=29608, stack(0x000000dc0c100000,0x000000dc0c200000)]
  0x000002c477f64ea0 JavaThread "Cancel handler" [_thread_blocked, id=13676, stack(0x000000dc0c200000,0x000000dc0c300000)]
  0x000002c477f64990 JavaThread "Daemon worker" [_thread_blocked, id=20184, stack(0x000000dc0c300000,0x000000dc0c400000)]
  0x000002c477f63040 JavaThread "Asynchronous log dispatcher for DefaultDaemonConnection: socket connection from /127.0.0.1:56211 to /127.0.0.1:56212" [_thread_blocked, id=27052, stack(0x000000dc0c400000,0x000000dc0c500000)]
  0x000002c477f62b30 JavaThread "Stdin handler" [_thread_blocked, id=24364, stack(0x000000dc0c500000,0x000000dc0c600000)]
  0x000002c477f658c0 JavaThread "Daemon client event forwarder" [_thread_blocked, id=23968, stack(0x000000dc0c600000,0x000000dc0c700000)]
  0x000002c477f63550 JavaThread "Cache worker for journal cache (C:\Users\Bush Baby\.gradle\caches\journal-1)" [_thread_blocked, id=27004, stack(0x000000dc0c700000,0x000000dc0c800000)]
  0x000002c477f63a60 JavaThread "File lock request listener" [_thread_in_native, id=14504, stack(0x000000dc0c800000,0x000000dc0c900000)]
  0x000002c477f62110 JavaThread "Cache worker for file hash cache (C:\Users\Bush Baby\.gradle\caches\9.4.1\fileHashes)" [_thread_blocked, id=29424, stack(0x000000dc0c900000,0x000000dc0ca00000)]
  0x000002c477f62620 JavaThread "Cache worker for file hash cache (F:\Code\Development\wetter\.gradle\9.4.1\fileHashes)" [_thread_blocked, id=28560, stack(0x000000dc0ce00000,0x000000dc0cf00000)]
  0x000002c477f64480 JavaThread "Cache worker for Build Output Cleanup Cache (F:\Code\Development\wetter\.gradle\buildOutputCleanup)" [_thread_blocked, id=26308, stack(0x000000dc0cf00000,0x000000dc0d000000)]
  0x000002c477f653b0 JavaThread "File watcher server" daemon [_thread_in_native, id=26708, stack(0x000000dc0d000000,0x000000dc0d100000)]
  0x000002c477f63f70 JavaThread "File watcher consumer" daemon [_thread_blocked, id=936, stack(0x000000dc0d100000,0x000000dc0d200000)]
  0x000002c47ad64a90 JavaThread "Cache worker for file content cache (C:\Users\Bush Baby\.gradle\caches\9.4.1\fileContent)" [_thread_blocked, id=25660, stack(0x000000dc0d200000,0x000000dc0d300000)]
  0x000002c47ad62720 JavaThread "Cache worker for checksums cache (F:\Code\Development\wetter\.gradle\9.4.1\checksums)" [_thread_blocked, id=12732, stack(0x000000dc0d300000,0x000000dc0d400000)]
  0x000002c47ad617f0 JavaThread "Cache worker for cache directory md-supplier (C:\Users\Bush Baby\.gradle\caches\9.4.1\md-supplier)" [_thread_blocked, id=1904, stack(0x000000dc0d400000,0x000000dc0d500000)]
  0x000002c47ad61d00 JavaThread "Cache worker for cache directory md-rule (C:\Users\Bush Baby\.gradle\caches\9.4.1\md-rule)" [_thread_blocked, id=6172, stack(0x000000dc0d500000,0x000000dc0d600000)]
  0x000002c47ad659c0 JavaThread "Build operations" [_thread_blocked, id=25044, stack(0x000000dc0d600000,0x000000dc0d700000)]
  0x000002c47ad63140 JavaThread "Build operations Thread 2" [_thread_blocked, id=16892, stack(0x000000dc0d700000,0x000000dc0d800000)]
  0x000002c47ad64fa0 JavaThread "Build operations Thread 3" [_thread_blocked, id=11836, stack(0x000000dc0d800000,0x000000dc0d900000)]
  0x000002c47ad64580 JavaThread "Build operations Thread 4" [_thread_blocked, id=21308, stack(0x000000dc0d900000,0x000000dc0da00000)]
  0x000002c47ad63650 JavaThread "Build operations Thread 5" [_thread_blocked, id=28796, stack(0x000000dc0da00000,0x000000dc0db00000)]
  0x000002c47ad62210 JavaThread "Build operations Thread 6" [_thread_blocked, id=24204, stack(0x000000dc0db00000,0x000000dc0dc00000)]
  0x000002c47ad65ed0 JavaThread "Build operations Thread 7" [_thread_blocked, id=27596, stack(0x000000dc0dc00000,0x000000dc0dd00000)]
  0x000002c47ad663e0 JavaThread "Build operations Thread 8" [_thread_blocked, id=24488, stack(0x000000dc0dd00000,0x000000dc0de00000)]
  0x000002c47ad62c30 JavaThread "Build operations Thread 9" [_thread_blocked, id=26820, stack(0x000000dc0de00000,0x000000dc0df00000)]
  0x000002c47ad668f0 JavaThread "Build operations Thread 10" [_thread_blocked, id=25912, stack(0x000000dc0df00000,0x000000dc0e000000)]
  0x000002c47ad66e00 JavaThread "Build operations Thread 11" [_thread_blocked, id=24896, stack(0x000000dc0e000000,0x000000dc0e100000)]
  0x000002c47ad67310 JavaThread "Build operations Thread 12" [_thread_blocked, id=9732, stack(0x000000dc0e100000,0x000000dc0e200000)]
  0x000002c47ad63b60 JavaThread "Build operations Thread 13" [_thread_blocked, id=12504, stack(0x000000dc0e200000,0x000000dc0e300000)]
  0x000002c47ad67820 JavaThread "Build operations Thread 14" [_thread_blocked, id=4952, stack(0x000000dc0e300000,0x000000dc0e400000)]
  0x000002c47ad64070 JavaThread "Build operations Thread 15" [_thread_blocked, id=27568, stack(0x000000dc0e400000,0x000000dc0e500000)]
  0x000002c47ad67d30 JavaThread "Build operations Thread 16" [_thread_blocked, id=17316, stack(0x000000dc0e500000,0x000000dc0e600000)]
  0x000002c47df0bc20 JavaThread "Memory manager" [_thread_blocked, id=28044, stack(0x000000dc0e600000,0x000000dc0e700000)]
  0x000002c47df0a7e0 JavaThread "build event listener" [_thread_blocked, id=19488, stack(0x000000dc0e700000,0x000000dc0e800000)]
  0x000002c47df0b710 JavaThread "build event listener" [_thread_blocked, id=4712, stack(0x000000dc0e800000,0x000000dc0e900000)]
  0x000002c47df0da80 JavaThread "ForkJoinPool.commonPool-worker-1" daemon [_thread_blocked, id=4732, stack(0x000000dc0b200000,0x000000dc0b300000)]
  0x000002c47df0e4a0 JavaThread "ForkJoinPool.commonPool-worker-2" daemon [_thread_blocked, id=6536, stack(0x000000dc0e900000,0x000000dc0ea00000)]
  0x000002c47df0fdf0 JavaThread "ForkJoinPool.commonPool-worker-3" daemon [_thread_blocked, id=24544, stack(0x000000dc0ea00000,0x000000dc0eb00000)]
  0x000002c47df0eec0 JavaThread "ForkJoinPool.commonPool-worker-4" daemon [_thread_blocked, id=23796, stack(0x000000dc0eb00000,0x000000dc0ec00000)]
  0x000002c47df0f3d0 JavaThread "ForkJoinPool.commonPool-worker-5" daemon [_thread_blocked, id=11596, stack(0x000000dc0ec00000,0x000000dc0ed00000)]
  0x000002c47df0f8e0 JavaThread "ForkJoinPool.commonPool-worker-6" daemon [_thread_blocked, id=24272, stack(0x000000dc0ed00000,0x000000dc0ee00000)]
  0x000002c47ad654b0 JavaThread "ForkJoinPool.commonPool-worker-7" daemon [_thread_blocked, id=4628, stack(0x000000dc0ee00000,0x000000dc0ef00000)]
  0x000002c47b1550b0 JavaThread "ForkJoinPool.commonPool-worker-8" daemon [_thread_blocked, id=17576, stack(0x000000dc0ef00000,0x000000dc0f000000)]
  0x000002c47b155ad0 JavaThread "ForkJoinPool.commonPool-worker-9" daemon [_thread_blocked, id=7640, stack(0x000000dc0f000000,0x000000dc0f100000)]
  0x000002c47b1555c0 JavaThread "ForkJoinPool.commonPool-worker-10" daemon [_thread_blocked, id=21564, stack(0x000000dc0f100000,0x000000dc0f200000)]
  0x000002c47b153250 JavaThread "Exec process" daemon [_thread_blocked, id=26812, stack(0x000000dc0f200000,0x000000dc0f300000)]
  0x000002c47b155fe0 JavaThread "ForkJoinPool.commonPool-worker-11" daemon [_thread_blocked, id=28048, stack(0x000000dc0f300000,0x000000dc0f400000)]
  0x000002c47b154ba0 JavaThread "Exec process Thread 2" daemon [_thread_blocked, id=17344, stack(0x000000dc0f400000,0x000000dc0f500000)]
  0x000002c47b156a00 JavaThread "ForkJoinPool.commonPool-worker-12" daemon [_thread_blocked, id=29128, stack(0x000000dc0f500000,0x000000dc0f600000)]
  0x000002c47b156f10 JavaThread "Exec process Thread 3" daemon [_thread_blocked, id=21140, stack(0x000000dc0f600000,0x000000dc0f700000)]
  0x000002c47b154180 JavaThread "ForkJoinPool.commonPool-worker-13" daemon [_thread_blocked, id=6296, stack(0x000000dc0f700000,0x000000dc0f800000)]
  0x000002c47b1564f0 JavaThread "ForkJoinPool.commonPool-worker-14" daemon [_thread_blocked, id=2256, stack(0x000000dc0b100000,0x000000dc0b200000)]
  0x000002c47b158350 JavaThread "included builds" [_thread_blocked, id=20112, stack(0x000000dc0f900000,0x000000dc0fa00000)]
  0x000002c47b15a1b0 JavaThread "Execution worker" [_thread_blocked, id=11768, stack(0x000000dc0fa00000,0x000000dc0fb00000)]
  0x000002c47b159790 JavaThread "Execution worker Thread 2" [_thread_blocked, id=29544, stack(0x000000dc0fb00000,0x000000dc0fc00000)]
  0x000002c47b159ca0 JavaThread "Execution worker Thread 3" [_thread_blocked, id=16912, stack(0x000000dc0fc00000,0x000000dc0fd00000)]
  0x000002c47b157930 JavaThread "Execution worker Thread 4" [_thread_blocked, id=10624, stack(0x000000dc0fd00000,0x000000dc0fe00000)]
  0x000002c47b15a6c0 JavaThread "Execution worker Thread 5" [_thread_blocked, id=22608, stack(0x000000dc0fe00000,0x000000dc0ff00000)]
  0x000002c47b158860 JavaThread "Execution worker Thread 6" [_thread_blocked, id=1148, stack(0x000000dc0ff00000,0x000000dc10000000)]
  0x000002c47b15abd0 JavaThread "Execution worker Thread 7" [_thread_blocked, id=16360, stack(0x000000dc10000000,0x000000dc10100000)]
  0x000002c479fb2ec0 JavaThread "Execution worker Thread 8" [_thread_blocked, id=8312, stack(0x000000dc10100000,0x000000dc10200000)]
  0x000002c479fb29b0 JavaThread "Execution worker Thread 9" [_thread_blocked, id=25844, stack(0x000000dc10200000,0x000000dc10300000)]
  0x000002c479fb1a80 JavaThread "Execution worker Thread 10" [_thread_blocked, id=18140, stack(0x000000dc10300000,0x000000dc10400000)]
  0x000002c479fb1f90 JavaThread "Execution worker Thread 11" [_thread_blocked, id=28456, stack(0x000000dc10400000,0x000000dc10500000)]
  0x000002c479fb33d0 JavaThread "Execution worker Thread 12" [_thread_blocked, id=10020, stack(0x000000dc10500000,0x000000dc10600000)]
  0x000002c479fb38e0 JavaThread "Execution worker Thread 13" [_thread_blocked, id=10520, stack(0x000000dc10600000,0x000000dc10700000)]
  0x000002c479fb0130 JavaThread "Execution worker Thread 14" [_thread_blocked, id=23660, stack(0x000000dc10700000,0x000000dc10800000)]
  0x000002c479fb0640 JavaThread "Execution worker Thread 15" [_thread_blocked, id=10280, stack(0x000000dc10800000,0x000000dc10900000)]
  0x000002c479fb1060 JavaThread "Cache worker for execution history cache (F:\Code\Development\wetter\.gradle\9.4.1\executionHistory)" [_thread_blocked, id=18172, stack(0x000000dc10900000,0x000000dc10a00000)]
  0x000002c479fb24a0 JavaThread "jar transforms" [_thread_blocked, id=20784, stack(0x000000dc10a00000,0x000000dc10b00000)]
  0x000002c47df08e90 JavaThread "jar transforms Thread 2" [_thread_blocked, id=18500, stack(0x000000dc10b00000,0x000000dc10c00000)]
  0x000002c47df0cb50 JavaThread "jar transforms Thread 3" [_thread_blocked, id=17760, stack(0x000000dc10c00000,0x000000dc10d00000)]
  0x000002c47df0d570 JavaThread "jar transforms Thread 4" [_thread_blocked, id=9904, stack(0x000000dc10d00000,0x000000dc10e00000)]
  0x000002c47df0e9b0 JavaThread "jar transforms Thread 5" [_thread_blocked, id=29440, stack(0x000000dc10e00000,0x000000dc10f00000)]
  0x000002c47b153c70 JavaThread "jar transforms Thread 6" [_thread_blocked, id=11556, stack(0x000000dc10f00000,0x000000dc11000000)]
  0x000002c47b159280 JavaThread "jar transforms Thread 7" [_thread_blocked, id=12032, stack(0x000000dc11000000,0x000000dc11100000)]
  0x000002c47a1594e0 JavaThread "jar transforms Thread 8" [_thread_blocked, id=9996, stack(0x000000dc11100000,0x000000dc11200000)]
  0x000002c47a159f00 JavaThread "jar transforms Thread 9" [_thread_blocked, id=27336, stack(0x000000dc11200000,0x000000dc11300000)]
  0x000002c47a1580a0 JavaThread "jar transforms Thread 10" [_thread_blocked, id=26960, stack(0x000000dc11300000,0x000000dc11400000)]
  0x000002c47a158fd0 JavaThread "jar transforms Thread 11" [_thread_blocked, id=22600, stack(0x000000dc11400000,0x000000dc11500000)]
  0x000002c47a1599f0 JavaThread "jar transforms Thread 12" [_thread_blocked, id=23668, stack(0x000000dc11500000,0x000000dc11600000)]
  0x000002c47a15a410 JavaThread "jar transforms Thread 13" [_thread_blocked, id=2848, stack(0x000000dc11600000,0x000000dc11700000)]
  0x000002c47a15b850 JavaThread "jar transforms Thread 14" [_thread_blocked, id=26176, stack(0x000000dc11700000,0x000000dc11800000)]
  0x000002c47a15ae30 JavaThread "jar transforms Thread 15" [_thread_blocked, id=22904, stack(0x000000dc11800000,0x000000dc11900000)]
  0x000002c47a15a920 JavaThread "jar transforms Thread 16" [_thread_blocked, id=28824, stack(0x000000dc11900000,0x000000dc11a00000)]
  0x000002c47a15b340 JavaThread "WorkerExecutor Queue" [_thread_blocked, id=22440, stack(0x000000dc11a00000,0x000000dc11b00000)]
  0x000002c47a15bd60 JavaThread "WorkerExecutor Queue Thread 2" [_thread_blocked, id=16004, stack(0x000000dc11b00000,0x000000dc11c00000)]
  0x000002c47a1585b0 JavaThread "pool-3-thread-2" [_thread_blocked, id=21492, stack(0x000000dc11c00000,0x000000dc11d00000)]
  0x000002c47a15eaf0 JavaThread "pool-3-thread-3" [_thread_blocked, id=26640, stack(0x000000dc11d00000,0x000000dc11e00000)]
  0x000002c47a15f510 JavaThread "pool-3-thread-1" [_thread_blocked, id=29404, stack(0x000000dc11e00000,0x000000dc11f00000)]
  0x000002c47a15cc90 JavaThread "WorkerExecutor Queue Thread 3" [_thread_blocked, id=8264, stack(0x000000dc11f00000,0x000000dc12000000)]
  0x000002c47a15d1a0 JavaThread "WorkerExecutor Queue Thread 4" [_thread_blocked, id=5216, stack(0x000000dc12000000,0x000000dc12100000)]
  0x000002c47e334370 JavaThread "WorkerExecutor Queue Thread 5" [_thread_blocked, id=10836, stack(0x000000dc12100000,0x000000dc12200000)]
  0x000002c47e334d90 JavaThread "WorkerExecutor Queue Thread 6" [_thread_blocked, id=18308, stack(0x000000dc12200000,0x000000dc12300000)]
  0x000002c47e333e60 JavaThread "WorkerExecutor Queue Thread 7" [_thread_blocked, id=19280, stack(0x000000dc12300000,0x000000dc12400000)]
  0x000002c47e334880 JavaThread "WorkerExecutor Queue Thread 8" [_thread_in_Java, id=23408, stack(0x000000dc12400000,0x000000dc12500000)]
  0x000002c47e3361d0 JavaThread "WorkerExecutor Queue Thread 9" [_thread_blocked, id=25648, stack(0x000000dc12500000,0x000000dc12600000)]
  0x000002c47e332f30 JavaThread "Exec process" [_thread_blocked, id=24372, stack(0x000000dc12700000,0x000000dc12800000)]
  0x000002c47e3357b0 JavaThread "Exec process Thread 2" [_thread_blocked, id=25156, stack(0x000000dc12900000,0x000000dc12a00000)]
  0x000002c47e335cc0 JavaThread "Exec process Thread 3" [_thread_blocked, id=28000, stack(0x000000dc12a00000,0x000000dc12b00000)]
  0x000002c47e336bf0 JavaThread "Exec process Thread 4" [_thread_blocked, id=23256, stack(0x000000dc12b00000,0x000000dc12c00000)]
  0x000002c47e338030 JavaThread "WorkerExecutor Queue Thread 10" [_thread_blocked, id=27992, stack(0x000000dc13000000,0x000000dc13100000)]
  0x000002c47e339980 JavaThread "RMI Scheduler(0)" daemon [_thread_blocked, id=25336, stack(0x000000dc13100000,0x000000dc13200000)]
  0x000002c47e33a3a0 JavaThread "RMI GC Daemon" daemon [_thread_blocked, id=3032, stack(0x000000dc13300000,0x000000dc13400000)]
  0x000002c479433760 JavaThread "RMI TCP Accept-0" daemon [_thread_in_native, id=5484, stack(0x000000dc13500000,0x000000dc13600000)]
  0x000002c479433250 JavaThread "RMI Reaper" [_thread_blocked, id=26704, stack(0x000000dc13600000,0x000000dc13700000)]
  0x000002c4794350b0 JavaThread "RMI TCP Connection(4)-127.0.0.1" daemon [_thread_in_native, id=27284, stack(0x000000dc13700000,0x000000dc13800000)]
  0x000002c479432830 JavaThread "RMI TCP Connection(5)-127.0.0.1" daemon [_thread_in_native, id=22232, stack(0x000000dc13800000,0x000000dc13900000)]
  0x000002c479431900 JavaThread "pool-4-thread-1" [_thread_blocked, id=21528, stack(0x000000dc13900000,0x000000dc13a00000)]
  0x000002c479434ba0 JavaThread "stderr" [_thread_in_native, id=28552, stack(0x000000dc13a00000,0x000000dc13b00000)]
  0x000002c479431e10 JavaThread "stdout" [_thread_in_native, id=27556, stack(0x000000dc13b00000,0x000000dc13c00000)]
  0x000002c47df0acf0 JavaThread "WorkerExecutor Queue Thread 11" [_thread_blocked, id=3892, stack(0x000000dc0ac00000,0x000000dc0ad00000)]
  0x000002c47a438f80 JavaThread "C1 CompilerThread1" daemon [_thread_in_native, id=18480, stack(0x000000dc0ab00000,0x000000dc0ac00000)]
  0x000002c47afead10 JavaThread "WorkerExecutor Queue Thread 12" [_thread_in_Java, id=6832, stack(0x000000dc0ad00000,0x000000dc0ae00000)]
  0x000002c47afe8490 JavaThread "WorkerExecutor Queue Thread 13" [_thread_blocked, id=18600, stack(0x000000dc0f800000,0x000000dc0f900000)]
  0x000002c478bd15e0 JavaThread "C1 CompilerThread2" daemon [_thread_in_native, id=10420, stack(0x000000dc13c00000,0x000000dc13d00000)]
=>0x000002c47e755f00 JavaThread "C2 CompilerThread1" daemon [_thread_in_native, id=12768, stack(0x000000dc0ae00000,0x000000dc0af00000)]
  0x000002c47e80c3c0 JavaThread "C2 CompilerThread2" daemon [_thread_in_native, id=14488, stack(0x000000dc13d00000,0x000000dc13e00000)]
  0x000002c47afe9de0 JavaThread "Cache worker for Java compile cache (C:\Users\Bush Baby\.gradle\caches\9.4.1\javaCompile)" [_thread_blocked, id=11648, stack(0x000000dc13f00000,0x000000dc14000000)]
  0x000002c47afe98d0 JavaThread "WorkerExecutor Queue Thread 14" [_thread_blocked, id=21496, stack(0x000000dc14100000,0x000000dc14200000)]
  0x000002c47afe7560 JavaThread "WorkerExecutor Queue Thread 15" [_thread_blocked, id=4248, stack(0x000000dc12600000,0x000000dc12700000)]
  0x000002c47afe89a0 JavaThread "WorkerExecutor Queue Thread 16" [_thread_blocked, id=22040, stack(0x000000dc12800000,0x000000dc12900000)]
  0x000002c47b9a7280 JavaThread "C1 CompilerThread3" daemon [_thread_in_native, id=6384, stack(0x000000dc12c00000,0x000000dc12d00000)]
  0x000002c47afea800 JavaThread "RMI TCP Connection(3)-127.0.0.1" daemon [_thread_in_native, id=18184, stack(0x000000dc12e00000,0x000000dc12f00000)]
  0x000002c47e6c06c0 JavaThread "C2 CompilerThread3" daemon [_thread_in_native, id=16708, stack(0x000000dc12f00000,0x000000dc13000000)]
  0x000002c47afec660 JavaThread "pool-3-thread-4" [_thread_blocked, id=24632, stack(0x000000dc13200000,0x000000dc13300000)]
  0x000002c47afed590 JavaThread "RMI TCP Connection(6)-127.0.0.1" daemon [_thread_in_native, id=21600, stack(0x000000dc13e00000,0x000000dc13f00000)]
  0x000002c47afee4c0 JavaThread "DefaultDispatcher-worker-1" daemon [_thread_blocked, id=28320, stack(0x000000dc12d00000,0x000000dc12e00000)]
  0x000002c47e337610 JavaThread "DefaultDispatcher-worker-2" daemon [_thread_blocked, id=21724, stack(0x000000dc14000000,0x000000dc14100000)]
  0x000002c47e3352a0 JavaThread "DefaultDispatcher-worker-3" daemon [_thread_blocked, id=23344, stack(0x000000dc14200000,0x000000dc14300000)]
  0x000002c47e337b20 JavaThread "DefaultDispatcher-worker-4" daemon [_thread_blocked, id=8396, stack(0x000000dc14300000,0x000000dc14400000)]
  0x000002c47e337100 JavaThread "DefaultDispatcher-worker-5" daemon [_thread_blocked, id=10368, stack(0x000000dc14400000,0x000000dc14500000)]
  0x000002c47e338540 JavaThread "DefaultDispatcher-worker-6" daemon [_thread_blocked, id=26428, stack(0x000000dc14500000,0x000000dc14600000)]
  0x000002c47e339470 JavaThread "DefaultDispatcher-worker-7" daemon [_thread_blocked, id=9504, stack(0x000000dc14600000,0x000000dc14700000)]
  0x000002c47e339e90 JavaThread "DefaultDispatcher-worker-8" daemon [_thread_blocked, id=25568, stack(0x000000dc14700000,0x000000dc14800000)]
  0x000002c47df0a2d0 JavaThread "DefaultDispatcher-worker-9" daemon [_thread_blocked, id=23752, stack(0x000000dc14800000,0x000000dc14900000)]
  0x000002c44e3fadf0 JavaThread "C2 CompilerThread4" daemon [_thread_blocked, id=29436, stack(0x000000dc14a00000,0x000000dc14b00000)]
  0x000002c448181b60 JavaThread "RMI TCP Connection(7)-127.0.0.1" daemon [_thread_in_native, id=11776, stack(0x000000dc14c00000,0x000000dc14d00000)]
  0x000002c44e3fcdd0 JavaThread "C2 CompilerThread5" daemon [_thread_in_native, id=21908, stack(0x000000dc14d00000,0x000000dc14e00000)]
  0x000002c447ab8680 JavaThread "Periodic tasks thread" daemon [_thread_blocked, id=20132, stack(0x000000dc14e00000,0x000000dc14f00000)]
  0x000002c4479058a0 JavaThread "ApplicationImpl pooled thread 1" [_thread_blocked, id=25152, stack(0x000000dc14f00000,0x000000dc15000000)]
  0x000002c47fb43410 JavaThread "Unconstrained build operations" [_thread_blocked, id=24172, stack(0x000000dc13400000,0x000000dc13500000)]
  0x000002c47fedb2b0 JavaThread "Java2D Disposer" daemon [_thread_blocked, id=16580, stack(0x000000dc14b00000,0x000000dc14c00000)]
  0x000002c47fedc1e0 JavaThread "AWT-Windows" daemon [_thread_in_native, id=28732, stack(0x000000dc15100000,0x000000dc15200000)]
  0x000002c447ab8b90 JavaThread "Unconstrained build operations Thread 2" [_thread_blocked, id=26968, stack(0x000000dc15200000,0x000000dc15300000)]

Other Threads:
  0x000002c470ea58f0 VMThread "VM Thread" [stack: 0x000000dc0a000000,0x000000dc0a100000] [id=8772]
  0x000002c452647480 WatcherThread [stack: 0x000000dc0b000000,0x000000dc0b100000] [id=20636]
  0x000002c4526a41e0 GCTaskThread "GC Thread#0" [stack: 0x000000dc09b00000,0x000000dc09c00000] [id=15612]
  0x000002c476414a40 GCTaskThread "GC Thread#1" [stack: 0x000000dc0b300000,0x000000dc0b400000] [id=15412]
  0x000002c476413c30 GCTaskThread "GC Thread#2" [stack: 0x000000dc0b400000,0x000000dc0b500000] [id=11676]
  0x000002c4764141d0 GCTaskThread "GC Thread#3" [stack: 0x000000dc0b500000,0x000000dc0b600000] [id=28860]
  0x000002c476414fe0 GCTaskThread "GC Thread#4" [stack: 0x000000dc0b600000,0x000000dc0b700000] [id=27312]
  0x000002c476414770 GCTaskThread "GC Thread#5" [stack: 0x000000dc0b700000,0x000000dc0b800000] [id=27636]
  0x000002c476414d10 GCTaskThread "GC Thread#6" [stack: 0x000000dc0b800000,0x000000dc0b900000] [id=14096]
  0x000002c4764152b0 GCTaskThread "GC Thread#7" [stack: 0x000000dc0b900000,0x000000dc0ba00000] [id=27268]
  0x000002c4764144a0 GCTaskThread "GC Thread#8" [stack: 0x000000dc0ba00000,0x000000dc0bb00000] [id=6952]
  0x000002c476415580 GCTaskThread "GC Thread#9" [stack: 0x000000dc0bb00000,0x000000dc0bc00000] [id=24376]
  0x000002c476413960 GCTaskThread "GC Thread#10" [stack: 0x000000dc0bc00000,0x000000dc0bd00000] [id=24396]
  0x000002c476682050 GCTaskThread "GC Thread#11" [stack: 0x000000dc0ca00000,0x000000dc0cb00000] [id=29412]
  0x000002c476680f70 GCTaskThread "GC Thread#12" [stack: 0x000000dc0cb00000,0x000000dc0cc00000] [id=21116]
  0x000002c4526b5d20 ConcurrentGCThread "G1 Main Marker" [stack: 0x000000dc09c00000,0x000000dc09d00000] [id=11916]
  0x000002c4526b6df0 ConcurrentGCThread "G1 Conc#0" [stack: 0x000000dc09d00000,0x000000dc09e00000] [id=26776]
  0x000002c47667f620 ConcurrentGCThread "G1 Conc#1" [stack: 0x000000dc0cc00000,0x000000dc0cd00000] [id=27080]
  0x000002c476682320 ConcurrentGCThread "G1 Conc#2" [stack: 0x000000dc0cd00000,0x000000dc0ce00000] [id=24320]
  0x000002c4526ee910 ConcurrentGCThread "G1 Refine#0" [stack: 0x000000dc09e00000,0x000000dc09f00000] [id=24956]
  0x000002c470e355e0 ConcurrentGCThread "G1 Service" [stack: 0x000000dc09f00000,0x000000dc0a000000] [id=13404]

Threads with active compile tasks:
C2 CompilerThread0  25562 35344       4       com.intellij.psi.impl.compiled.ClsModifierListImpl::hasModifierProperty (25 bytes)
C1 CompilerThread0  25562 35375       3       org.jetbrains.kotlin.analysis.api.fir.symbols.KaFirNamedClassSymbol::getLocation (165 bytes)
C1 CompilerThread1  25562 35369       3       org.jetbrains.kotlin.light.classes.symbol.methods.SymbolLightMethod::get_parametersList (15 bytes)
C1 CompilerThread2  25562 35373       3       org.jetbrains.kotlin.fir.scopes.FirTypeScopeKt::doProcessAllOverriddenCallables (15 bytes)
C2 CompilerThread1  25562 35065       4       org.jetbrains.kotlin.analysis.low.level.api.fir.symbolProviders.LLDependenciesSymbolProvider::addNewSymbolsConsideringJvmFacades (128 bytes)
C1 CompilerThread3  25562 35357       3       org.jetbrains.kotlin.analysis.low.level.api.fir.util.DeclarationUtilsKt::findSourceNonLocalFirDeclaration (137 bytes)
C2 CompilerThread3  25562 35372       4       org.jetbrains.kotlin.fir.types.ConeTypeContext::typeConstructor (36 bytes)
C2 CompilerThread4  25562 35370       4       it.unimi.dsi.fastutil.objects.Object2ObjectOpenCustomHashMap::get (144 bytes)
C2 CompilerThread5  25562 35350       4       org.jetbrains.kotlin.psi.KtDeclarationStub::getParent (45 bytes)

VM state: not at safepoint (normal execution)

VM Mutex/Monitor currently owned by a thread:  ([mutex/lock_event])
[0x000002c450136cf0] CodeCache_lock - owner thread: 0x000002c478bd15e0
[0x000002c452643a30] Compile_lock - owner thread: 0x000002c478bd15e0
[0x000002c452643130] MethodCompileQueue_lock - owner thread: 0x000002c478bd15e0

Heap address: 0x0000000080000000, size: 2048 MB, Compressed Oops mode: 32-bit

CDS archive(s) mapped at: [0x000002c400000000-0x000002c400bb0000-0x000002c400bb0000), size 12255232, SharedBaseAddress: 0x000002c400000000, ArchiveRelocationMode: 1.
Compressed class space mapped at: 0x000002c401000000-0x000002c441000000, reserved size: 1073741824
Narrow klass base: 0x000002c400000000, Narrow klass shift: 0, Narrow klass range: 0x100000000

GC Precious Log:
 CPUs: 16 total, 16 available
 Memory: 31864M
 Large Page Support: Disabled
 NUMA Support: Disabled
 Compressed Oops: Enabled (32-bit)
 Heap Region Size: 1M
 Heap Min Capacity: 8M
 Heap Initial Capacity: 498M
 Heap Max Capacity: 2G
 Pre-touch: Disabled
 Parallel Workers: 13
 Concurrent Workers: 3
 Concurrent Refinement Workers: 13
 Periodic GC: Disabled

Heap:
 garbage-first heap   total 601088K, used 381053K [0x0000000080000000, 0x0000000100000000)
  region size 1024K, 147 young (150528K), 30 survivors (30720K)
 Metaspace       used 241818K, committed 243712K, reserved 1310720K
  class space    used 31072K, committed 32000K, reserved 1048576K

Heap Regions: E=young(eden), S=young(survivor), O=old, HS=humongous(starts), HC=humongous(continues), CS=collection set, F=free, OA=open archive, CA=closed archive, TAMS=top-at-mark-start (previous, next)
|   0|0x0000000080000000, 0x0000000080100000, 0x0000000080100000|100%|HS|  |TAMS 0x0000000080100000, 0x0000000080000000| Complete 
|   1|0x0000000080100000, 0x0000000080200000, 0x0000000080200000|100%|HC|  |TAMS 0x0000000080200000, 0x0000000080100000| Complete 
|   2|0x0000000080200000, 0x0000000080300000, 0x0000000080300000|100%|HC|  |TAMS 0x0000000080300000, 0x0000000080200000| Complete 
|   3|0x0000000080300000, 0x0000000080400000, 0x0000000080400000|100%|HC|  |TAMS 0x0000000080400000, 0x0000000080300000| Complete 
|   4|0x0000000080400000, 0x0000000080500000, 0x0000000080500000|100%| O|  |TAMS 0x0000000080500000, 0x0000000080400000| Untracked 
|   5|0x0000000080500000, 0x0000000080600000, 0x0000000080600000|100%| O|  |TAMS 0x0000000080600000, 0x0000000080500000| Untracked 
|   6|0x0000000080600000, 0x0000000080700000, 0x0000000080700000|100%| O|  |TAMS 0x0000000080700000, 0x0000000080600000| Untracked 
|   7|0x0000000080700000, 0x0000000080800000, 0x0000000080800000|100%| O|  |TAMS 0x0000000080800000, 0x0000000080700000| Untracked 
|   8|0x0000000080800000, 0x0000000080900000, 0x0000000080900000|100%|HS|  |TAMS 0x0000000080900000, 0x0000000080800000| Complete 
|   9|0x0000000080900000, 0x0000000080a00000, 0x0000000080a00000|100%| O|  |TAMS 0x0000000080a00000, 0x0000000080900000| Untracked 
|  10|0x0000000080a00000, 0x0000000080b00000, 0x0000000080b00000|100%| O|  |TAMS 0x0000000080b00000, 0x0000000080a00000| Untracked 
|  11|0x0000000080b00000, 0x0000000080c00000, 0x0000000080c00000|100%| O|  |TAMS 0x0000000080c00000, 0x0000000080b00000| Untracked 
|  12|0x0000000080c00000, 0x0000000080d00000, 0x0000000080d00000|100%| O|  |TAMS 0x0000000080d00000, 0x0000000080c00000| Untracked 
|  13|0x0000000080d00000, 0x0000000080e00000, 0x0000000080e00000|100%| O|  |TAMS 0x0000000080e00000, 0x0000000080d00000| Untracked 
|  14|0x0000000080e00000, 0x0000000080f00000, 0x0000000080f00000|100%| O|  |TAMS 0x0000000080f00000, 0x0000000080e00000| Untracked 
|  15|0x0000000080f00000, 0x0000000081000000, 0x0000000081000000|100%| O|  |TAMS 0x0000000081000000, 0x0000000080f00000| Untracked 
|  16|0x0000000081000000, 0x0000000081100000, 0x0000000081100000|100%| O|  |TAMS 0x0000000081100000, 0x0000000081000000| Untracked 
|  17|0x0000000081100000, 0x0000000081200000, 0x0000000081200000|100%| O|  |TAMS 0x0000000081200000, 0x0000000081100000| Untracked 
|  18|0x0000000081200000, 0x0000000081300000, 0x0000000081300000|100%| O|  |TAMS 0x0000000081300000, 0x0000000081200000| Untracked 
|  19|0x0000000081300000, 0x0000000081400000, 0x0000000081400000|100%| O|  |TAMS 0x0000000081400000, 0x0000000081300000| Untracked 
|  20|0x0000000081400000, 0x0000000081500000, 0x0000000081500000|100%| O|  |TAMS 0x0000000081500000, 0x0000000081400000| Untracked 
|  21|0x0000000081500000, 0x0000000081600000, 0x0000000081600000|100%| O|  |TAMS 0x0000000081600000, 0x0000000081500000| Untracked 
|  22|0x0000000081600000, 0x0000000081700000, 0x0000000081700000|100%| O|  |TAMS 0x0000000081700000, 0x0000000081600000| Untracked 
|  23|0x0000000081700000, 0x0000000081800000, 0x0000000081800000|100%| O|  |TAMS 0x0000000081800000, 0x0000000081700000| Untracked 
|  24|0x0000000081800000, 0x0000000081900000, 0x0000000081900000|100%| O|  |TAMS 0x0000000081900000, 0x0000000081800000| Untracked 
|  25|0x0000000081900000, 0x0000000081a00000, 0x0000000081a00000|100%| O|  |TAMS 0x0000000081a00000, 0x0000000081900000| Untracked 
|  26|0x0000000081a00000, 0x0000000081b00000, 0x0000000081b00000|100%| O|  |TAMS 0x0000000081b00000, 0x0000000081a00000| Untracked 
|  27|0x0000000081b00000, 0x0000000081c00000, 0x0000000081c00000|100%| O|  |TAMS 0x0000000081c00000, 0x0000000081b00000| Untracked 
|  28|0x0000000081c00000, 0x0000000081d00000, 0x0000000081d00000|100%| O|  |TAMS 0x0000000081d00000, 0x0000000081c00000| Untracked 
|  29|0x0000000081d00000, 0x0000000081e00000, 0x0000000081e00000|100%| O|  |TAMS 0x0000000081e00000, 0x0000000081d00000| Untracked 
|  30|0x0000000081e00000, 0x0000000081f00000, 0x0000000081f00000|100%| O|  |TAMS 0x0000000081f00000, 0x0000000081e00000| Untracked 
|  31|0x0000000081f00000, 0x0000000082000000, 0x0000000082000000|100%| O|  |TAMS 0x0000000082000000, 0x0000000081f00000| Untracked 
|  32|0x0000000082000000, 0x0000000082100000, 0x0000000082100000|100%| O|  |TAMS 0x0000000082100000, 0x0000000082000000| Untracked 
|  33|0x0000000082100000, 0x0000000082200000, 0x0000000082200000|100%| O|  |TAMS 0x0000000082200000, 0x0000000082100000| Untracked 
|  34|0x0000000082200000, 0x0000000082300000, 0x0000000082300000|100%| O|  |TAMS 0x0000000082300000, 0x0000000082200000| Untracked 
|  35|0x0000000082300000, 0x0000000082400000, 0x0000000082400000|100%| O|  |TAMS 0x0000000082400000, 0x0000000082300000| Untracked 
|  36|0x0000000082400000, 0x0000000082500000, 0x0000000082500000|100%| O|  |TAMS 0x0000000082500000, 0x0000000082400000| Untracked 
|  37|0x0000000082500000, 0x0000000082600000, 0x0000000082600000|100%| O|  |TAMS 0x0000000082600000, 0x0000000082500000| Untracked 
|  38|0x0000000082600000, 0x0000000082700000, 0x0000000082700000|100%| O|  |TAMS 0x0000000082700000, 0x0000000082600000| Untracked 
|  39|0x0000000082700000, 0x0000000082800000, 0x0000000082800000|100%| O|  |TAMS 0x0000000082800000, 0x0000000082700000| Untracked 
|  40|0x0000000082800000, 0x0000000082900000, 0x0000000082900000|100%| O|  |TAMS 0x0000000082900000, 0x0000000082800000| Untracked 
|  41|0x0000000082900000, 0x0000000082a00000, 0x0000000082a00000|100%|HS|  |TAMS 0x0000000082a00000, 0x0000000082900000| Complete 
|  42|0x0000000082a00000, 0x0000000082b00000, 0x0000000082b00000|100%|HS|  |TAMS 0x0000000082b00000, 0x0000000082a00000| Complete 
|  43|0x0000000082b00000, 0x0000000082c00000, 0x0000000082c00000|100%|HS|  |TAMS 0x0000000082c00000, 0x0000000082b00000| Complete 
|  44|0x0000000082c00000, 0x0000000082d00000, 0x0000000082d00000|100%|HC|  |TAMS 0x0000000082d00000, 0x0000000082c00000| Complete 
|  45|0x0000000082d00000, 0x0000000082e00000, 0x0000000082e00000|100%|HS|  |TAMS 0x0000000082e00000, 0x0000000082d00000| Complete 
|  46|0x0000000082e00000, 0x0000000082f00000, 0x0000000082f00000|100%|HS|  |TAMS 0x0000000082f00000, 0x0000000082e00000| Complete 
|  47|0x0000000082f00000, 0x0000000083000000, 0x0000000083000000|100%| O|  |TAMS 0x0000000083000000, 0x0000000082f00000| Untracked 
|  48|0x0000000083000000, 0x0000000083100000, 0x0000000083100000|100%|HS|  |TAMS 0x0000000083100000, 0x0000000083000000| Complete 
|  49|0x0000000083100000, 0x0000000083200000, 0x0000000083200000|100%|HC|  |TAMS 0x0000000083200000, 0x0000000083100000| Complete 
|  50|0x0000000083200000, 0x0000000083300000, 0x0000000083300000|100%|HS|  |TAMS 0x0000000083300000, 0x0000000083200000| Complete 
|  51|0x0000000083300000, 0x0000000083400000, 0x0000000083400000|100%|HS|  |TAMS 0x0000000083400000, 0x0000000083300000| Complete 
|  52|0x0000000083400000, 0x0000000083500000, 0x0000000083500000|100%| O|  |TAMS 0x0000000083500000, 0x0000000083400000| Untracked 
|  53|0x0000000083500000, 0x0000000083600000, 0x0000000083600000|100%| O|  |TAMS 0x0000000083600000, 0x0000000083500000| Untracked 
|  54|0x0000000083600000, 0x0000000083700000, 0x0000000083700000|100%| O|  |TAMS 0x0000000083700000, 0x0000000083600000| Untracked 
|  55|0x0000000083700000, 0x0000000083800000, 0x0000000083800000|100%| O|  |TAMS 0x0000000083800000, 0x0000000083700000| Untracked 
|  56|0x0000000083800000, 0x0000000083900000, 0x0000000083900000|100%| O|  |TAMS 0x0000000083900000, 0x0000000083800000| Untracked 
|  57|0x0000000083900000, 0x0000000083a00000, 0x0000000083a00000|100%| O|  |TAMS 0x0000000083a00000, 0x0000000083900000| Untracked 
|  58|0x0000000083a00000, 0x0000000083b00000, 0x0000000083b00000|100%| O|  |TAMS 0x0000000083b00000, 0x0000000083a00000| Untracked 
|  59|0x0000000083b00000, 0x0000000083c00000, 0x0000000083c00000|100%| O|  |TAMS 0x0000000083c00000, 0x0000000083b00000| Untracked 
|  60|0x0000000083c00000, 0x0000000083d00000, 0x0000000083d00000|100%| O|  |TAMS 0x0000000083d00000, 0x0000000083c00000| Untracked 
|  61|0x0000000083d00000, 0x0000000083e00000, 0x0000000083e00000|100%| O|  |TAMS 0x0000000083e00000, 0x0000000083d00000| Untracked 
|  62|0x0000000083e00000, 0x0000000083f00000, 0x0000000083f00000|100%| O|  |TAMS 0x0000000083f00000, 0x0000000083e00000| Untracked 
|  63|0x0000000083f00000, 0x0000000084000000, 0x0000000084000000|100%| O|  |TAMS 0x0000000084000000, 0x0000000083f00000| Untracked 
|  64|0x0000000084000000, 0x0000000084100000, 0x0000000084100000|100%|HS|  |TAMS 0x0000000084100000, 0x0000000084000000| Complete 
|  65|0x0000000084100000, 0x0000000084200000, 0x0000000084200000|100%| O|  |TAMS 0x0000000084200000, 0x0000000084100000| Untracked 
|  66|0x0000000084200000, 0x0000000084300000, 0x0000000084300000|100%| O|  |TAMS 0x0000000084300000, 0x0000000084200000| Untracked 
|  67|0x0000000084300000, 0x0000000084400000, 0x0000000084400000|100%| O|  |TAMS 0x0000000084400000, 0x0000000084300000| Untracked 
|  68|0x0000000084400000, 0x0000000084500000, 0x0000000084500000|100%| O|  |TAMS 0x0000000084500000, 0x0000000084400000| Untracked 
|  69|0x0000000084500000, 0x0000000084600000, 0x0000000084600000|100%| O|  |TAMS 0x0000000084600000, 0x0000000084500000| Untracked 
|  70|0x0000000084600000, 0x0000000084700000, 0x0000000084700000|100%| O|  |TAMS 0x0000000084700000, 0x0000000084600000| Untracked 
|  71|0x0000000084700000, 0x0000000084800000, 0x0000000084800000|100%| O|  |TAMS 0x0000000084800000, 0x0000000084700000| Untracked 
|  72|0x0000000084800000, 0x0000000084900000, 0x0000000084900000|100%| O|  |TAMS 0x0000000084900000, 0x0000000084800000| Untracked 
|  73|0x0000000084900000, 0x0000000084a00000, 0x0000000084a00000|100%| O|  |TAMS 0x0000000084a00000, 0x0000000084900000| Untracked 
|  74|0x0000000084a00000, 0x0000000084b00000, 0x0000000084b00000|100%| O|  |TAMS 0x0000000084b00000, 0x0000000084a00000| Untracked 
|  75|0x0000000084b00000, 0x0000000084c00000, 0x0000000084c00000|100%| O|  |TAMS 0x0000000084c00000, 0x0000000084b00000| Untracked 
|  76|0x0000000084c00000, 0x0000000084d00000, 0x0000000084d00000|100%| O|  |TAMS 0x0000000084d00000, 0x0000000084c00000| Untracked 
|  77|0x0000000084d00000, 0x0000000084e00000, 0x0000000084e00000|100%| O|  |TAMS 0x0000000084e00000, 0x0000000084d00000| Untracked 
|  78|0x0000000084e00000, 0x0000000084f00000, 0x0000000084f00000|100%| O|  |TAMS 0x0000000084f00000, 0x0000000084e00000| Untracked 
|  79|0x0000000084f00000, 0x0000000085000000, 0x0000000085000000|100%| O|  |TAMS 0x0000000084f00000, 0x0000000084f00000| Untracked 
|  80|0x0000000085000000, 0x0000000085100000, 0x0000000085100000|100%| O|  |TAMS 0x0000000085100000, 0x0000000085000000| Untracked 
|  81|0x0000000085100000, 0x0000000085200000, 0x0000000085200000|100%| O|  |TAMS 0x0000000085200000, 0x0000000085100000| Untracked 
|  82|0x0000000085200000, 0x0000000085300000, 0x0000000085300000|100%| O|  |TAMS 0x0000000085300000, 0x0000000085200000| Untracked 
|  83|0x0000000085300000, 0x0000000085400000, 0x0000000085400000|100%| O|  |TAMS 0x0000000085400000, 0x0000000085300000| Untracked 
|  84|0x0000000085400000, 0x0000000085500000, 0x0000000085500000|100%| O|  |TAMS 0x0000000085500000, 0x0000000085400000| Untracked 
|  85|0x0000000085500000, 0x0000000085600000, 0x0000000085600000|100%| O|  |TAMS 0x0000000085600000, 0x0000000085500000| Untracked 
|  86|0x0000000085600000, 0x0000000085600000, 0x0000000085700000|  0%| F|  |TAMS 0x0000000085600000, 0x0000000085600000| Untracked 
|  87|0x0000000085700000, 0x0000000085700000, 0x0000000085800000|  0%| F|  |TAMS 0x0000000085700000, 0x0000000085700000| Untracked 
|  88|0x0000000085800000, 0x0000000085900000, 0x0000000085900000|100%| O|  |TAMS 0x0000000085800000, 0x0000000085800000| Untracked 
|  89|0x0000000085900000, 0x0000000085a00000, 0x0000000085a00000|100%| O|  |TAMS 0x0000000085a00000, 0x0000000085900000| Untracked 
|  90|0x0000000085a00000, 0x0000000085b00000, 0x0000000085b00000|100%| O|  |TAMS 0x0000000085b00000, 0x0000000085a00000| Untracked 
|  91|0x0000000085b00000, 0x0000000085c00000, 0x0000000085c00000|100%| O|  |TAMS 0x0000000085c00000, 0x0000000085b00000| Untracked 
|  92|0x0000000085c00000, 0x0000000085d00000, 0x0000000085d00000|100%| O|  |TAMS 0x0000000085d00000, 0x0000000085c00000| Untracked 
|  93|0x0000000085d00000, 0x0000000085e00000, 0x0000000085e00000|100%| O|  |TAMS 0x0000000085e00000, 0x0000000085d00000| Untracked 
|  94|0x0000000085e00000, 0x0000000085f00000, 0x0000000085f00000|100%| O|  |TAMS 0x0000000085f00000, 0x0000000085e00000| Untracked 
|  95|0x0000000085f00000, 0x0000000086000000, 0x0000000086000000|100%| O|  |TAMS 0x0000000086000000, 0x0000000085f00000| Untracked 
|  96|0x0000000086000000, 0x0000000086100000, 0x0000000086100000|100%| O|  |TAMS 0x0000000086100000, 0x0000000086000000| Untracked 
|  97|0x0000000086100000, 0x0000000086200000, 0x0000000086200000|100%| O|  |TAMS 0x0000000086200000, 0x0000000086100000| Untracked 
|  98|0x0000000086200000, 0x0000000086300000, 0x0000000086300000|100%| O|  |TAMS 0x0000000086300000, 0x0000000086200000| Untracked 
|  99|0x0000000086300000, 0x0000000086400000, 0x0000000086400000|100%| O|  |TAMS 0x0000000086400000, 0x0000000086300000| Untracked 
| 100|0x0000000086400000, 0x0000000086500000, 0x0000000086500000|100%| O|  |TAMS 0x0000000086500000, 0x0000000086400000| Untracked 
| 101|0x0000000086500000, 0x0000000086600000, 0x0000000086600000|100%| O|  |TAMS 0x0000000086600000, 0x0000000086500000| Untracked 
| 102|0x0000000086600000, 0x0000000086700000, 0x0000000086700000|100%| O|  |TAMS 0x0000000086700000, 0x0000000086600000| Untracked 
| 103|0x0000000086700000, 0x0000000086800000, 0x0000000086800000|100%| O|  |TAMS 0x0000000086800000, 0x0000000086700000| Untracked 
| 104|0x0000000086800000, 0x0000000086900000, 0x0000000086900000|100%| O|  |TAMS 0x0000000086900000, 0x0000000086800000| Untracked 
| 105|0x0000000086900000, 0x0000000086a00000, 0x0000000086a00000|100%| O|  |TAMS 0x0000000086a00000, 0x0000000086900000| Untracked 
| 106|0x0000000086a00000, 0x0000000086b00000, 0x0000000086b00000|100%| O|  |TAMS 0x0000000086b00000, 0x0000000086a00000| Untracked 
| 107|0x0000000086b00000, 0x0000000086c00000, 0x0000000086c00000|100%| O|  |TAMS 0x0000000086c00000, 0x0000000086b00000| Untracked 
| 108|0x0000000086c00000, 0x0000000086d00000, 0x0000000086d00000|100%| O|  |TAMS 0x0000000086d00000, 0x0000000086c00000| Untracked 
| 109|0x0000000086d00000, 0x0000000086e00000, 0x0000000086e00000|100%| O|  |TAMS 0x0000000086e00000, 0x0000000086d00000| Untracked 
| 110|0x0000000086e00000, 0x0000000086f00000, 0x0000000086f00000|100%| O|  |TAMS 0x0000000086f00000, 0x0000000086e00000| Untracked 
| 111|0x0000000086f00000, 0x0000000087000000, 0x0000000087000000|100%|HS|  |TAMS 0x0000000087000000, 0x0000000086f00000| Complete 
| 112|0x0000000087000000, 0x0000000087100000, 0x0000000087100000|100%|HC|  |TAMS 0x0000000087100000, 0x0000000087000000| Complete 
| 113|0x0000000087100000, 0x0000000087200000, 0x0000000087200000|100%|HC|  |TAMS 0x0000000087200000, 0x0000000087100000| Complete 
| 114|0x0000000087200000, 0x0000000087300000, 0x0000000087300000|100%|HC|  |TAMS 0x0000000087300000, 0x0000000087200000| Complete 
| 115|0x0000000087300000, 0x0000000087400000, 0x0000000087400000|100%| O|  |TAMS 0x0000000087400000, 0x0000000087300000| Untracked 
| 116|0x0000000087400000, 0x0000000087500000, 0x0000000087500000|100%| O|  |TAMS 0x0000000087500000, 0x0000000087400000| Untracked 
| 117|0x0000000087500000, 0x0000000087600000, 0x0000000087600000|100%| O|  |TAMS 0x0000000087600000, 0x0000000087500000| Untracked 
| 118|0x0000000087600000, 0x0000000087700000, 0x0000000087700000|100%|HS|  |TAMS 0x0000000087700000, 0x0000000087600000| Complete 
| 119|0x0000000087700000, 0x0000000087800000, 0x0000000087800000|100%|HC|  |TAMS 0x0000000087800000, 0x0000000087700000| Complete 
| 120|0x0000000087800000, 0x0000000087900000, 0x0000000087900000|100%| O|  |TAMS 0x0000000087900000, 0x0000000087800000| Untracked 
| 121|0x0000000087900000, 0x0000000087a00000, 0x0000000087a00000|100%| O|  |TAMS 0x0000000087a00000, 0x0000000087900000| Untracked 
| 122|0x0000000087a00000, 0x0000000087b00000, 0x0000000087b00000|100%| O|  |TAMS 0x0000000087b00000, 0x0000000087a00000| Untracked 
| 123|0x0000000087b00000, 0x0000000087c00000, 0x0000000087c00000|100%| O|  |TAMS 0x0000000087c00000, 0x0000000087b00000| Untracked 
| 124|0x0000000087c00000, 0x0000000087d00000, 0x0000000087d00000|100%| O|  |TAMS 0x0000000087d00000, 0x0000000087c00000| Untracked 
| 125|0x0000000087d00000, 0x0000000087e00000, 0x0000000087e00000|100%| O|  |TAMS 0x0000000087e00000, 0x0000000087d00000| Untracked 
| 126|0x0000000087e00000, 0x0000000087f00000, 0x0000000087f00000|100%| O|  |TAMS 0x0000000087f00000, 0x0000000087e00000| Untracked 
| 127|0x0000000087f00000, 0x0000000088000000, 0x0000000088000000|100%| O|  |TAMS 0x0000000088000000, 0x0000000087f00000| Untracked 
| 128|0x0000000088000000, 0x0000000088100000, 0x0000000088100000|100%| O|  |TAMS 0x0000000088100000, 0x0000000088000000| Untracked 
| 129|0x0000000088100000, 0x0000000088200000, 0x0000000088200000|100%| O|  |TAMS 0x0000000088200000, 0x0000000088100000| Untracked 
| 130|0x0000000088200000, 0x0000000088300000, 0x0000000088300000|100%| O|  |TAMS 0x0000000088300000, 0x0000000088200000| Untracked 
| 131|0x0000000088300000, 0x0000000088400000, 0x0000000088400000|100%| O|  |TAMS 0x0000000088400000, 0x0000000088300000| Untracked 
| 132|0x0000000088400000, 0x0000000088500000, 0x0000000088500000|100%| O|  |TAMS 0x0000000088500000, 0x0000000088400000| Untracked 
| 133|0x0000000088500000, 0x0000000088600000, 0x0000000088600000|100%| O|  |TAMS 0x0000000088600000, 0x0000000088500000| Untracked 
| 134|0x0000000088600000, 0x0000000088700000, 0x0000000088700000|100%| O|  |TAMS 0x0000000088700000, 0x0000000088600000| Untracked 
| 135|0x0000000088700000, 0x0000000088800000, 0x0000000088800000|100%| O|  |TAMS 0x0000000088800000, 0x0000000088700000| Untracked 
| 136|0x0000000088800000, 0x0000000088900000, 0x0000000088900000|100%| O|  |TAMS 0x0000000088900000, 0x0000000088800000| Untracked 
| 137|0x0000000088900000, 0x0000000088a00000, 0x0000000088a00000|100%| O|  |TAMS 0x0000000088a00000, 0x0000000088900000| Untracked 
| 138|0x0000000088a00000, 0x0000000088b00000, 0x0000000088b00000|100%| O|  |TAMS 0x0000000088b00000, 0x0000000088a00000| Untracked 
| 139|0x0000000088b00000, 0x0000000088c00000, 0x0000000088c00000|100%| O|  |TAMS 0x0000000088c00000, 0x0000000088b00000| Untracked 
| 140|0x0000000088c00000, 0x0000000088d00000, 0x0000000088d00000|100%| O|  |TAMS 0x0000000088d00000, 0x0000000088c00000| Untracked 
| 141|0x0000000088d00000, 0x0000000088e00000, 0x0000000088e00000|100%| O|  |TAMS 0x0000000088e00000, 0x0000000088d00000| Untracked 
| 142|0x0000000088e00000, 0x0000000088f00000, 0x0000000088f00000|100%| O|  |TAMS 0x0000000088f00000, 0x0000000088e00000| Untracked 
| 143|0x0000000088f00000, 0x0000000089000000, 0x0000000089000000|100%| O|  |TAMS 0x0000000089000000, 0x0000000088f00000| Untracked 
| 144|0x0000000089000000, 0x0000000089100000, 0x0000000089100000|100%| O|  |TAMS 0x0000000089048200, 0x0000000089000000| Untracked 
| 145|0x0000000089100000, 0x0000000089200000, 0x0000000089200000|100%| O|  |TAMS 0x0000000089100000, 0x0000000089100000| Untracked 
| 146|0x0000000089200000, 0x0000000089300000, 0x0000000089300000|100%| O|  |TAMS 0x0000000089300000, 0x0000000089200000| Untracked 
| 147|0x0000000089300000, 0x0000000089400000, 0x0000000089400000|100%| O|  |TAMS 0x0000000089400000, 0x0000000089300000| Untracked 
| 148|0x0000000089400000, 0x0000000089500000, 0x0000000089500000|100%| O|  |TAMS 0x0000000089500000, 0x0000000089400000| Untracked 
| 149|0x0000000089500000, 0x0000000089600000, 0x0000000089600000|100%| O|  |TAMS 0x0000000089600000, 0x0000000089500000| Untracked 
| 150|0x0000000089600000, 0x0000000089700000, 0x0000000089700000|100%| O|  |TAMS 0x0000000089700000, 0x0000000089600000| Untracked 
| 151|0x0000000089700000, 0x0000000089800000, 0x0000000089800000|100%| O|  |TAMS 0x0000000089800000, 0x0000000089700000| Untracked 
| 152|0x0000000089800000, 0x0000000089900000, 0x0000000089900000|100%| O|  |TAMS 0x0000000089900000, 0x0000000089800000| Untracked 
| 153|0x0000000089900000, 0x0000000089a00000, 0x0000000089a00000|100%| O|  |TAMS 0x0000000089a00000, 0x0000000089900000| Untracked 
| 154|0x0000000089a00000, 0x0000000089b00000, 0x0000000089b00000|100%| O|  |TAMS 0x0000000089b00000, 0x0000000089a00000| Untracked 
| 155|0x0000000089b00000, 0x0000000089c00000, 0x0000000089c00000|100%| O|  |TAMS 0x0000000089c00000, 0x0000000089b00000| Untracked 
| 156|0x0000000089c00000, 0x0000000089d00000, 0x0000000089d00000|100%| O|  |TAMS 0x0000000089c00000, 0x0000000089c00000| Untracked 
| 157|0x0000000089d00000, 0x0000000089e00000, 0x0000000089e00000|100%| O|  |TAMS 0x0000000089e00000, 0x0000000089d00000| Untracked 
| 158|0x0000000089e00000, 0x0000000089f00000, 0x0000000089f00000|100%| O|  |TAMS 0x0000000089f00000, 0x0000000089e00000| Untracked 
| 159|0x0000000089f00000, 0x000000008a000000, 0x000000008a000000|100%| O|  |TAMS 0x000000008a000000, 0x0000000089f00000| Untracked 
| 160|0x000000008a000000, 0x000000008a100000, 0x000000008a100000|100%|HS|  |TAMS 0x000000008a100000, 0x000000008a000000| Complete 
| 161|0x000000008a100000, 0x000000008a200000, 0x000000008a200000|100%|HC|  |TAMS 0x000000008a200000, 0x000000008a100000| Complete 
| 162|0x000000008a200000, 0x000000008a300000, 0x000000008a300000|100%|HC|  |TAMS 0x000000008a300000, 0x000000008a200000| Complete 
| 163|0x000000008a300000, 0x000000008a400000, 0x000000008a400000|100%| O|  |TAMS 0x000000008a400000, 0x000000008a300000| Untracked 
| 164|0x000000008a400000, 0x000000008a500000, 0x000000008a500000|100%| O|  |TAMS 0x000000008a500000, 0x000000008a400000| Untracked 
| 165|0x000000008a500000, 0x000000008a600000, 0x000000008a600000|100%| O|  |TAMS 0x000000008a600000, 0x000000008a500000| Untracked 
| 166|0x000000008a600000, 0x000000008a700000, 0x000000008a700000|100%| O|  |TAMS 0x000000008a700000, 0x000000008a600000| Untracked 
| 167|0x000000008a700000, 0x000000008a800000, 0x000000008a800000|100%| O|  |TAMS 0x000000008a800000, 0x000000008a700000| Untracked 
| 168|0x000000008a800000, 0x000000008a900000, 0x000000008a900000|100%| O|  |TAMS 0x000000008a900000, 0x000000008a800000| Untracked 
| 169|0x000000008a900000, 0x000000008aa00000, 0x000000008aa00000|100%| O|  |TAMS 0x000000008a900000, 0x000000008a900000| Untracked 
| 170|0x000000008aa00000, 0x000000008ab00000, 0x000000008ab00000|100%| O|  |TAMS 0x000000008ab00000, 0x000000008aa00000| Untracked 
| 171|0x000000008ab00000, 0x000000008ac00000, 0x000000008ac00000|100%| O|  |TAMS 0x000000008ac00000, 0x000000008ab00000| Untracked 
| 172|0x000000008ac00000, 0x000000008ad00000, 0x000000008ad00000|100%| O|  |TAMS 0x000000008ad00000, 0x000000008ac00000| Untracked 
| 173|0x000000008ad00000, 0x000000008ae00000, 0x000000008ae00000|100%| O|  |TAMS 0x000000008ae00000, 0x000000008ad00000| Untracked 
| 174|0x000000008ae00000, 0x000000008af00000, 0x000000008af00000|100%| O|  |TAMS 0x000000008af00000, 0x000000008ae00000| Untracked 
| 175|0x000000008af00000, 0x000000008b000000, 0x000000008b000000|100%| O|  |TAMS 0x000000008b000000, 0x000000008af00000| Untracked 
| 176|0x000000008b000000, 0x000000008b100000, 0x000000008b100000|100%| O|  |TAMS 0x000000008b100000, 0x000000008b000000| Untracked 
| 177|0x000000008b100000, 0x000000008b200000, 0x000000008b200000|100%| O|  |TAMS 0x000000008b200000, 0x000000008b100000| Untracked 
| 178|0x000000008b200000, 0x000000008b300000, 0x000000008b300000|100%| O|  |TAMS 0x000000008b300000, 0x000000008b200000| Untracked 
| 179|0x000000008b300000, 0x000000008b400000, 0x000000008b400000|100%| O|  |TAMS 0x000000008b400000, 0x000000008b300000| Untracked 
| 180|0x000000008b400000, 0x000000008b500000, 0x000000008b500000|100%| O|  |TAMS 0x000000008b500000, 0x000000008b400000| Untracked 
| 181|0x000000008b500000, 0x000000008b600000, 0x000000008b600000|100%| O|  |TAMS 0x000000008b600000, 0x000000008b500000| Untracked 
| 182|0x000000008b600000, 0x000000008b700000, 0x000000008b700000|100%| O|  |TAMS 0x000000008b700000, 0x000000008b600000| Untracked 
| 183|0x000000008b700000, 0x000000008b800000, 0x000000008b800000|100%| O|  |TAMS 0x000000008b800000, 0x000000008b700000| Untracked 
| 184|0x000000008b800000, 0x000000008b900000, 0x000000008b900000|100%| O|  |TAMS 0x000000008b900000, 0x000000008b800000| Untracked 
| 185|0x000000008b900000, 0x000000008ba00000, 0x000000008ba00000|100%| O|  |TAMS 0x000000008ba00000, 0x000000008b900000| Untracked 
| 186|0x000000008ba00000, 0x000000008bb00000, 0x000000008bb00000|100%| O|  |TAMS 0x000000008bb00000, 0x000000008ba00000| Untracked 
| 187|0x000000008bb00000, 0x000000008bc00000, 0x000000008bc00000|100%| O|  |TAMS 0x000000008bc00000, 0x000000008bb00000| Untracked 
| 188|0x000000008bc00000, 0x000000008bd00000, 0x000000008bd00000|100%| O|  |TAMS 0x000000008bd00000, 0x000000008bc00000| Untracked 
| 189|0x000000008bd00000, 0x000000008be00000, 0x000000008be00000|100%| O|  |TAMS 0x000000008be00000, 0x000000008bd00000| Untracked 
| 190|0x000000008be00000, 0x000000008bf00000, 0x000000008bf00000|100%| O|  |TAMS 0x000000008be00000, 0x000000008be00000| Untracked 
| 191|0x000000008bf00000, 0x000000008c000000, 0x000000008c000000|100%| O|  |TAMS 0x000000008bf00000, 0x000000008bf00000| Untracked 
| 192|0x000000008c000000, 0x000000008c100000, 0x000000008c100000|100%| O|  |TAMS 0x000000008c000000, 0x000000008c000000| Untracked 
| 193|0x000000008c100000, 0x000000008c200000, 0x000000008c200000|100%| O|  |TAMS 0x000000008c100000, 0x000000008c100000| Untracked 
| 194|0x000000008c200000, 0x000000008c300000, 0x000000008c300000|100%| O|  |TAMS 0x000000008c200000, 0x000000008c200000| Untracked 
| 195|0x000000008c300000, 0x000000008c380600, 0x000000008c400000| 50%| O|  |TAMS 0x000000008c300000, 0x000000008c300000| Untracked 
| 196|0x000000008c400000, 0x000000008c500000, 0x000000008c500000|100%|HS|  |TAMS 0x000000008c500000, 0x000000008c400000| Complete 
| 197|0x000000008c500000, 0x000000008c600000, 0x000000008c600000|100%|HC|  |TAMS 0x000000008c600000, 0x000000008c500000| Complete 
| 198|0x000000008c600000, 0x000000008c700000, 0x000000008c700000|100%|HS|  |TAMS 0x000000008c600000, 0x000000008c600000| Complete 
| 199|0x000000008c700000, 0x000000008c800000, 0x000000008c800000|100%|HC|  |TAMS 0x000000008c700000, 0x000000008c700000| Complete 
| 200|0x000000008c800000, 0x000000008c900000, 0x000000008c900000|100%|HS|  |TAMS 0x000000008c800000, 0x000000008c800000| Complete 
| 201|0x000000008c900000, 0x000000008ca00000, 0x000000008ca00000|100%|HS|  |TAMS 0x000000008c900000, 0x000000008c900000| Complete 
| 202|0x000000008ca00000, 0x000000008ca00000, 0x000000008cb00000|  0%| F|  |TAMS 0x000000008ca00000, 0x000000008ca00000| Untracked 
| 203|0x000000008cb00000, 0x000000008cb00000, 0x000000008cc00000|  0%| F|  |TAMS 0x000000008cb00000, 0x000000008cb00000| Untracked 
| 204|0x000000008cc00000, 0x000000008cd00000, 0x000000008cd00000|100%| O|  |TAMS 0x000000008cd00000, 0x000000008cc00000| Untracked 
| 205|0x000000008cd00000, 0x000000008ce00000, 0x000000008ce00000|100%| O|  |TAMS 0x000000008ce00000, 0x000000008cd00000| Untracked 
| 206|0x000000008ce00000, 0x000000008cf00000, 0x000000008cf00000|100%| O|  |TAMS 0x000000008cf00000, 0x000000008ce00000| Untracked 
| 207|0x000000008cf00000, 0x000000008d000000, 0x000000008d000000|100%| O|  |TAMS 0x000000008d000000, 0x000000008cf00000| Untracked 
| 208|0x000000008d000000, 0x000000008d100000, 0x000000008d100000|100%| O|  |TAMS 0x000000008d100000, 0x000000008d000000| Untracked 
| 209|0x000000008d100000, 0x000000008d200000, 0x000000008d200000|100%| O|  |TAMS 0x000000008d200000, 0x000000008d100000| Untracked 
| 210|0x000000008d200000, 0x000000008d300000, 0x000000008d300000|100%| O|  |TAMS 0x000000008d300000, 0x000000008d200000| Untracked 
| 211|0x000000008d300000, 0x000000008d400000, 0x000000008d400000|100%| O|  |TAMS 0x000000008d400000, 0x000000008d300000| Untracked 
| 212|0x000000008d400000, 0x000000008d500000, 0x000000008d500000|100%| O|  |TAMS 0x000000008d500000, 0x000000008d400000| Untracked 
| 213|0x000000008d500000, 0x000000008d600000, 0x000000008d600000|100%| O|  |TAMS 0x000000008d600000, 0x000000008d500000| Untracked 
| 214|0x000000008d600000, 0x000000008d700000, 0x000000008d700000|100%| O|  |TAMS 0x000000008d700000, 0x000000008d600000| Untracked 
| 215|0x000000008d700000, 0x000000008d800000, 0x000000008d800000|100%| O|  |TAMS 0x000000008d800000, 0x000000008d700000| Untracked 
| 216|0x000000008d800000, 0x000000008d900000, 0x000000008d900000|100%| O|  |TAMS 0x000000008d900000, 0x000000008d800000| Untracked 
| 217|0x000000008d900000, 0x000000008da00000, 0x000000008da00000|100%| O|  |TAMS 0x000000008da00000, 0x000000008d900000| Untracked 
| 218|0x000000008da00000, 0x000000008db00000, 0x000000008db00000|100%| O|  |TAMS 0x000000008db00000, 0x000000008da00000| Untracked 
| 219|0x000000008db00000, 0x000000008dc00000, 0x000000008dc00000|100%| O|  |TAMS 0x000000008dc00000, 0x000000008db00000| Untracked 
| 220|0x000000008dc00000, 0x000000008dd00000, 0x000000008dd00000|100%| O|  |TAMS 0x000000008dd00000, 0x000000008dc00000| Untracked 
| 221|0x000000008dd00000, 0x000000008de00000, 0x000000008de00000|100%| O|  |TAMS 0x000000008de00000, 0x000000008dd00000| Untracked 
| 222|0x000000008de00000, 0x000000008df00000, 0x000000008df00000|100%| O|  |TAMS 0x000000008df00000, 0x000000008de00000| Untracked 
| 223|0x000000008df00000, 0x000000008e000000, 0x000000008e000000|100%| O|  |TAMS 0x000000008e000000, 0x000000008df00000| Untracked 
| 224|0x000000008e000000, 0x000000008e100000, 0x000000008e100000|100%| O|  |TAMS 0x000000008e100000, 0x000000008e000000| Untracked 
| 225|0x000000008e100000, 0x000000008e200000, 0x000000008e200000|100%| O|  |TAMS 0x000000008e200000, 0x000000008e100000| Untracked 
| 226|0x000000008e200000, 0x000000008e300000, 0x000000008e300000|100%| O|  |TAMS 0x000000008e300000, 0x000000008e200000| Untracked 
| 227|0x000000008e300000, 0x000000008e400000, 0x000000008e400000|100%| O|  |TAMS 0x000000008e400000, 0x000000008e300000| Untracked 
| 228|0x000000008e400000, 0x000000008e400000, 0x000000008e500000|  0%| F|  |TAMS 0x000000008e400000, 0x000000008e400000| Untracked 
| 229|0x000000008e500000, 0x000000008e600000, 0x000000008e600000|100%| O|  |TAMS 0x000000008e600000, 0x000000008e500000| Untracked 
| 230|0x000000008e600000, 0x000000008e600000, 0x000000008e700000|  0%| F|  |TAMS 0x000000008e600000, 0x000000008e600000| Untracked 
| 231|0x000000008e700000, 0x000000008e800000, 0x000000008e800000|100%| O|  |TAMS 0x000000008e800000, 0x000000008e700000| Untracked 
| 232|0x000000008e800000, 0x000000008e800000, 0x000000008e900000|  0%| F|  |TAMS 0x000000008e800000, 0x000000008e800000| Untracked 
| 233|0x000000008e900000, 0x000000008e900000, 0x000000008ea00000|  0%| F|  |TAMS 0x000000008e900000, 0x000000008e900000| Untracked 
| 234|0x000000008ea00000, 0x000000008ea00000, 0x000000008eb00000|  0%| F|  |TAMS 0x000000008ea00000, 0x000000008ea00000| Untracked 
| 235|0x000000008eb00000, 0x000000008eb00000, 0x000000008ec00000|  0%| F|  |TAMS 0x000000008eb00000, 0x000000008eb00000| Untracked 
| 236|0x000000008ec00000, 0x000000008ed00000, 0x000000008ed00000|100%| O|  |TAMS 0x000000008ed00000, 0x000000008ec00000| Untracked 
| 237|0x000000008ed00000, 0x000000008ed00000, 0x000000008ee00000|  0%| F|  |TAMS 0x000000008ed00000, 0x000000008ed00000| Untracked 
| 238|0x000000008ee00000, 0x000000008ee00000, 0x000000008ef00000|  0%| F|  |TAMS 0x000000008ee00000, 0x000000008ee00000| Untracked 
| 239|0x000000008ef00000, 0x000000008ef00000, 0x000000008f000000|  0%| F|  |TAMS 0x000000008ef00000, 0x000000008ef00000| Untracked 
| 240|0x000000008f000000, 0x000000008f000000, 0x000000008f100000|  0%| F|  |TAMS 0x000000008f000000, 0x000000008f000000| Untracked 
| 241|0x000000008f100000, 0x000000008f100000, 0x000000008f200000|  0%| F|  |TAMS 0x000000008f100000, 0x000000008f100000| Untracked 
| 242|0x000000008f200000, 0x000000008f200000, 0x000000008f300000|  0%| F|  |TAMS 0x000000008f200000, 0x000000008f200000| Untracked 
| 243|0x000000008f300000, 0x000000008f300000, 0x000000008f400000|  0%| F|  |TAMS 0x000000008f300000, 0x000000008f300000| Untracked 
| 244|0x000000008f400000, 0x000000008f400000, 0x000000008f500000|  0%| F|  |TAMS 0x000000008f400000, 0x000000008f400000| Untracked 
| 245|0x000000008f500000, 0x000000008f500000, 0x000000008f600000|  0%| F|  |TAMS 0x000000008f500000, 0x000000008f500000| Untracked 
| 246|0x000000008f600000, 0x000000008f600000, 0x000000008f700000|  0%| F|  |TAMS 0x000000008f600000, 0x000000008f600000| Untracked 
| 247|0x000000008f700000, 0x000000008f700000, 0x000000008f800000|  0%| F|  |TAMS 0x000000008f700000, 0x000000008f700000| Untracked 
| 248|0x000000008f800000, 0x000000008f800000, 0x000000008f900000|  0%| F|  |TAMS 0x000000008f800000, 0x000000008f800000| Untracked 
| 249|0x000000008f900000, 0x000000008f900000, 0x000000008fa00000|  0%| F|  |TAMS 0x000000008f900000, 0x000000008f900000| Untracked 
| 250|0x000000008fa00000, 0x000000008fa00000, 0x000000008fb00000|  0%| F|  |TAMS 0x000000008fa00000, 0x000000008fa00000| Untracked 
| 251|0x000000008fb00000, 0x000000008fb00000, 0x000000008fc00000|  0%| F|  |TAMS 0x000000008fb00000, 0x000000008fb00000| Untracked 
| 252|0x000000008fc00000, 0x000000008fc00000, 0x000000008fd00000|  0%| F|  |TAMS 0x000000008fc00000, 0x000000008fc00000| Untracked 
| 253|0x000000008fd00000, 0x000000008fd00000, 0x000000008fe00000|  0%| F|  |TAMS 0x000000008fd00000, 0x000000008fd00000| Untracked 
| 254|0x000000008fe00000, 0x000000008fe00000, 0x000000008ff00000|  0%| F|  |TAMS 0x000000008fe00000, 0x000000008fe00000| Untracked 
| 255|0x000000008ff00000, 0x000000008ff00000, 0x0000000090000000|  0%| F|  |TAMS 0x000000008ff00000, 0x000000008ff00000| Untracked 
| 256|0x0000000090000000, 0x0000000090000000, 0x0000000090100000|  0%| F|  |TAMS 0x0000000090000000, 0x0000000090000000| Untracked 
| 257|0x0000000090100000, 0x0000000090100000, 0x0000000090200000|  0%| F|  |TAMS 0x0000000090100000, 0x0000000090100000| Untracked 
| 258|0x0000000090200000, 0x0000000090200000, 0x0000000090300000|  0%| F|  |TAMS 0x0000000090200000, 0x0000000090200000| Untracked 
| 259|0x0000000090300000, 0x0000000090300000, 0x0000000090400000|  0%| F|  |TAMS 0x0000000090300000, 0x0000000090300000| Untracked 
| 260|0x0000000090400000, 0x0000000090400000, 0x0000000090500000|  0%| F|  |TAMS 0x0000000090400000, 0x0000000090400000| Untracked 
| 261|0x0000000090500000, 0x0000000090500000, 0x0000000090600000|  0%| F|  |TAMS 0x0000000090500000, 0x0000000090500000| Untracked 
| 262|0x0000000090600000, 0x0000000090600000, 0x0000000090700000|  0%| F|  |TAMS 0x0000000090600000, 0x0000000090600000| Untracked 
| 263|0x0000000090700000, 0x0000000090700000, 0x0000000090800000|  0%| F|  |TAMS 0x0000000090700000, 0x0000000090700000| Untracked 
| 264|0x0000000090800000, 0x0000000090800000, 0x0000000090900000|  0%| F|  |TAMS 0x0000000090800000, 0x0000000090800000| Untracked 
| 265|0x0000000090900000, 0x0000000090900000, 0x0000000090a00000|  0%| F|  |TAMS 0x0000000090900000, 0x0000000090900000| Untracked 
| 266|0x0000000090a00000, 0x0000000090a00000, 0x0000000090b00000|  0%| F|  |TAMS 0x0000000090a00000, 0x0000000090a00000| Untracked 
| 267|0x0000000090b00000, 0x0000000090b00000, 0x0000000090c00000|  0%| F|  |TAMS 0x0000000090b00000, 0x0000000090b00000| Untracked 
| 268|0x0000000090c00000, 0x0000000090c00000, 0x0000000090d00000|  0%| F|  |TAMS 0x0000000090c00000, 0x0000000090c00000| Untracked 
| 269|0x0000000090d00000, 0x0000000090d00000, 0x0000000090e00000|  0%| F|  |TAMS 0x0000000090d00000, 0x0000000090d00000| Untracked 
| 270|0x0000000090e00000, 0x0000000090e00000, 0x0000000090f00000|  0%| F|  |TAMS 0x0000000090e00000, 0x0000000090e00000| Untracked 
| 271|0x0000000090f00000, 0x0000000090f00000, 0x0000000091000000|  0%| F|  |TAMS 0x0000000090f00000, 0x0000000090f00000| Untracked 
| 272|0x0000000091000000, 0x0000000091000000, 0x0000000091100000|  0%| F|  |TAMS 0x0000000091000000, 0x0000000091000000| Untracked 
| 273|0x0000000091100000, 0x0000000091100000, 0x0000000091200000|  0%| F|  |TAMS 0x0000000091100000, 0x0000000091100000| Untracked 
| 274|0x0000000091200000, 0x000000009129efa0, 0x0000000091300000| 62%| S|CS|TAMS 0x0000000091200000, 0x0000000091200000| Complete 
| 275|0x0000000091300000, 0x0000000091400000, 0x0000000091400000|100%| S|CS|TAMS 0x0000000091300000, 0x0000000091300000| Complete 
| 276|0x0000000091400000, 0x0000000091500000, 0x0000000091500000|100%| S|CS|TAMS 0x0000000091400000, 0x0000000091400000| Complete 
| 277|0x0000000091500000, 0x0000000091600000, 0x0000000091600000|100%| S|CS|TAMS 0x0000000091500000, 0x0000000091500000| Complete 
| 278|0x0000000091600000, 0x0000000091700000, 0x0000000091700000|100%| S|CS|TAMS 0x0000000091600000, 0x0000000091600000| Complete 
| 279|0x0000000091700000, 0x0000000091800000, 0x0000000091800000|100%| S|CS|TAMS 0x0000000091700000, 0x0000000091700000| Complete 
| 280|0x0000000091800000, 0x0000000091900000, 0x0000000091900000|100%| S|CS|TAMS 0x0000000091800000, 0x0000000091800000| Complete 
| 281|0x0000000091900000, 0x0000000091a00000, 0x0000000091a00000|100%| S|CS|TAMS 0x0000000091900000, 0x0000000091900000| Complete 
| 282|0x0000000091a00000, 0x0000000091b00000, 0x0000000091b00000|100%| S|CS|TAMS 0x0000000091a00000, 0x0000000091a00000| Complete 
| 283|0x0000000091b00000, 0x0000000091c00000, 0x0000000091c00000|100%| S|CS|TAMS 0x0000000091b00000, 0x0000000091b00000| Complete 
| 284|0x0000000091c00000, 0x0000000091d00000, 0x0000000091d00000|100%| S|CS|TAMS 0x0000000091c00000, 0x0000000091c00000| Complete 
| 285|0x0000000091d00000, 0x0000000091e00000, 0x0000000091e00000|100%| S|CS|TAMS 0x0000000091d00000, 0x0000000091d00000| Complete 
| 286|0x0000000091e00000, 0x0000000091f00000, 0x0000000091f00000|100%| S|CS|TAMS 0x0000000091e00000, 0x0000000091e00000| Complete 
| 287|0x0000000091f00000, 0x0000000092000000, 0x0000000092000000|100%| S|CS|TAMS 0x0000000091f00000, 0x0000000091f00000| Complete 
| 288|0x0000000092000000, 0x0000000092100000, 0x0000000092100000|100%| S|CS|TAMS 0x0000000092000000, 0x0000000092000000| Complete 
| 289|0x0000000092100000, 0x0000000092200000, 0x0000000092200000|100%| S|CS|TAMS 0x0000000092100000, 0x0000000092100000| Complete 
| 290|0x0000000092200000, 0x0000000092300000, 0x0000000092300000|100%| S|CS|TAMS 0x0000000092200000, 0x0000000092200000| Complete 
| 291|0x0000000092300000, 0x0000000092400000, 0x0000000092400000|100%| S|CS|TAMS 0x0000000092300000, 0x0000000092300000| Complete 
| 292|0x0000000092400000, 0x0000000092500000, 0x0000000092500000|100%| S|CS|TAMS 0x0000000092400000, 0x0000000092400000| Complete 
| 293|0x0000000092500000, 0x0000000092600000, 0x0000000092600000|100%| S|CS|TAMS 0x0000000092500000, 0x0000000092500000| Complete 
| 294|0x0000000092600000, 0x0000000092700000, 0x0000000092700000|100%| S|CS|TAMS 0x0000000092600000, 0x0000000092600000| Complete 
| 295|0x0000000092700000, 0x0000000092800000, 0x0000000092800000|100%| S|CS|TAMS 0x0000000092700000, 0x0000000092700000| Complete 
| 296|0x0000000092800000, 0x0000000092900000, 0x0000000092900000|100%| S|CS|TAMS 0x0000000092800000, 0x0000000092800000| Complete 
| 297|0x0000000092900000, 0x0000000092a00000, 0x0000000092a00000|100%| S|CS|TAMS 0x0000000092900000, 0x0000000092900000| Complete 
| 298|0x0000000092a00000, 0x0000000092b00000, 0x0000000092b00000|100%| S|CS|TAMS 0x0000000092a00000, 0x0000000092a00000| Complete 
| 299|0x0000000092b00000, 0x0000000092c00000, 0x0000000092c00000|100%| S|CS|TAMS 0x0000000092b00000, 0x0000000092b00000| Complete 
| 300|0x0000000092c00000, 0x0000000092d00000, 0x0000000092d00000|100%| S|CS|TAMS 0x0000000092c00000, 0x0000000092c00000| Complete 
| 301|0x0000000092d00000, 0x0000000092e00000, 0x0000000092e00000|100%| S|CS|TAMS 0x0000000092d00000, 0x0000000092d00000| Complete 
| 302|0x0000000092e00000, 0x0000000092f00000, 0x0000000092f00000|100%| S|CS|TAMS 0x0000000092e00000, 0x0000000092e00000| Complete 
| 303|0x0000000092f00000, 0x0000000093000000, 0x0000000093000000|100%| S|CS|TAMS 0x0000000092f00000, 0x0000000092f00000| Complete 
| 304|0x0000000093000000, 0x0000000093000000, 0x0000000093100000|  0%| F|  |TAMS 0x0000000093000000, 0x0000000093000000| Untracked 
| 305|0x0000000093100000, 0x0000000093100000, 0x0000000093200000|  0%| F|  |TAMS 0x0000000093100000, 0x0000000093100000| Untracked 
| 306|0x0000000093200000, 0x0000000093200000, 0x0000000093300000|  0%| F|  |TAMS 0x0000000093200000, 0x0000000093200000| Untracked 
| 307|0x0000000093300000, 0x0000000093300000, 0x0000000093400000|  0%| F|  |TAMS 0x0000000093300000, 0x0000000093300000| Untracked 
| 308|0x0000000093400000, 0x0000000093400000, 0x0000000093500000|  0%| F|  |TAMS 0x0000000093400000, 0x0000000093400000| Untracked 
| 309|0x0000000093500000, 0x0000000093500000, 0x0000000093600000|  0%| F|  |TAMS 0x0000000093500000, 0x0000000093500000| Untracked 
| 310|0x0000000093600000, 0x0000000093600000, 0x0000000093700000|  0%| F|  |TAMS 0x0000000093600000, 0x0000000093600000| Untracked 
| 311|0x0000000093700000, 0x0000000093700000, 0x0000000093800000|  0%| F|  |TAMS 0x0000000093700000, 0x0000000093700000| Untracked 
| 312|0x0000000093800000, 0x0000000093800000, 0x0000000093900000|  0%| F|  |TAMS 0x0000000093800000, 0x0000000093800000| Untracked 
| 313|0x0000000093900000, 0x0000000093900000, 0x0000000093a00000|  0%| F|  |TAMS 0x0000000093900000, 0x0000000093900000| Untracked 
| 314|0x0000000093a00000, 0x0000000093a00000, 0x0000000093b00000|  0%| F|  |TAMS 0x0000000093a00000, 0x0000000093a00000| Untracked 
| 315|0x0000000093b00000, 0x0000000093b00000, 0x0000000093c00000|  0%| F|  |TAMS 0x0000000093b00000, 0x0000000093b00000| Untracked 
| 316|0x0000000093c00000, 0x0000000093c00000, 0x0000000093d00000|  0%| F|  |TAMS 0x0000000093c00000, 0x0000000093c00000| Untracked 
| 317|0x0000000093d00000, 0x0000000093d00000, 0x0000000093e00000|  0%| F|  |TAMS 0x0000000093d00000, 0x0000000093d00000| Untracked 
| 318|0x0000000093e00000, 0x0000000093e00000, 0x0000000093f00000|  0%| F|  |TAMS 0x0000000093e00000, 0x0000000093e00000| Untracked 
| 319|0x0000000093f00000, 0x0000000093f00000, 0x0000000094000000|  0%| F|  |TAMS 0x0000000093f00000, 0x0000000093f00000| Untracked 
| 320|0x0000000094000000, 0x0000000094000000, 0x0000000094100000|  0%| F|  |TAMS 0x0000000094000000, 0x0000000094000000| Untracked 
| 321|0x0000000094100000, 0x0000000094100000, 0x0000000094200000|  0%| F|  |TAMS 0x0000000094100000, 0x0000000094100000| Untracked 
| 322|0x0000000094200000, 0x0000000094200000, 0x0000000094300000|  0%| F|  |TAMS 0x0000000094200000, 0x0000000094200000| Untracked 
| 323|0x0000000094300000, 0x0000000094300000, 0x0000000094400000|  0%| F|  |TAMS 0x0000000094300000, 0x0000000094300000| Untracked 
| 324|0x0000000094400000, 0x0000000094400000, 0x0000000094500000|  0%| F|  |TAMS 0x0000000094400000, 0x0000000094400000| Untracked 
| 325|0x0000000094500000, 0x0000000094500000, 0x0000000094600000|  0%| F|  |TAMS 0x0000000094500000, 0x0000000094500000| Untracked 
| 326|0x0000000094600000, 0x0000000094600000, 0x0000000094700000|  0%| F|  |TAMS 0x0000000094600000, 0x0000000094600000| Untracked 
| 327|0x0000000094700000, 0x0000000094700000, 0x0000000094800000|  0%| F|  |TAMS 0x0000000094700000, 0x0000000094700000| Untracked 
| 328|0x0000000094800000, 0x0000000094800000, 0x0000000094900000|  0%| F|  |TAMS 0x0000000094800000, 0x0000000094800000| Untracked 
| 329|0x0000000094900000, 0x0000000094900000, 0x0000000094a00000|  0%| F|  |TAMS 0x0000000094900000, 0x0000000094900000| Untracked 
| 330|0x0000000094a00000, 0x0000000094a00000, 0x0000000094b00000|  0%| F|  |TAMS 0x0000000094a00000, 0x0000000094a00000| Untracked 
| 331|0x0000000094b00000, 0x0000000094b00000, 0x0000000094c00000|  0%| F|  |TAMS 0x0000000094b00000, 0x0000000094b00000| Untracked 
| 332|0x0000000094c00000, 0x0000000094c00000, 0x0000000094d00000|  0%| F|  |TAMS 0x0000000094c00000, 0x0000000094c00000| Untracked 
| 333|0x0000000094d00000, 0x0000000094d00000, 0x0000000094e00000|  0%| F|  |TAMS 0x0000000094d00000, 0x0000000094d00000| Untracked 
| 334|0x0000000094e00000, 0x0000000094e00000, 0x0000000094f00000|  0%| F|  |TAMS 0x0000000094e00000, 0x0000000094e00000| Untracked 
| 335|0x0000000094f00000, 0x0000000094f00000, 0x0000000095000000|  0%| F|  |TAMS 0x0000000094f00000, 0x0000000094f00000| Untracked 
| 336|0x0000000095000000, 0x0000000095000000, 0x0000000095100000|  0%| F|  |TAMS 0x0000000095000000, 0x0000000095000000| Untracked 
| 337|0x0000000095100000, 0x0000000095100000, 0x0000000095200000|  0%| F|  |TAMS 0x0000000095100000, 0x0000000095100000| Untracked 
| 338|0x0000000095200000, 0x0000000095200000, 0x0000000095300000|  0%| F|  |TAMS 0x0000000095200000, 0x0000000095200000| Untracked 
| 339|0x0000000095300000, 0x0000000095300000, 0x0000000095400000|  0%| F|  |TAMS 0x0000000095300000, 0x0000000095300000| Untracked 
| 340|0x0000000095400000, 0x0000000095400000, 0x0000000095500000|  0%| F|  |TAMS 0x0000000095400000, 0x0000000095400000| Untracked 
| 341|0x0000000095500000, 0x0000000095500000, 0x0000000095600000|  0%| F|  |TAMS 0x0000000095500000, 0x0000000095500000| Untracked 
| 342|0x0000000095600000, 0x0000000095600000, 0x0000000095700000|  0%| F|  |TAMS 0x0000000095600000, 0x0000000095600000| Untracked 
| 343|0x0000000095700000, 0x0000000095700000, 0x0000000095800000|  0%| F|  |TAMS 0x0000000095700000, 0x0000000095700000| Untracked 
| 344|0x0000000095800000, 0x0000000095800000, 0x0000000095900000|  0%| F|  |TAMS 0x0000000095800000, 0x0000000095800000| Untracked 
| 345|0x0000000095900000, 0x0000000095900000, 0x0000000095a00000|  0%| F|  |TAMS 0x0000000095900000, 0x0000000095900000| Untracked 
| 346|0x0000000095a00000, 0x0000000095a00000, 0x0000000095b00000|  0%| F|  |TAMS 0x0000000095a00000, 0x0000000095a00000| Untracked 
| 347|0x0000000095b00000, 0x0000000095b00000, 0x0000000095c00000|  0%| F|  |TAMS 0x0000000095b00000, 0x0000000095b00000| Untracked 
| 348|0x0000000095c00000, 0x0000000095c00000, 0x0000000095d00000|  0%| F|  |TAMS 0x0000000095c00000, 0x0000000095c00000| Untracked 
| 349|0x0000000095d00000, 0x0000000095d00000, 0x0000000095e00000|  0%| F|  |TAMS 0x0000000095d00000, 0x0000000095d00000| Untracked 
| 350|0x0000000095e00000, 0x0000000095e00000, 0x0000000095f00000|  0%| F|  |TAMS 0x0000000095e00000, 0x0000000095e00000| Untracked 
| 351|0x0000000095f00000, 0x0000000095f00000, 0x0000000096000000|  0%| F|  |TAMS 0x0000000095f00000, 0x0000000095f00000| Untracked 
| 352|0x0000000096000000, 0x0000000096000000, 0x0000000096100000|  0%| F|  |TAMS 0x0000000096000000, 0x0000000096000000| Untracked 
| 353|0x0000000096100000, 0x0000000096100000, 0x0000000096200000|  0%| F|  |TAMS 0x0000000096100000, 0x0000000096100000| Untracked 
| 354|0x0000000096200000, 0x0000000096200000, 0x0000000096300000|  0%| F|  |TAMS 0x0000000096200000, 0x0000000096200000| Untracked 
| 355|0x0000000096300000, 0x0000000096300000, 0x0000000096400000|  0%| F|  |TAMS 0x0000000096300000, 0x0000000096300000| Untracked 
| 356|0x0000000096400000, 0x0000000096400000, 0x0000000096500000|  0%| F|  |TAMS 0x0000000096400000, 0x0000000096400000| Untracked 
| 357|0x0000000096500000, 0x0000000096500000, 0x0000000096600000|  0%| F|  |TAMS 0x0000000096500000, 0x0000000096500000| Untracked 
| 358|0x0000000096600000, 0x0000000096600000, 0x0000000096700000|  0%| F|  |TAMS 0x0000000096600000, 0x0000000096600000| Untracked 
| 359|0x0000000096700000, 0x0000000096700000, 0x0000000096800000|  0%| F|  |TAMS 0x0000000096700000, 0x0000000096700000| Untracked 
| 360|0x0000000096800000, 0x0000000096800000, 0x0000000096900000|  0%| F|  |TAMS 0x0000000096800000, 0x0000000096800000| Untracked 
| 361|0x0000000096900000, 0x0000000096900000, 0x0000000096a00000|  0%| F|  |TAMS 0x0000000096900000, 0x0000000096900000| Untracked 
| 362|0x0000000096a00000, 0x0000000096a00000, 0x0000000096b00000|  0%| F|  |TAMS 0x0000000096a00000, 0x0000000096a00000| Untracked 
| 363|0x0000000096b00000, 0x0000000096b00000, 0x0000000096c00000|  0%| F|  |TAMS 0x0000000096b00000, 0x0000000096b00000| Untracked 
| 364|0x0000000096c00000, 0x0000000096c00000, 0x0000000096d00000|  0%| F|  |TAMS 0x0000000096c00000, 0x0000000096c00000| Untracked 
| 365|0x0000000096d00000, 0x0000000096d00000, 0x0000000096e00000|  0%| F|  |TAMS 0x0000000096d00000, 0x0000000096d00000| Untracked 
| 366|0x0000000096e00000, 0x0000000096e00000, 0x0000000096f00000|  0%| F|  |TAMS 0x0000000096e00000, 0x0000000096e00000| Untracked 
| 367|0x0000000096f00000, 0x0000000096f00000, 0x0000000097000000|  0%| F|  |TAMS 0x0000000096f00000, 0x0000000096f00000| Untracked 
| 368|0x0000000097000000, 0x0000000097000000, 0x0000000097100000|  0%| F|  |TAMS 0x0000000097000000, 0x0000000097000000| Untracked 
| 369|0x0000000097100000, 0x0000000097100000, 0x0000000097200000|  0%| F|  |TAMS 0x0000000097100000, 0x0000000097100000| Untracked 
| 370|0x0000000097200000, 0x0000000097200000, 0x0000000097300000|  0%| F|  |TAMS 0x0000000097200000, 0x0000000097200000| Untracked 
| 371|0x0000000097300000, 0x0000000097300000, 0x0000000097400000|  0%| F|  |TAMS 0x0000000097300000, 0x0000000097300000| Untracked 
| 372|0x0000000097400000, 0x0000000097400000, 0x0000000097500000|  0%| F|  |TAMS 0x0000000097400000, 0x0000000097400000| Untracked 
| 373|0x0000000097500000, 0x0000000097500000, 0x0000000097600000|  0%| F|  |TAMS 0x0000000097500000, 0x0000000097500000| Untracked 
| 374|0x0000000097600000, 0x0000000097600000, 0x0000000097700000|  0%| F|  |TAMS 0x0000000097600000, 0x0000000097600000| Untracked 
| 375|0x0000000097700000, 0x0000000097700000, 0x0000000097800000|  0%| F|  |TAMS 0x0000000097700000, 0x0000000097700000| Untracked 
| 376|0x0000000097800000, 0x0000000097800000, 0x0000000097900000|  0%| F|  |TAMS 0x0000000097800000, 0x0000000097800000| Untracked 
| 377|0x0000000097900000, 0x0000000097900000, 0x0000000097a00000|  0%| F|  |TAMS 0x0000000097900000, 0x0000000097900000| Untracked 
| 378|0x0000000097a00000, 0x0000000097a00000, 0x0000000097b00000|  0%| F|  |TAMS 0x0000000097a00000, 0x0000000097a00000| Untracked 
| 379|0x0000000097b00000, 0x0000000097b00000, 0x0000000097c00000|  0%| F|  |TAMS 0x0000000097b00000, 0x0000000097b00000| Untracked 
| 380|0x0000000097c00000, 0x0000000097c00000, 0x0000000097d00000|  0%| F|  |TAMS 0x0000000097c00000, 0x0000000097c00000| Untracked 
| 381|0x0000000097d00000, 0x0000000097d00000, 0x0000000097e00000|  0%| F|  |TAMS 0x0000000097d00000, 0x0000000097d00000| Untracked 
| 382|0x0000000097e00000, 0x0000000097e00000, 0x0000000097f00000|  0%| F|  |TAMS 0x0000000097e00000, 0x0000000097e00000| Untracked 
| 383|0x0000000097f00000, 0x0000000097f00000, 0x0000000098000000|  0%| F|  |TAMS 0x0000000097f00000, 0x0000000097f00000| Untracked 
| 384|0x0000000098000000, 0x0000000098000000, 0x0000000098100000|  0%| F|  |TAMS 0x0000000098000000, 0x0000000098000000| Untracked 
| 385|0x0000000098100000, 0x0000000098100000, 0x0000000098200000|  0%| F|  |TAMS 0x0000000098100000, 0x0000000098100000| Untracked 
| 386|0x0000000098200000, 0x0000000098200000, 0x0000000098300000|  0%| F|  |TAMS 0x0000000098200000, 0x0000000098200000| Untracked 
| 387|0x0000000098300000, 0x0000000098300000, 0x0000000098400000|  0%| F|  |TAMS 0x0000000098300000, 0x0000000098300000| Untracked 
| 388|0x0000000098400000, 0x0000000098400000, 0x0000000098500000|  0%| F|  |TAMS 0x0000000098400000, 0x0000000098400000| Untracked 
| 389|0x0000000098500000, 0x0000000098500000, 0x0000000098600000|  0%| F|  |TAMS 0x0000000098500000, 0x0000000098500000| Untracked 
| 390|0x0000000098600000, 0x0000000098600000, 0x0000000098700000|  0%| F|  |TAMS 0x0000000098600000, 0x0000000098600000| Untracked 
| 391|0x0000000098700000, 0x0000000098700000, 0x0000000098800000|  0%| F|  |TAMS 0x0000000098700000, 0x0000000098700000| Untracked 
| 392|0x0000000098800000, 0x0000000098800000, 0x0000000098900000|  0%| F|  |TAMS 0x0000000098800000, 0x0000000098800000| Untracked 
| 393|0x0000000098900000, 0x0000000098900000, 0x0000000098a00000|  0%| F|  |TAMS 0x0000000098900000, 0x0000000098900000| Untracked 
| 394|0x0000000098a00000, 0x0000000098a00000, 0x0000000098b00000|  0%| F|  |TAMS 0x0000000098a00000, 0x0000000098a00000| Untracked 
| 395|0x0000000098b00000, 0x0000000098b00000, 0x0000000098c00000|  0%| F|  |TAMS 0x0000000098b00000, 0x0000000098b00000| Untracked 
| 396|0x0000000098c00000, 0x0000000098c00000, 0x0000000098d00000|  0%| F|  |TAMS 0x0000000098c00000, 0x0000000098c00000| Untracked 
| 397|0x0000000098d00000, 0x0000000098d00000, 0x0000000098e00000|  0%| F|  |TAMS 0x0000000098d00000, 0x0000000098d00000| Untracked 
| 398|0x0000000098e00000, 0x0000000098e00000, 0x0000000098f00000|  0%| F|  |TAMS 0x0000000098e00000, 0x0000000098e00000| Untracked 
| 399|0x0000000098f00000, 0x0000000098f00000, 0x0000000099000000|  0%| F|  |TAMS 0x0000000098f00000, 0x0000000098f00000| Untracked 
| 400|0x0000000099000000, 0x0000000099000000, 0x0000000099100000|  0%| F|  |TAMS 0x0000000099000000, 0x0000000099000000| Untracked 
| 401|0x0000000099100000, 0x0000000099100000, 0x0000000099200000|  0%| F|  |TAMS 0x0000000099100000, 0x0000000099100000| Untracked 
| 402|0x0000000099200000, 0x0000000099200000, 0x0000000099300000|  0%| F|  |TAMS 0x0000000099200000, 0x0000000099200000| Untracked 
| 403|0x0000000099300000, 0x0000000099300000, 0x0000000099400000|  0%| F|  |TAMS 0x0000000099300000, 0x0000000099300000| Untracked 
| 404|0x0000000099400000, 0x0000000099400000, 0x0000000099500000|  0%| F|  |TAMS 0x0000000099400000, 0x0000000099400000| Untracked 
| 405|0x0000000099500000, 0x0000000099500000, 0x0000000099600000|  0%| F|  |TAMS 0x0000000099500000, 0x0000000099500000| Untracked 
| 406|0x0000000099600000, 0x0000000099600000, 0x0000000099700000|  0%| F|  |TAMS 0x0000000099600000, 0x0000000099600000| Untracked 
| 407|0x0000000099700000, 0x0000000099700000, 0x0000000099800000|  0%| F|  |TAMS 0x0000000099700000, 0x0000000099700000| Untracked 
| 408|0x0000000099800000, 0x0000000099800000, 0x0000000099900000|  0%| F|  |TAMS 0x0000000099800000, 0x0000000099800000| Untracked 
| 409|0x0000000099900000, 0x0000000099900000, 0x0000000099a00000|  0%| F|  |TAMS 0x0000000099900000, 0x0000000099900000| Untracked 
| 410|0x0000000099a00000, 0x0000000099a00000, 0x0000000099b00000|  0%| F|  |TAMS 0x0000000099a00000, 0x0000000099a00000| Untracked 
| 411|0x0000000099b00000, 0x0000000099b00000, 0x0000000099c00000|  0%| F|  |TAMS 0x0000000099b00000, 0x0000000099b00000| Untracked 
| 412|0x0000000099c00000, 0x0000000099c00000, 0x0000000099d00000|  0%| F|  |TAMS 0x0000000099c00000, 0x0000000099c00000| Untracked 
| 413|0x0000000099d00000, 0x0000000099d00000, 0x0000000099e00000|  0%| F|  |TAMS 0x0000000099d00000, 0x0000000099d00000| Untracked 
| 414|0x0000000099e00000, 0x0000000099e00000, 0x0000000099f00000|  0%| F|  |TAMS 0x0000000099e00000, 0x0000000099e00000| Untracked 
| 415|0x0000000099f00000, 0x0000000099f00000, 0x000000009a000000|  0%| F|  |TAMS 0x0000000099f00000, 0x0000000099f00000| Untracked 
| 416|0x000000009a000000, 0x000000009a000000, 0x000000009a100000|  0%| F|  |TAMS 0x000000009a000000, 0x000000009a000000| Untracked 
| 417|0x000000009a100000, 0x000000009a100000, 0x000000009a200000|  0%| F|  |TAMS 0x000000009a100000, 0x000000009a100000| Untracked 
| 418|0x000000009a200000, 0x000000009a200000, 0x000000009a300000|  0%| F|  |TAMS 0x000000009a200000, 0x000000009a200000| Untracked 
| 419|0x000000009a300000, 0x000000009a300000, 0x000000009a400000|  0%| F|  |TAMS 0x000000009a300000, 0x000000009a300000| Untracked 
| 420|0x000000009a400000, 0x000000009a400000, 0x000000009a500000|  0%| F|  |TAMS 0x000000009a400000, 0x000000009a400000| Untracked 
| 421|0x000000009a500000, 0x000000009a500000, 0x000000009a600000|  0%| F|  |TAMS 0x000000009a500000, 0x000000009a500000| Untracked 
| 422|0x000000009a600000, 0x000000009a600000, 0x000000009a700000|  0%| F|  |TAMS 0x000000009a600000, 0x000000009a600000| Untracked 
| 423|0x000000009a700000, 0x000000009a700000, 0x000000009a800000|  0%| F|  |TAMS 0x000000009a700000, 0x000000009a700000| Untracked 
| 424|0x000000009a800000, 0x000000009a800000, 0x000000009a900000|  0%| F|  |TAMS 0x000000009a800000, 0x000000009a800000| Untracked 
| 425|0x000000009a900000, 0x000000009a900000, 0x000000009aa00000|  0%| F|  |TAMS 0x000000009a900000, 0x000000009a900000| Untracked 
| 426|0x000000009aa00000, 0x000000009aa00000, 0x000000009ab00000|  0%| F|  |TAMS 0x000000009aa00000, 0x000000009aa00000| Untracked 
| 427|0x000000009ab00000, 0x000000009ab00000, 0x000000009ac00000|  0%| F|  |TAMS 0x000000009ab00000, 0x000000009ab00000| Untracked 
| 428|0x000000009ac00000, 0x000000009ac00000, 0x000000009ad00000|  0%| F|  |TAMS 0x000000009ac00000, 0x000000009ac00000| Untracked 
| 429|0x000000009ad00000, 0x000000009ad00000, 0x000000009ae00000|  0%| F|  |TAMS 0x000000009ad00000, 0x000000009ad00000| Untracked 
| 430|0x000000009ae00000, 0x000000009ae00000, 0x000000009af00000|  0%| F|  |TAMS 0x000000009ae00000, 0x000000009ae00000| Untracked 
| 431|0x000000009af00000, 0x000000009af00000, 0x000000009b000000|  0%| F|  |TAMS 0x000000009af00000, 0x000000009af00000| Untracked 
| 432|0x000000009b000000, 0x000000009b000000, 0x000000009b100000|  0%| F|  |TAMS 0x000000009b000000, 0x000000009b000000| Untracked 
| 433|0x000000009b100000, 0x000000009b100000, 0x000000009b200000|  0%| F|  |TAMS 0x000000009b100000, 0x000000009b100000| Untracked 
| 434|0x000000009b200000, 0x000000009b200000, 0x000000009b300000|  0%| F|  |TAMS 0x000000009b200000, 0x000000009b200000| Untracked 
| 435|0x000000009b300000, 0x000000009b300000, 0x000000009b400000|  0%| F|  |TAMS 0x000000009b300000, 0x000000009b300000| Untracked 
| 436|0x000000009b400000, 0x000000009b400000, 0x000000009b500000|  0%| F|  |TAMS 0x000000009b400000, 0x000000009b400000| Untracked 
| 437|0x000000009b500000, 0x000000009b500000, 0x000000009b600000|  0%| F|  |TAMS 0x000000009b500000, 0x000000009b500000| Untracked 
| 438|0x000000009b600000, 0x000000009b600000, 0x000000009b700000|  0%| F|  |TAMS 0x000000009b600000, 0x000000009b600000| Untracked 
| 439|0x000000009b700000, 0x000000009b700000, 0x000000009b800000|  0%| F|  |TAMS 0x000000009b700000, 0x000000009b700000| Untracked 
| 440|0x000000009b800000, 0x000000009b800000, 0x000000009b900000|  0%| F|  |TAMS 0x000000009b800000, 0x000000009b800000| Untracked 
| 441|0x000000009b900000, 0x000000009b900000, 0x000000009ba00000|  0%| F|  |TAMS 0x000000009b900000, 0x000000009b900000| Untracked 
| 442|0x000000009ba00000, 0x000000009ba00000, 0x000000009bb00000|  0%| F|  |TAMS 0x000000009ba00000, 0x000000009ba00000| Untracked 
| 443|0x000000009bb00000, 0x000000009bb00000, 0x000000009bc00000|  0%| F|  |TAMS 0x000000009bb00000, 0x000000009bb00000| Untracked 
| 444|0x000000009bc00000, 0x000000009bc00000, 0x000000009bd00000|  0%| F|  |TAMS 0x000000009bc00000, 0x000000009bc00000| Untracked 
| 445|0x000000009bd00000, 0x000000009bd00000, 0x000000009be00000|  0%| F|  |TAMS 0x000000009bd00000, 0x000000009bd00000| Untracked 
| 446|0x000000009be00000, 0x000000009be00000, 0x000000009bf00000|  0%| F|  |TAMS 0x000000009be00000, 0x000000009be00000| Untracked 
| 447|0x000000009bf00000, 0x000000009bf00000, 0x000000009c000000|  0%| F|  |TAMS 0x000000009bf00000, 0x000000009bf00000| Untracked 
| 448|0x000000009c000000, 0x000000009c000000, 0x000000009c100000|  0%| F|  |TAMS 0x000000009c000000, 0x000000009c000000| Untracked 
| 449|0x000000009c100000, 0x000000009c100000, 0x000000009c200000|  0%| F|  |TAMS 0x000000009c100000, 0x000000009c100000| Untracked 
| 450|0x000000009c200000, 0x000000009c200000, 0x000000009c300000|  0%| F|  |TAMS 0x000000009c200000, 0x000000009c200000| Untracked 
| 451|0x000000009c300000, 0x000000009c300000, 0x000000009c400000|  0%| F|  |TAMS 0x000000009c300000, 0x000000009c300000| Untracked 
| 452|0x000000009c400000, 0x000000009c400000, 0x000000009c500000|  0%| F|  |TAMS 0x000000009c400000, 0x000000009c400000| Untracked 
| 453|0x000000009c500000, 0x000000009c500000, 0x000000009c600000|  0%| F|  |TAMS 0x000000009c500000, 0x000000009c500000| Untracked 
| 454|0x000000009c600000, 0x000000009c600000, 0x000000009c700000|  0%| F|  |TAMS 0x000000009c600000, 0x000000009c600000| Untracked 
| 455|0x000000009c700000, 0x000000009c700000, 0x000000009c800000|  0%| F|  |TAMS 0x000000009c700000, 0x000000009c700000| Untracked 
| 456|0x000000009c800000, 0x000000009c800000, 0x000000009c900000|  0%| F|  |TAMS 0x000000009c800000, 0x000000009c800000| Untracked 
| 457|0x000000009c900000, 0x000000009c900000, 0x000000009ca00000|  0%| F|  |TAMS 0x000000009c900000, 0x000000009c900000| Untracked 
| 458|0x000000009ca00000, 0x000000009ca00000, 0x000000009cb00000|  0%| F|  |TAMS 0x000000009ca00000, 0x000000009ca00000| Untracked 
| 459|0x000000009cb00000, 0x000000009cb00000, 0x000000009cc00000|  0%| F|  |TAMS 0x000000009cb00000, 0x000000009cb00000| Untracked 
| 460|0x000000009cc00000, 0x000000009cc00000, 0x000000009cd00000|  0%| F|  |TAMS 0x000000009cc00000, 0x000000009cc00000| Untracked 
| 461|0x000000009cd00000, 0x000000009cd00000, 0x000000009ce00000|  0%| F|  |TAMS 0x000000009cd00000, 0x000000009cd00000| Untracked 
| 462|0x000000009ce00000, 0x000000009ce00000, 0x000000009cf00000|  0%| F|  |TAMS 0x000000009ce00000, 0x000000009ce00000| Untracked 
| 463|0x000000009cf00000, 0x000000009cf00000, 0x000000009d000000|  0%| F|  |TAMS 0x000000009cf00000, 0x000000009cf00000| Untracked 
| 464|0x000000009d000000, 0x000000009d000000, 0x000000009d100000|  0%| F|  |TAMS 0x000000009d000000, 0x000000009d000000| Untracked 
| 465|0x000000009d100000, 0x000000009d100000, 0x000000009d200000|  0%| F|  |TAMS 0x000000009d100000, 0x000000009d100000| Untracked 
| 466|0x000000009d200000, 0x000000009d200000, 0x000000009d300000|  0%| F|  |TAMS 0x000000009d200000, 0x000000009d200000| Untracked 
| 467|0x000000009d300000, 0x000000009d300000, 0x000000009d400000|  0%| F|  |TAMS 0x000000009d300000, 0x000000009d300000| Untracked 
| 468|0x000000009d400000, 0x000000009d400000, 0x000000009d500000|  0%| F|  |TAMS 0x000000009d400000, 0x000000009d400000| Untracked 
| 469|0x000000009d500000, 0x000000009d580000, 0x000000009d600000| 50%| E|  |TAMS 0x000000009d500000, 0x000000009d500000| Complete 
| 470|0x000000009d600000, 0x000000009d700000, 0x000000009d700000|100%| E|CS|TAMS 0x000000009d600000, 0x000000009d600000| Complete 
| 471|0x000000009d700000, 0x000000009d800000, 0x000000009d800000|100%| E|CS|TAMS 0x000000009d700000, 0x000000009d700000| Complete 
| 472|0x000000009d800000, 0x000000009d900000, 0x000000009d900000|100%| E|CS|TAMS 0x000000009d800000, 0x000000009d800000| Complete 
| 473|0x000000009d900000, 0x000000009da00000, 0x000000009da00000|100%| E|CS|TAMS 0x000000009d900000, 0x000000009d900000| Complete 
| 474|0x000000009da00000, 0x000000009db00000, 0x000000009db00000|100%| E|CS|TAMS 0x000000009da00000, 0x000000009da00000| Complete 
| 475|0x000000009db00000, 0x000000009dc00000, 0x000000009dc00000|100%| E|CS|TAMS 0x000000009db00000, 0x000000009db00000| Complete 
| 476|0x000000009dc00000, 0x000000009dd00000, 0x000000009dd00000|100%| E|CS|TAMS 0x000000009dc00000, 0x000000009dc00000| Complete 
| 477|0x000000009dd00000, 0x000000009de00000, 0x000000009de00000|100%| E|CS|TAMS 0x000000009dd00000, 0x000000009dd00000| Complete 
| 478|0x000000009de00000, 0x000000009df00000, 0x000000009df00000|100%| E|CS|TAMS 0x000000009de00000, 0x000000009de00000| Complete 
| 479|0x000000009df00000, 0x000000009e000000, 0x000000009e000000|100%| E|CS|TAMS 0x000000009df00000, 0x000000009df00000| Complete 
| 480|0x000000009e000000, 0x000000009e100000, 0x000000009e100000|100%| E|CS|TAMS 0x000000009e000000, 0x000000009e000000| Complete 
| 481|0x000000009e100000, 0x000000009e200000, 0x000000009e200000|100%| E|CS|TAMS 0x000000009e100000, 0x000000009e100000| Complete 
| 482|0x000000009e200000, 0x000000009e300000, 0x000000009e300000|100%| E|CS|TAMS 0x000000009e200000, 0x000000009e200000| Complete 
| 483|0x000000009e300000, 0x000000009e400000, 0x000000009e400000|100%| E|CS|TAMS 0x000000009e300000, 0x000000009e300000| Complete 
| 484|0x000000009e400000, 0x000000009e500000, 0x000000009e500000|100%| E|CS|TAMS 0x000000009e400000, 0x000000009e400000| Complete 
| 485|0x000000009e500000, 0x000000009e600000, 0x000000009e600000|100%| E|CS|TAMS 0x000000009e500000, 0x000000009e500000| Complete 
| 486|0x000000009e600000, 0x000000009e700000, 0x000000009e700000|100%| E|CS|TAMS 0x000000009e600000, 0x000000009e600000| Complete 
| 487|0x000000009e700000, 0x000000009e800000, 0x000000009e800000|100%| E|CS|TAMS 0x000000009e700000, 0x000000009e700000| Complete 
| 488|0x000000009e800000, 0x000000009e900000, 0x000000009e900000|100%| E|CS|TAMS 0x000000009e800000, 0x000000009e800000| Complete 
| 489|0x000000009e900000, 0x000000009ea00000, 0x000000009ea00000|100%| E|CS|TAMS 0x000000009e900000, 0x000000009e900000| Complete 
| 490|0x000000009ea00000, 0x000000009eb00000, 0x000000009eb00000|100%| E|CS|TAMS 0x000000009ea00000, 0x000000009ea00000| Complete 
| 491|0x000000009eb00000, 0x000000009ec00000, 0x000000009ec00000|100%| E|CS|TAMS 0x000000009eb00000, 0x000000009eb00000| Complete 
| 492|0x000000009ec00000, 0x000000009ed00000, 0x000000009ed00000|100%| E|CS|TAMS 0x000000009ec00000, 0x000000009ec00000| Complete 
| 493|0x000000009ed00000, 0x000000009ee00000, 0x000000009ee00000|100%| E|CS|TAMS 0x000000009ed00000, 0x000000009ed00000| Complete 
| 494|0x000000009ee00000, 0x000000009ef00000, 0x000000009ef00000|100%| E|CS|TAMS 0x000000009ee00000, 0x000000009ee00000| Complete 
| 495|0x000000009ef00000, 0x000000009f000000, 0x000000009f000000|100%| E|CS|TAMS 0x000000009ef00000, 0x000000009ef00000| Complete 
| 496|0x000000009f000000, 0x000000009f100000, 0x000000009f100000|100%| E|CS|TAMS 0x000000009f000000, 0x000000009f000000| Complete 
| 497|0x000000009f100000, 0x000000009f200000, 0x000000009f200000|100%| E|CS|TAMS 0x000000009f100000, 0x000000009f100000| Complete 
| 498|0x000000009f200000, 0x000000009f300000, 0x000000009f300000|100%| E|CS|TAMS 0x000000009f200000, 0x000000009f200000| Complete 
| 499|0x000000009f300000, 0x000000009f400000, 0x000000009f400000|100%| E|CS|TAMS 0x000000009f300000, 0x000000009f300000| Complete 
| 500|0x000000009f400000, 0x000000009f500000, 0x000000009f500000|100%| E|CS|TAMS 0x000000009f400000, 0x000000009f400000| Complete 
| 501|0x000000009f500000, 0x000000009f600000, 0x000000009f600000|100%| E|CS|TAMS 0x000000009f500000, 0x000000009f500000| Complete 
| 502|0x000000009f600000, 0x000000009f700000, 0x000000009f700000|100%| E|CS|TAMS 0x000000009f600000, 0x000000009f600000| Complete 
| 503|0x000000009f700000, 0x000000009f800000, 0x000000009f800000|100%| E|CS|TAMS 0x000000009f700000, 0x000000009f700000| Complete 
| 504|0x000000009f800000, 0x000000009f900000, 0x000000009f900000|100%| E|CS|TAMS 0x000000009f800000, 0x000000009f800000| Complete 
| 505|0x000000009f900000, 0x000000009fa00000, 0x000000009fa00000|100%| E|CS|TAMS 0x000000009f900000, 0x000000009f900000| Complete 
| 506|0x000000009fa00000, 0x000000009fb00000, 0x000000009fb00000|100%| E|CS|TAMS 0x000000009fa00000, 0x000000009fa00000| Complete 
| 507|0x000000009fb00000, 0x000000009fc00000, 0x000000009fc00000|100%| E|CS|TAMS 0x000000009fb00000, 0x000000009fb00000| Complete 
| 508|0x000000009fc00000, 0x000000009fd00000, 0x000000009fd00000|100%| E|CS|TAMS 0x000000009fc00000, 0x000000009fc00000| Complete 
| 509|0x000000009fd00000, 0x000000009fe00000, 0x000000009fe00000|100%| E|CS|TAMS 0x000000009fd00000, 0x000000009fd00000| Complete 
| 510|0x000000009fe00000, 0x000000009ff00000, 0x000000009ff00000|100%| E|CS|TAMS 0x000000009fe00000, 0x000000009fe00000| Complete 
| 511|0x000000009ff00000, 0x00000000a0000000, 0x00000000a0000000|100%| E|CS|TAMS 0x000000009ff00000, 0x000000009ff00000| Complete 
| 512|0x00000000a0000000, 0x00000000a0100000, 0x00000000a0100000|100%| E|CS|TAMS 0x00000000a0000000, 0x00000000a0000000| Complete 
| 513|0x00000000a0100000, 0x00000000a0200000, 0x00000000a0200000|100%| E|CS|TAMS 0x00000000a0100000, 0x00000000a0100000| Complete 
| 514|0x00000000a0200000, 0x00000000a0300000, 0x00000000a0300000|100%| E|CS|TAMS 0x00000000a0200000, 0x00000000a0200000| Complete 
| 515|0x00000000a0300000, 0x00000000a0400000, 0x00000000a0400000|100%| E|CS|TAMS 0x00000000a0300000, 0x00000000a0300000| Complete 
| 516|0x00000000a0400000, 0x00000000a0500000, 0x00000000a0500000|100%| E|CS|TAMS 0x00000000a0400000, 0x00000000a0400000| Complete 
| 517|0x00000000a0500000, 0x00000000a0600000, 0x00000000a0600000|100%| E|CS|TAMS 0x00000000a0500000, 0x00000000a0500000| Complete 
| 518|0x00000000a0600000, 0x00000000a0700000, 0x00000000a0700000|100%| E|CS|TAMS 0x00000000a0600000, 0x00000000a0600000| Complete 
| 519|0x00000000a0700000, 0x00000000a0800000, 0x00000000a0800000|100%| E|CS|TAMS 0x00000000a0700000, 0x00000000a0700000| Complete 
| 520|0x00000000a0800000, 0x00000000a0900000, 0x00000000a0900000|100%| E|CS|TAMS 0x00000000a0800000, 0x00000000a0800000| Complete 
| 521|0x00000000a0900000, 0x00000000a0a00000, 0x00000000a0a00000|100%| E|CS|TAMS 0x00000000a0900000, 0x00000000a0900000| Complete 
| 522|0x00000000a0a00000, 0x00000000a0b00000, 0x00000000a0b00000|100%| E|CS|TAMS 0x00000000a0a00000, 0x00000000a0a00000| Complete 
| 523|0x00000000a0b00000, 0x00000000a0c00000, 0x00000000a0c00000|100%| E|CS|TAMS 0x00000000a0b00000, 0x00000000a0b00000| Complete 
| 524|0x00000000a0c00000, 0x00000000a0d00000, 0x00000000a0d00000|100%| E|CS|TAMS 0x00000000a0c00000, 0x00000000a0c00000| Complete 
| 525|0x00000000a0d00000, 0x00000000a0e00000, 0x00000000a0e00000|100%| E|CS|TAMS 0x00000000a0d00000, 0x00000000a0d00000| Complete 
| 526|0x00000000a0e00000, 0x00000000a0f00000, 0x00000000a0f00000|100%| E|CS|TAMS 0x00000000a0e00000, 0x00000000a0e00000| Complete 
| 527|0x00000000a0f00000, 0x00000000a1000000, 0x00000000a1000000|100%| E|CS|TAMS 0x00000000a0f00000, 0x00000000a0f00000| Complete 
| 528|0x00000000a1000000, 0x00000000a1100000, 0x00000000a1100000|100%| E|CS|TAMS 0x00000000a1000000, 0x00000000a1000000| Complete 
| 529|0x00000000a1100000, 0x00000000a1200000, 0x00000000a1200000|100%| E|CS|TAMS 0x00000000a1100000, 0x00000000a1100000| Complete 
| 530|0x00000000a1200000, 0x00000000a1300000, 0x00000000a1300000|100%| E|CS|TAMS 0x00000000a1200000, 0x00000000a1200000| Complete 
| 531|0x00000000a1300000, 0x00000000a1400000, 0x00000000a1400000|100%| E|CS|TAMS 0x00000000a1300000, 0x00000000a1300000| Complete 
| 532|0x00000000a1400000, 0x00000000a1500000, 0x00000000a1500000|100%| E|CS|TAMS 0x00000000a1400000, 0x00000000a1400000| Complete 
| 533|0x00000000a1500000, 0x00000000a1600000, 0x00000000a1600000|100%| E|CS|TAMS 0x00000000a1500000, 0x00000000a1500000| Complete 
| 534|0x00000000a1600000, 0x00000000a1700000, 0x00000000a1700000|100%| E|CS|TAMS 0x00000000a1600000, 0x00000000a1600000| Complete 
| 535|0x00000000a1700000, 0x00000000a1800000, 0x00000000a1800000|100%| E|CS|TAMS 0x00000000a1700000, 0x00000000a1700000| Complete 
| 536|0x00000000a1800000, 0x00000000a1900000, 0x00000000a1900000|100%| E|CS|TAMS 0x00000000a1800000, 0x00000000a1800000| Complete 
| 537|0x00000000a1900000, 0x00000000a1a00000, 0x00000000a1a00000|100%| E|CS|TAMS 0x00000000a1900000, 0x00000000a1900000| Complete 
| 538|0x00000000a1a00000, 0x00000000a1b00000, 0x00000000a1b00000|100%| E|CS|TAMS 0x00000000a1a00000, 0x00000000a1a00000| Complete 
| 539|0x00000000a1b00000, 0x00000000a1c00000, 0x00000000a1c00000|100%| E|CS|TAMS 0x00000000a1b00000, 0x00000000a1b00000| Complete 
| 540|0x00000000a1c00000, 0x00000000a1d00000, 0x00000000a1d00000|100%| E|CS|TAMS 0x00000000a1c00000, 0x00000000a1c00000| Complete 
| 541|0x00000000a1d00000, 0x00000000a1e00000, 0x00000000a1e00000|100%| E|CS|TAMS 0x00000000a1d00000, 0x00000000a1d00000| Complete 
| 542|0x00000000a1e00000, 0x00000000a1f00000, 0x00000000a1f00000|100%| E|CS|TAMS 0x00000000a1e00000, 0x00000000a1e00000| Complete 
| 543|0x00000000a1f00000, 0x00000000a2000000, 0x00000000a2000000|100%| E|CS|TAMS 0x00000000a1f00000, 0x00000000a1f00000| Complete 
| 544|0x00000000a2000000, 0x00000000a2100000, 0x00000000a2100000|100%| E|CS|TAMS 0x00000000a2000000, 0x00000000a2000000| Complete 
| 545|0x00000000a2100000, 0x00000000a2200000, 0x00000000a2200000|100%| E|CS|TAMS 0x00000000a2100000, 0x00000000a2100000| Complete 
| 546|0x00000000a2200000, 0x00000000a2300000, 0x00000000a2300000|100%| E|CS|TAMS 0x00000000a2200000, 0x00000000a2200000| Complete 
| 547|0x00000000a2300000, 0x00000000a2400000, 0x00000000a2400000|100%| E|CS|TAMS 0x00000000a2300000, 0x00000000a2300000| Complete 
| 548|0x00000000a2400000, 0x00000000a2500000, 0x00000000a2500000|100%| E|CS|TAMS 0x00000000a2400000, 0x00000000a2400000| Complete 
| 549|0x00000000a2500000, 0x00000000a2600000, 0x00000000a2600000|100%| E|CS|TAMS 0x00000000a2500000, 0x00000000a2500000| Complete 
| 550|0x00000000a2600000, 0x00000000a2700000, 0x00000000a2700000|100%| E|CS|TAMS 0x00000000a2600000, 0x00000000a2600000| Complete 
| 551|0x00000000a2700000, 0x00000000a2800000, 0x00000000a2800000|100%| E|CS|TAMS 0x00000000a2700000, 0x00000000a2700000| Complete 
| 552|0x00000000a2800000, 0x00000000a2900000, 0x00000000a2900000|100%| E|CS|TAMS 0x00000000a2800000, 0x00000000a2800000| Complete 
| 553|0x00000000a2900000, 0x00000000a2a00000, 0x00000000a2a00000|100%| E|CS|TAMS 0x00000000a2900000, 0x00000000a2900000| Complete 
| 554|0x00000000a2a00000, 0x00000000a2b00000, 0x00000000a2b00000|100%| E|CS|TAMS 0x00000000a2a00000, 0x00000000a2a00000| Complete 
| 555|0x00000000a2b00000, 0x00000000a2c00000, 0x00000000a2c00000|100%| E|CS|TAMS 0x00000000a2b00000, 0x00000000a2b00000| Complete 
| 556|0x00000000a2c00000, 0x00000000a2d00000, 0x00000000a2d00000|100%| E|CS|TAMS 0x00000000a2c00000, 0x00000000a2c00000| Complete 
| 557|0x00000000a2d00000, 0x00000000a2e00000, 0x00000000a2e00000|100%| E|CS|TAMS 0x00000000a2d00000, 0x00000000a2d00000| Complete 
| 558|0x00000000a2e00000, 0x00000000a2f00000, 0x00000000a2f00000|100%| E|CS|TAMS 0x00000000a2e00000, 0x00000000a2e00000| Complete 
| 559|0x00000000a2f00000, 0x00000000a3000000, 0x00000000a3000000|100%| E|CS|TAMS 0x00000000a2f00000, 0x00000000a2f00000| Complete 
| 560|0x00000000a3000000, 0x00000000a3100000, 0x00000000a3100000|100%| E|CS|TAMS 0x00000000a3000000, 0x00000000a3000000| Complete 
| 561|0x00000000a3100000, 0x00000000a3200000, 0x00000000a3200000|100%| E|CS|TAMS 0x00000000a3100000, 0x00000000a3100000| Complete 
| 562|0x00000000a3200000, 0x00000000a3300000, 0x00000000a3300000|100%| E|CS|TAMS 0x00000000a3200000, 0x00000000a3200000| Complete 
| 563|0x00000000a3300000, 0x00000000a3400000, 0x00000000a3400000|100%| E|CS|TAMS 0x00000000a3300000, 0x00000000a3300000| Complete 
| 564|0x00000000a3400000, 0x00000000a3500000, 0x00000000a3500000|100%| E|CS|TAMS 0x00000000a3400000, 0x00000000a3400000| Complete 
| 565|0x00000000a3500000, 0x00000000a3600000, 0x00000000a3600000|100%| E|CS|TAMS 0x00000000a3500000, 0x00000000a3500000| Complete 
| 566|0x00000000a3600000, 0x00000000a3700000, 0x00000000a3700000|100%| E|CS|TAMS 0x00000000a3600000, 0x00000000a3600000| Complete 
| 567|0x00000000a3700000, 0x00000000a3800000, 0x00000000a3800000|100%| E|CS|TAMS 0x00000000a3700000, 0x00000000a3700000| Complete 
| 568|0x00000000a3800000, 0x00000000a3900000, 0x00000000a3900000|100%| E|CS|TAMS 0x00000000a3800000, 0x00000000a3800000| Complete 
| 569|0x00000000a3900000, 0x00000000a3a00000, 0x00000000a3a00000|100%| E|CS|TAMS 0x00000000a3900000, 0x00000000a3900000| Complete 
| 570|0x00000000a3a00000, 0x00000000a3b00000, 0x00000000a3b00000|100%| E|CS|TAMS 0x00000000a3a00000, 0x00000000a3a00000| Complete 
| 571|0x00000000a3b00000, 0x00000000a3c00000, 0x00000000a3c00000|100%| E|CS|TAMS 0x00000000a3b00000, 0x00000000a3b00000| Complete 
| 572|0x00000000a3c00000, 0x00000000a3d00000, 0x00000000a3d00000|100%| E|CS|TAMS 0x00000000a3c00000, 0x00000000a3c00000| Complete 
| 573|0x00000000a3d00000, 0x00000000a3e00000, 0x00000000a3e00000|100%| E|CS|TAMS 0x00000000a3d00000, 0x00000000a3d00000| Complete 
| 574|0x00000000a3e00000, 0x00000000a3f00000, 0x00000000a3f00000|100%| E|CS|TAMS 0x00000000a3e00000, 0x00000000a3e00000| Complete 
| 575|0x00000000a3f00000, 0x00000000a4000000, 0x00000000a4000000|100%| E|CS|TAMS 0x00000000a3f00000, 0x00000000a3f00000| Complete 
| 576|0x00000000a4000000, 0x00000000a4100000, 0x00000000a4100000|100%| E|CS|TAMS 0x00000000a4000000, 0x00000000a4000000| Complete 
| 577|0x00000000a4100000, 0x00000000a4200000, 0x00000000a4200000|100%| E|CS|TAMS 0x00000000a4100000, 0x00000000a4100000| Complete 
| 578|0x00000000a4200000, 0x00000000a4300000, 0x00000000a4300000|100%| E|CS|TAMS 0x00000000a4200000, 0x00000000a4200000| Complete 
| 579|0x00000000a4300000, 0x00000000a4400000, 0x00000000a4400000|100%| E|CS|TAMS 0x00000000a4300000, 0x00000000a4300000| Complete 
| 580|0x00000000a4400000, 0x00000000a4500000, 0x00000000a4500000|100%| E|CS|TAMS 0x00000000a4400000, 0x00000000a4400000| Complete 
| 581|0x00000000a4500000, 0x00000000a4600000, 0x00000000a4600000|100%| E|CS|TAMS 0x00000000a4500000, 0x00000000a4500000| Complete 
| 582|0x00000000a4600000, 0x00000000a4700000, 0x00000000a4700000|100%| E|CS|TAMS 0x00000000a4600000, 0x00000000a4600000| Complete 
| 583|0x00000000a4700000, 0x00000000a4800000, 0x00000000a4800000|100%| E|CS|TAMS 0x00000000a4700000, 0x00000000a4700000| Complete 
| 584|0x00000000a4800000, 0x00000000a4900000, 0x00000000a4900000|100%| E|CS|TAMS 0x00000000a4800000, 0x00000000a4800000| Complete 
| 585|0x00000000a4900000, 0x00000000a4a00000, 0x00000000a4a00000|100%| E|CS|TAMS 0x00000000a4900000, 0x00000000a4900000| Complete 
| 586|0x00000000a4a00000, 0x00000000a4b00000, 0x00000000a4b00000|100%| E|CS|TAMS 0x00000000a4a00000, 0x00000000a4a00000| Complete 

Card table byte_map: [0x000002c469e50000,0x000002c46a250000] _byte_map_base: 0x000002c469a50000

Marking Bits (Prev, Next): (CMBitMap*) 0x000002c4526a4760, (CMBitMap*) 0x000002c4526a4720
 Prev Bits: [0x000002c46c650000, 0x000002c46e650000)
 Next Bits: [0x000002c46a650000, 0x000002c46c650000)

Polling page: 0x000002c4503e0000

Metaspace:

Usage:
  Non-class:    205.84 MB used.
      Class:     30.34 MB used.
       Both:    236.19 MB used.

Virtual space:
  Non-class space:      256.00 MB reserved,     206.81 MB ( 81%) committed,  4 nodes.
      Class space:        1.00 GB reserved,      31.25 MB (  3%) committed,  1 nodes.
             Both:        1.25 GB reserved,     238.06 MB ( 19%) committed. 

Chunk freelists:
   Non-Class:  304.00 KB
       Class:  785.00 KB
        Both:  1.06 MB

MaxMetaspaceSize: unlimited
CompressedClassSpaceSize: 1.00 GB
Initial GC threshold: 21.00 MB
Current GC threshold: 337.31 MB
CDS: on
MetaspaceReclaimPolicy: balanced
 - commit_granule_bytes: 65536.
 - commit_granule_words: 8192.
 - virtual_space_node_default_size: 8388608.
 - enlarge_chunks_in_place: 1.
 - new_chunks_are_fully_committed: 0.
 - uncommit_free_chunks: 1.
 - use_allocation_guard: 0.
 - handle_deallocations: 1.


Internal statistics:

num_allocs_failed_limit: 9.
num_arena_births: 3332.
num_arena_deaths: 154.
num_vsnodes_births: 5.
num_vsnodes_deaths: 0.
num_space_committed: 3806.
num_space_uncommitted: 0.
num_chunks_returned_to_freelist: 267.
num_chunks_taken_from_freelist: 14438.
num_chunk_merges: 52.
num_chunk_splits: 9171.
num_chunks_enlarged: 5636.
num_inconsistent_stats: 0.

CodeHeap 'non-profiled nmethods': size=119168Kb used=18476Kb max_used=18476Kb free=100691Kb
 bounds [0x000002c461d70000, 0x000002c462f80000, 0x000002c4691d0000]
CodeHeap 'profiled nmethods': size=119104Kb used=66012Kb max_used=66012Kb free=53092Kb
 bounds [0x000002c45a1d0000, 0x000002c45e250000, 0x000002c461620000]
CodeHeap 'non-nmethods': size=7488Kb used=3792Kb max_used=3874Kb free=3695Kb
 bounds [0x000002c461620000, 0x000002c4619f0000, 0x000002c461d70000]
 total_blobs=30590 nmethods=29337 adapters=1159
 compilation: enabled
              stopped_count=0, restarted_count=0
 full_count=0

Compilation events (20 events):
Event: 25.532 Thread 0x000002c471728120 35256       3       org.jetbrains.kotlin.analysis.api.fir.symbols.KaFirNamedClassSymbolBase::<init> (5 bytes)
Event: 25.532 Thread 0x000002c478bd15e0 35257       3       org.jetbrains.kotlin.analysis.api.symbols.KaClassLikeSymbol::<init> (6 bytes)
Event: 25.532 Thread 0x000002c478bd15e0 nmethod 35257 0x000002c45e1a1b90 code [0x000002c45e1a1d40, 0x000002c45e1a1f78]
Event: 25.532 Thread 0x000002c478bd15e0 35258       3       org.jetbrains.kotlin.analysis.low.level.api.fir.api.LowLevelFirApiFacadeKt::resolveToFirSymbol (25 bytes)
Event: 25.532 Thread 0x000002c47b9a7280 35259       3       org.jetbrains.kotlin.analysis.low.level.api.fir.api.LLResolutionFacade::resolveToFirSymbol$low_level_api_fir (122 bytes)
Event: 25.533 Thread 0x000002c471728120 nmethod 35256 0x000002c45e1a2090 code [0x000002c45e1a2280, 0x000002c45e1a26d8]
Event: 25.533 Thread 0x000002c471728120 35262       3       org.jetbrains.kotlin.analysis.low.level.api.fir.api.LLResolutionFacade::getModuleResolutionStrategy (11 bytes)
Event: 25.533 Thread 0x000002c471728120 nmethod 35262 0x000002c45e1a2910 code [0x000002c45e1a2ac0, 0x000002c45e1a2c48]
Event: 25.533 Thread 0x000002c471728120 35263       3       org.jetbrains.kotlin.analysis.low.level.api.fir.LLSourceModuleResolutionStrategyProvider::getKind (59 bytes)
Event: 25.533 Thread 0x000002c478bd15e0 nmethod 35258 0x000002c45e1a2d90 code [0x000002c45e1a30a0, 0x000002c45e1a3fa8]
Event: 25.533 Thread 0x000002c478bd15e0 35267       3       org.jetbrains.kotlin.analysis.api.fir.components.KaFirJavaInteroperabilityComponent::isPrimitiveBacked (508 bytes)
Event: 25.533 Thread 0x000002c471728120 nmethod 35263 0x000002c45e1a4510 code [0x000002c45e1a4780, 0x000002c45e1a5278]
Event: 25.533 Thread 0x000002c471728120 35260       3       org.jetbrains.kotlin.analysis.low.level.api.fir.api.LLResolutionFacade::findSourceFirSymbol (360 bytes)
Event: 25.534 Thread 0x000002c47a438f80 nmethod 35255 0x000002c45e1a5510 code [0x000002c45e1a5960, 0x000002c45e1a7c68]
Event: 25.534 Thread 0x000002c47a438f80 35261       3       org.jetbrains.kotlin.analysis.low.level.api.fir.util.DeclarationUtilsKt::getOriginalDeclaration (25 bytes)
Event: 25.534 Thread 0x000002c44e3fadf0 35270       4       com.intellij.psi.impl.source.tree.SharedImplUtil::getParent (38 bytes)
Event: 25.535 Thread 0x000002c47a438f80 nmethod 35261 0x000002c45e1ac810 code [0x000002c45e1acb60, 0x000002c45e1adda8]
Event: 25.535 Thread 0x000002c47a438f80 35271       3       org.jetbrains.kotlin.light.classes.symbol.annotations.GranularAnnotationsBox::getOrComputeCachedAnnotations (332 bytes)
Event: 25.535 Thread 0x000002c47b9a7280 nmethod 35259 0x000002c45e1a8690 code [0x000002c45e1a8ca0, 0x000002c45e1ab748]
Event: 25.536 Thread 0x000002c47b9a7280 35269       3       kotlin.sequences.SequencesKt___SequencesKt::filterNotNull (23 bytes)

GC Heap History (20 events):
Event: 20.958 GC heap before
{Heap before GC invocations=66 (full 0):
 garbage-first heap   total 438272K, used 364985K [0x0000000080000000, 0x0000000100000000)
  region size 1024K, 128 young (131072K), 2 survivors (2048K)
 Metaspace       used 199903K, committed 201792K, reserved 1245184K
  class space    used 26245K, committed 27136K, reserved 1048576K
}
Event: 20.960 GC heap after
{Heap after GC invocations=67 (full 0):
 garbage-first heap   total 438272K, used 236159K [0x0000000080000000, 0x0000000100000000)
  region size 1024K, 2 young (2048K), 2 survivors (2048K)
 Metaspace       used 199903K, committed 201792K, reserved 1245184K
  class space    used 26245K, committed 27136K, reserved 1048576K
}
Event: 21.078 GC heap before
{Heap before GC invocations=67 (full 0):
 garbage-first heap   total 601088K, used 370303K [0x0000000080000000, 0x0000000100000000)
  region size 1024K, 133 young (136192K), 2 survivors (2048K)
 Metaspace       used 199906K, committed 201792K, reserved 1245184K
  class space    used 26245K, committed 27136K, reserved 1048576K
}
Event: 21.080 GC heap after
{Heap after GC invocations=68 (full 0):
 garbage-first heap   total 601088K, used 236415K [0x0000000080000000, 0x0000000100000000)
  region size 1024K, 2 young (2048K), 2 survivors (2048K)
 Metaspace       used 199906K, committed 201792K, reserved 1245184K
  class space    used 26245K, committed 27136K, reserved 1048576K
}
Event: 21.281 GC heap before
{Heap before GC invocations=69 (full 0):
 garbage-first heap   total 601088K, used 509823K [0x0000000080000000, 0x0000000100000000)
  region size 1024K, 264 young (270336K), 2 survivors (2048K)
 Metaspace       used 199916K, committed 201792K, reserved 1245184K
  class space    used 26245K, committed 27136K, reserved 1048576K
}
Event: 21.283 GC heap after
{Heap after GC invocations=70 (full 0):
 garbage-first heap   total 601088K, used 241084K [0x0000000080000000, 0x0000000100000000)
  region size 1024K, 3 young (3072K), 3 survivors (3072K)
 Metaspace       used 199916K, committed 201792K, reserved 1245184K
  class space    used 26245K, committed 27136K, reserved 1048576K
}
Event: 21.306 GC heap before
{Heap before GC invocations=70 (full 0):
 garbage-first heap   total 601088K, used 267708K [0x0000000080000000, 0x0000000100000000)
  region size 1024K, 30 young (30720K), 3 survivors (3072K)
 Metaspace       used 199916K, committed 201792K, reserved 1245184K
  class space    used 26245K, committed 27136K, reserved 1048576K
}
Event: 21.309 GC heap after
{Heap after GC invocations=71 (full 0):
 garbage-first heap   total 601088K, used 238759K [0x0000000080000000, 0x0000000100000000)
  region size 1024K, 2 young (2048K), 2 survivors (2048K)
 Metaspace       used 199916K, committed 201792K, reserved 1245184K
  class space    used 26245K, committed 27136K, reserved 1048576K
}
Event: 21.565 GC heap before
{Heap before GC invocations=71 (full 0):
 garbage-first heap   total 601088K, used 522407K [0x0000000080000000, 0x0000000100000000)
  region size 1024K, 276 young (282624K), 2 survivors (2048K)
 Metaspace       used 200436K, committed 202304K, reserved 1245184K
  class space    used 26314K, committed 27200K, reserved 1048576K
}
Event: 21.567 GC heap after
{Heap after GC invocations=72 (full 0):
 garbage-first heap   total 601088K, used 231203K [0x0000000080000000, 0x0000000100000000)
  region size 1024K, 5 young (5120K), 5 survivors (5120K)
 Metaspace       used 200436K, committed 202304K, reserved 1245184K
  class space    used 26314K, committed 27200K, reserved 1048576K
}
Event: 21.964 GC heap before
{Heap before GC invocations=72 (full 0):
 garbage-first heap   total 601088K, used 519971K [0x0000000080000000, 0x0000000100000000)
  region size 1024K, 288 young (294912K), 5 survivors (5120K)
 Metaspace       used 204452K, committed 206336K, reserved 1245184K
  class space    used 26926K, committed 27840K, reserved 1048576K
}
Event: 21.967 GC heap after
{Heap after GC invocations=73 (full 0):
 garbage-first heap   total 601088K, used 233005K [0x0000000080000000, 0x0000000100000000)
  region size 1024K, 7 young (7168K), 7 survivors (7168K)
 Metaspace       used 204452K, committed 206336K, reserved 1245184K
  class space    used 26926K, committed 27840K, reserved 1048576K
}
Event: 22.054 GC heap before
{Heap before GC invocations=73 (full 0):
 garbage-first heap   total 601088K, used 251437K [0x0000000080000000, 0x0000000100000000)
  region size 1024K, 27 young (27648K), 7 survivors (7168K)
 Metaspace       used 204861K, committed 206720K, reserved 1245184K
  class space    used 26981K, committed 27840K, reserved 1048576K
}
Event: 22.057 GC heap after
{Heap after GC invocations=74 (full 0):
 garbage-first heap   total 601088K, used 233241K [0x0000000080000000, 0x0000000100000000)
  region size 1024K, 7 young (7168K), 7 survivors (7168K)
 Metaspace       used 204861K, committed 206720K, reserved 1245184K
  class space    used 26981K, committed 27840K, reserved 1048576K
}
Event: 22.639 GC heap before
{Heap before GC invocations=75 (full 0):
 garbage-first heap   total 601088K, used 522009K [0x0000000080000000, 0x0000000100000000)
  region size 1024K, 288 young (294912K), 7 survivors (7168K)
 Metaspace       used 209141K, committed 211072K, reserved 1245184K
  class space    used 27494K, committed 28416K, reserved 1048576K
}
Event: 22.643 GC heap after
{Heap after GC invocations=76 (full 0):
 garbage-first heap   total 601088K, used 240234K [0x0000000080000000, 0x0000000100000000)
  region size 1024K, 12 young (12288K), 12 survivors (12288K)
 Metaspace       used 209141K, committed 211072K, reserved 1245184K
  class space    used 27494K, committed 28416K, reserved 1048576K
}
Event: 22.676 GC heap before
{Heap before GC invocations=76 (full 0):
 garbage-first heap   total 601088K, used 257642K [0x0000000080000000, 0x0000000100000000)
  region size 1024K, 29 young (29696K), 12 survivors (12288K)
 Metaspace       used 209454K, committed 211392K, reserved 1245184K
  class space    used 27543K, committed 28480K, reserved 1048576K
}
Event: 22.680 GC heap after
{Heap after GC invocations=77 (full 0):
 garbage-first heap   total 601088K, used 231608K [0x0000000080000000, 0x0000000100000000)
  region size 1024K, 2 young (2048K), 2 survivors (2048K)
 Metaspace       used 209454K, committed 211392K, reserved 1245184K
  class space    used 27543K, committed 28480K, reserved 1048576K
}
Event: 24.082 GC heap before
{Heap before GC invocations=77 (full 0):
 garbage-first heap   total 601088K, used 522424K [0x0000000080000000, 0x0000000100000000)
  region size 1024K, 283 young (289792K), 2 survivors (2048K)
 Metaspace       used 231314K, committed 233216K, reserved 1310720K
  class space    used 30042K, committed 30976K, reserved 1048576K
}
Event: 24.090 GC heap after
{Heap after GC invocations=78 (full 0):
 garbage-first heap   total 601088K, used 262269K [0x0000000080000000, 0x0000000100000000)
  region size 1024K, 30 young (30720K), 30 survivors (30720K)
 Metaspace       used 231314K, committed 233216K, reserved 1310720K
  class space    used 30042K, committed 30976K, reserved 1048576K
}

Dll operation events (17 events):
Event: 0.004 Loaded shared library C:\Users\Bush Baby\AppData\Local\Programs\jdk-17\bin\java.dll
Event: 0.014 Loaded shared library C:\Users\Bush Baby\AppData\Local\Programs\jdk-17\bin\jsvml.dll
Event: 0.037 Loaded shared library C:\Users\Bush Baby\AppData\Local\Programs\jdk-17\bin\zip.dll
Event: 0.038 Loaded shared library C:\Users\Bush Baby\AppData\Local\Programs\jdk-17\bin\instrument.dll
Event: 0.041 Loaded shared library C:\Users\Bush Baby\AppData\Local\Programs\jdk-17\bin\net.dll
Event: 0.042 Loaded shared library C:\Users\Bush Baby\AppData\Local\Programs\jdk-17\bin\nio.dll
Event: 0.043 Loaded shared library C:\Users\Bush Baby\AppData\Local\Programs\jdk-17\bin\zip.dll
Event: 0.110 Loaded shared library C:\Users\Bush Baby\AppData\Local\Programs\jdk-17\bin\jimage.dll
Event: 0.203 Loaded shared library C:\Users\Bush Baby\AppData\Local\Programs\jdk-17\bin\verify.dll
Event: 0.219 Loaded shared library C:\Users\Bush Baby\.gradle\native\660c5614fbf4a5f2a75b1949f50a0caf5cd603558e7d8a26e50b933a0cfb79d1\windows-amd64\native-platform.dll
Event: 0.224 Loaded shared library C:\Users\Bush Baby\.gradle\native\0.2.8\x86_64-windows-gnu\gradle-fileevents.dll
Event: 0.567 Loaded shared library C:\Users\Bush Baby\AppData\Local\Programs\jdk-17\bin\management.dll
Event: 0.568 Loaded shared library C:\Users\Bush Baby\AppData\Local\Programs\jdk-17\bin\management_ext.dll
Event: 0.661 Loaded shared library C:\Users\Bush Baby\AppData\Local\Programs\jdk-17\bin\extnet.dll
Event: 0.782 Loaded shared library C:\Users\Bush Baby\AppData\Local\Programs\jdk-17\bin\sunmscapi.dll
Event: 9.613 Loaded shared library C:\Users\Bush Baby\AppData\Local\Programs\jdk-17\bin\rmi.dll
Event: 22.877 Loaded shared library C:\Users\Bush Baby\AppData\Local\Programs\jdk-17\bin\awt.dll

Deoptimization events (20 events):
Event: 25.198 Thread 0x000002c47e334880 DEOPT PACKING pc=0x000002c462b30830 sp=0x000000dc124face0
Event: 25.198 Thread 0x000002c47e334880 DEOPT UNPACKING pc=0x000002c46167a1a3 sp=0x000000dc124fac98 mode 2
Event: 25.288 Thread 0x000002c47e334880 Uncommon trap: trap_request=0xffffffc6 fr.pc=0x000002c462b30830 relative=0x0000000000002370
Event: 25.288 Thread 0x000002c47e334880 Uncommon trap: reason=bimorphic_or_optimized_type_check action=maybe_recompile pc=0x000002c462b30830 method=it.unimi.dsi.fastutil.objects.Object2ObjectOpenCustomHashMap.get(Ljava/lang/Object;)Ljava/lang/Object; @ 6 c2
Event: 25.288 Thread 0x000002c47e334880 DEOPT PACKING pc=0x000002c462b30830 sp=0x000000dc124face0
Event: 25.288 Thread 0x000002c47e334880 DEOPT UNPACKING pc=0x000002c46167a1a3 sp=0x000000dc124fac98 mode 2
Event: 25.290 Thread 0x000002c47e334880 Uncommon trap: trap_request=0xffffffc6 fr.pc=0x000002c462b30830 relative=0x0000000000002370
Event: 25.290 Thread 0x000002c47e334880 Uncommon trap: reason=bimorphic_or_optimized_type_check action=maybe_recompile pc=0x000002c462b30830 method=it.unimi.dsi.fastutil.objects.Object2ObjectOpenCustomHashMap.get(Ljava/lang/Object;)Ljava/lang/Object; @ 6 c2
Event: 25.290 Thread 0x000002c47e334880 DEOPT PACKING pc=0x000002c462b30830 sp=0x000000dc124face0
Event: 25.290 Thread 0x000002c47e334880 DEOPT UNPACKING pc=0x000002c46167a1a3 sp=0x000000dc124fac98 mode 2
Event: 25.291 Thread 0x000002c47e334880 Uncommon trap: trap_request=0xffffffc6 fr.pc=0x000002c462b30830 relative=0x0000000000002370
Event: 25.291 Thread 0x000002c47e334880 Uncommon trap: reason=bimorphic_or_optimized_type_check action=maybe_recompile pc=0x000002c462b30830 method=it.unimi.dsi.fastutil.objects.Object2ObjectOpenCustomHashMap.get(Ljava/lang/Object;)Ljava/lang/Object; @ 6 c2
Event: 25.291 Thread 0x000002c47e334880 DEOPT PACKING pc=0x000002c462b30830 sp=0x000000dc124face0
Event: 25.291 Thread 0x000002c47e334880 DEOPT UNPACKING pc=0x000002c46167a1a3 sp=0x000000dc124fac98 mode 2
Event: 25.380 Thread 0x000002c47afead10 DEOPT PACKING pc=0x000002c45ccb4e03 sp=0x000000dc0adfb230
Event: 25.380 Thread 0x000002c47afead10 DEOPT UNPACKING pc=0x000002c46167ace3 sp=0x000000dc0adfa740 mode 0
Event: 25.449 Thread 0x000002c47afead10 Uncommon trap: trap_request=0xffffff5c fr.pc=0x000002c462f34790 relative=0x00000000000000f0
Event: 25.449 Thread 0x000002c47afead10 Uncommon trap: reason=speculate_null_check action=make_not_entrant pc=0x000002c462f34790 method=com.intellij.reference.SoftReference.dereference(Ljava/lang/ref/Reference;)Ljava/lang/Object; @ 1 c2
Event: 25.449 Thread 0x000002c47afead10 DEOPT PACKING pc=0x000002c462f34790 sp=0x000000dc0adfbe00
Event: 25.449 Thread 0x000002c47afead10 DEOPT UNPACKING pc=0x000002c46167a1a3 sp=0x000000dc0adfbd48 mode 2

Classes loaded (20 events):
Event: 23.400 Loading class jdk/jfr/internal/StringPool$SimpleStringIdPool
Event: 23.400 Loading class jdk/jfr/internal/StringPool$SimpleStringIdPool done
Event: 23.401 Loading class jdk/jfr/internal/handlers/EventHandler45924_1788365646708-29068
Event: 23.401 Loading class jdk/jfr/internal/handlers/EventHandler45924_1788365646708-29068 done
Event: 23.402 Loading class jdk/jfr/internal/handlers/EventHandler45927_1788365646708-29068
Event: 23.402 Loading class jdk/jfr/internal/handlers/EventHandler45927_1788365646708-29068 done
Event: 23.403 Loading class jdk/jfr/internal/handlers/EventHandler45931_1788365646708-29068
Event: 23.403 Loading class jdk/jfr/internal/handlers/EventHandler45931_1788365646708-29068 done
Event: 23.403 Loading class jdk/jfr/internal/handlers/EventHandler45934_1788365646708-29068
Event: 23.403 Loading class jdk/jfr/internal/handlers/EventHandler45934_1788365646708-29068 done
Event: 23.845 Loading class java/util/AbstractList$RandomAccessSubList
Event: 23.846 Loading class java/util/AbstractList$RandomAccessSubList done
Event: 24.987 Loading class sun/awt/AppContext$PostShutdownEventRunnable
Event: 24.987 Loading class sun/awt/AppContext$PostShutdownEventRunnable done
Event: 24.987 Loading class sun/awt/AWTAutoShutdown$1
Event: 24.987 Loading class sun/awt/AWTAutoShutdown$1 done
Event: 24.988 Loading class java/awt/AWTEvent$1
Event: 24.988 Loading class sun/awt/AWTAccessor$AWTEventAccessor
Event: 24.988 Loading class sun/awt/AWTAccessor$AWTEventAccessor done
Event: 24.988 Loading class java/awt/AWTEvent$1 done

Classes unloaded (20 events):
Event: 20.106 Thread 0x000002c470ea58f0 Unloading class 0x000002c4023a0230 'jdk/internal/jimage/ImageHeader'
Event: 20.106 Thread 0x000002c470ea58f0 Unloading class 0x000002c4023a0000 'jdk/internal/jimage/BasicImageReader$2'
Event: 20.106 Thread 0x000002c470ea58f0 Unloading class 0x000002c4023a1cd0 'jdk/internal/jimage/BasicImageReader$1'
Event: 20.106 Thread 0x000002c470ea58f0 Unloading class 0x000002c4023a1a68 'jdk/internal/jimage/ImageReader$Resource'
Event: 20.106 Thread 0x000002c470ea58f0 Unloading class 0x000002c4023a1800 'jdk/internal/jimage/ImageReader$LinkNode'
Event: 20.106 Thread 0x000002c470ea58f0 Unloading class 0x000002c4023a2c60 'jdk/internal/jimage/ImageReader$Directory'
Event: 20.106 Thread 0x000002c470ea58f0 Unloading class 0x000002c4023a29f8 'jdk/internal/jimage/ImageReader$Node'
Event: 20.106 Thread 0x000002c470ea58f0 Unloading class 0x000002c4023a2800 'jdk/internal/jimage/ImageStrings'
Event: 20.106 Thread 0x000002c470ea58f0 Unloading class 0x000002c402601b50 'jdk/internal/jimage/ImageReader$SharedImageReader'
Event: 20.106 Thread 0x000002c470ea58f0 Unloading class 0x000002c402601890 'jdk/internal/jimage/BasicImageReader'
Event: 20.106 Thread 0x000002c470ea58f0 Unloading class 0x000002c402601670 'jdk/internal/jimage/ImageReader'
Event: 20.106 Thread 0x000002c470ea58f0 Unloading class 0x000002c402601448 'jdk/internal/jrtfs/SystemImage$2'
Event: 20.106 Thread 0x000002c470ea58f0 Unloading class 0x000002c402601230 'jdk/internal/jrtfs/SystemImage$$Lambda$3733+0x000002c402601230'
Event: 20.106 Thread 0x000002c470ea58f0 Unloading class 0x000002c402601000 'jdk/internal/jrtfs/ExplodedImage'
Event: 20.106 Thread 0x000002c470ea58f0 Unloading class 0x000002c402600dc8 'jdk/internal/jrtfs/SystemImage$1'
Event: 20.106 Thread 0x000002c470ea58f0 Unloading class 0x000002c402600bb0 'jdk/internal/jrtfs/SystemImage'
Event: 20.106 Thread 0x000002c470ea58f0 Unloading class 0x000002c402600950 'jdk/internal/jrtfs/JrtFileStore'
Event: 20.106 Thread 0x000002c470ea58f0 Unloading class 0x000002c4026005d8 'jdk/internal/jrtfs/JrtPath'
Event: 20.106 Thread 0x000002c470ea58f0 Unloading class 0x000002c4026002e0 'jdk/internal/jrtfs/JrtFileSystem'
Event: 20.106 Thread 0x000002c470ea58f0 Unloading class 0x000002c402600000 'jdk/internal/jrtfs/JrtFileSystemProvider'

Classes redefined (0 events):
No events

Internal exceptions (20 events):
Event: 23.403 Thread 0x000002c47e334880 Exception <a 'java/lang/ClassNotFoundException'{0x000000009a5b5978}: jdk/jfr/internal/handlers/EventHandler45931_1788365646708-29068> (0x000000009a5b5978) 
thrown [s\src\hotspot\share\classfile\systemDictionary.cpp, line 256]
Event: 23.403 Thread 0x000002c47e334880 Exception <a 'java/lang/ClassNotFoundException'{0x000000009a5c7300}: jdk/jfr/internal/handlers/EventHandler45934_1788365646708-29068> (0x000000009a5c7300) 
thrown [s\src\hotspot\share\classfile\systemDictionary.cpp, line 256]
Event: 23.458 Thread 0x000002c47afead10 Exception <a 'java/lang/NoSuchMethodError'{0x0000000099c790f8}: 'int java.lang.invoke.DirectMethodHandle$Holder.invokeStatic(java.lang.Object, java.lang.Object, java.lang.Object, java.lang.Object, java.lang.Object, java.lang.Object)'> (0x0000000099c790f8) 
thrown [s\src\hotspot\share\interpreter\linkResolver.cpp, line 759]
Event: 23.493 Thread 0x000002c47afead10 Exception <a 'java/lang/IncompatibleClassChangeError'{0x000000009973c638}: Found class java.lang.Object, but interface was expected> (0x000000009973c638) 
thrown [s\src\hotspot\share\interpreter\linkResolver.cpp, line 826]
Event: 23.589 Thread 0x000002c47afead10 Exception <a 'java/lang/NoSuchMethodError'{0x0000000098b04f30}: 'java.lang.Object java.lang.invoke.DirectMethodHandle$Holder.newInvokeSpecial(java.lang.Object, java.lang.Object, int, java.lang.Object, java.lang.Object, java.lang.Object)'> (0x0000000098b04f30) 
thrown [s\src\hotspot\share\interpreter\linkResolver.cpp, line 759]
Event: 23.589 Thread 0x000002c47afead10 Exception <a 'java/lang/NoSuchMethodError'{0x0000000098b09470}: 'java.lang.Object java.lang.invoke.DirectMethodHandle$Holder.invokeSpecial(java.lang.Object, java.lang.Object, java.lang.Object, int, java.lang.Object, java.lang.Object, java.lang.Object)'> (0x0000000098b09470) 
thrown [s\src\hotspot\share\interpreter\linkResolver.cpp, line 759]
Event: 23.589 Thread 0x000002c47afead10 Exception <a 'java/lang/NoSuchMethodError'{0x0000000098b0d2a0}: 'java.lang.Object java.lang.invoke.Invokers$Holder.linkToTargetMethod(java.lang.Object, int, java.lang.Object, java.lang.Object, java.lang.Object, java.lang.Object)'> (0x0000000098b0d2a0) 
thrown [s\src\hotspot\share\interpreter\linkResolver.cpp, line 759]
Event: 23.668 Thread 0x000002c47afead10 Exception <a 'java/lang/NoSuchMethodError'{0x0000000098354500}: 'java.lang.Object java.lang.invoke.DirectMethodHandle$Holder.invokeStatic(java.lang.Object, java.lang.Object, java.lang.Object, java.lang.Object, int, java.lang.Object, java.lang.Object)'> (0x0000000098354500) 
thrown [s\src\hotspot\share\interpreter\linkResolver.cpp, line 759]
Event: 23.668 Thread 0x000002c47afead10 Exception <a 'java/lang/NoSuchMethodError'{0x00000000983c8658}: 'java.lang.Object java.lang.invoke.DirectMethodHandle$Holder.newInvokeSpecial(java.lang.Object, java.lang.Object, java.lang.Object, java.lang.Object, int, java.lang.Object, java.lang.Object)'> (0x00000000983c8658) 
thrown [s\src\hotspot\share\interpreter\linkResolver.cpp, line 759]
Event: 23.668 Thread 0x000002c47afead10 Exception <a 'java/lang/NoSuchMethodError'{0x00000000983d2018}: 'java.lang.Object java.lang.invoke.Invokers$Holder.linkToTargetMethod(java.lang.Object, java.lang.Object, java.lang.Object, int, java.lang.Object, java.lang.Object, java.lang.Object)'> (0x00000000983d2018) 
thrown [s\src\hotspot\share\interpreter\linkResolver.cpp, line 759]
Event: 23.994 Thread 0x000002c47afead10 Exception <a 'java/lang/NoSuchMethodError'{0x000000009351ae70}: 'java.lang.Object java.lang.invoke.DirectMethodHandle$Holder.invokeStaticInit(java.lang.Object, java.lang.Object, java.lang.Object, java.lang.Object)'> (0x000000009351ae70) 
thrown [s\src\hotspot\share\interpreter\linkResolver.cpp, line 759]
Event: 24.118 Thread 0x000002c47afead10 Exception <a 'java/lang/NoSuchMethodError'{0x00000000a4af4338}: 'java.lang.Object java.lang.invoke.DirectMethodHandle$Holder.invokeStatic(java.lang.Object, java.lang.Object, java.lang.Object, java.lang.Object, java.lang.Object, int)'> (0x00000000a4af4338) 
thrown [s\src\hotspot\share\interpreter\linkResolver.cpp, line 759]
Event: 24.518 Thread 0x000002c47e334880 Exception <a 'java/lang/NoSuchMethodError'{0x00000000a2166628}: 'java.lang.Object java.lang.invoke.DirectMethodHandle$Holder.invokeStatic(java.lang.Object, int, java.lang.Object, java.lang.Object, java.lang.Object)'> (0x00000000a2166628) 
thrown [s\src\hotspot\share\interpreter\linkResolver.cpp, line 759]
Event: 24.519 Thread 0x000002c47e334880 Exception <a 'java/lang/NoSuchMethodError'{0x00000000a216fc70}: 'java.lang.Object java.lang.invoke.DirectMethodHandle$Holder.newInvokeSpecial(java.lang.Object, int, java.lang.Object, java.lang.Object)'> (0x00000000a216fc70) 
thrown [s\src\hotspot\share\interpreter\linkResolver.cpp, line 759]
Event: 24.519 Thread 0x000002c47e334880 Exception <a 'java/lang/NoSuchMethodError'{0x00000000a21754b8}: 'java.lang.Object java.lang.invoke.DirectMethodHandle$Holder.invokeSpecial(java.lang.Object, java.lang.Object, int, java.lang.Object, java.lang.Object)'> (0x00000000a21754b8) 
thrown [s\src\hotspot\share\interpreter\linkResolver.cpp, line 759]
Event: 24.520 Thread 0x000002c47e334880 Exception <a 'java/lang/NoSuchMethodError'{0x00000000a217a650}: 'java.lang.Object java.lang.invoke.Invokers$Holder.linkToTargetMethod(int, java.lang.Object, java.lang.Object, java.lang.Object)'> (0x00000000a217a650) 
thrown [s\src\hotspot\share\interpreter\linkResolver.cpp, line 759]
Event: 24.531 Thread 0x000002c47afead10 Exception <a 'java/lang/NoSuchMethodError'{0x00000000a225dab0}: 'int java.lang.invoke.DirectMethodHandle$Holder.invokeStaticInit(java.lang.Object, int)'> (0x00000000a225dab0) 
thrown [s\src\hotspot\share\interpreter\linkResolver.cpp, line 759]
Event: 24.655 Thread 0x000002c47afead10 Exception <a 'java/lang/NoSuchMethodError'{0x00000000a1544f38}: 'java.lang.Object java.lang.invoke.DirectMethodHandle$Holder.invokeStatic(java.lang.Object, java.lang.Object, java.lang.Object, int, java.lang.Object, java.lang.Object)'> (0x00000000a1544f38) 
thrown [s\src\hotspot\share\interpreter\linkResolver.cpp, line 759]
Event: 25.044 Thread 0x000002c47e334880 Exception <a 'java/lang/NoSuchMethodError'{0x000000009eb0bbb0}: 'java.lang.Object java.lang.invoke.DirectMethodHandle$Holder.invokeStatic(java.lang.Object, java.lang.Object, java.lang.Object, int, java.lang.Object, java.lang.Object, java.lang.Object, java.lang.Object)'> (0x000000009eb0bbb0) 
thrown [s\src\hotspot\share\interpreter\linkResolver.cpp, line 759]
Event: 25.449 Thread 0x000002c47afead10 Implicit null exception at 0x000002c462f346d0 to 0x000002c462f34784

VM Operations (20 events):
Event: 24.804 Executing VM operation: HandshakeAllThreads
Event: 24.804 Executing VM operation: HandshakeAllThreads done
Event: 24.877 Executing VM operation: ICBufferFull
Event: 24.878 Executing VM operation: ICBufferFull done
Event: 24.986 Executing VM operation: ICBufferFull
Event: 24.987 Executing VM operation: ICBufferFull done
Event: 25.009 Executing VM operation: HandshakeAllThreads
Event: 25.009 Executing VM operation: HandshakeAllThreads done
Event: 25.072 Executing VM operation: HandshakeAllThreads
Event: 25.072 Executing VM operation: HandshakeAllThreads done
Event: 25.081 Executing VM operation: ICBufferFull
Event: 25.082 Executing VM operation: ICBufferFull done
Event: 25.141 Executing VM operation: ICBufferFull
Event: 25.142 Executing VM operation: ICBufferFull done
Event: 25.183 Executing VM operation: HandshakeAllThreads
Event: 25.183 Executing VM operation: HandshakeAllThreads done
Event: 25.275 Executing VM operation: ICBufferFull
Event: 25.283 Executing VM operation: ICBufferFull done
Event: 25.333 Executing VM operation: HandshakeAllThreads
Event: 25.334 Executing VM operation: HandshakeAllThreads done

Memory protections (0 events):
No events

Nmethod flushes (20 events):
Event: 24.329 Thread 0x000002c4717291d0 flushing  nmethod 0x000002c45cd2a410
Event: 24.330 Thread 0x000002c4717291d0 flushing  nmethod 0x000002c45cd65d10
Event: 24.330 Thread 0x000002c4717291d0 flushing  nmethod 0x000002c45cdc3890
Event: 24.330 Thread 0x000002c4717291d0 flushing  nmethod 0x000002c45ce36810
Event: 24.330 Thread 0x000002c4717291d0 flushing  nmethod 0x000002c45ce39410
Event: 24.330 Thread 0x000002c4717291d0 flushing  nmethod 0x000002c45ce50690
Event: 24.331 Thread 0x000002c4717291d0 flushing  nmethod 0x000002c45cf58a90
Event: 24.331 Thread 0x000002c4717291d0 flushing  nmethod 0x000002c45cf6d090
Event: 24.331 Thread 0x000002c4717291d0 flushing  nmethod 0x000002c45cf82410
Event: 24.331 Thread 0x000002c4717291d0 flushing  nmethod 0x000002c45cf82b10
Event: 24.331 Thread 0x000002c4717291d0 flushing  nmethod 0x000002c45cf87b90
Event: 24.331 Thread 0x000002c4717291d0 flushing  nmethod 0x000002c45cff1490
Event: 24.332 Thread 0x000002c4717291d0 flushing  nmethod 0x000002c45d035210
Event: 24.332 Thread 0x000002c4717291d0 flushing  nmethod 0x000002c45d09be10
Event: 24.334 Thread 0x000002c4717291d0 flushing  nmethod 0x000002c45d34c290
Event: 24.334 Thread 0x000002c4717291d0 flushing  nmethod 0x000002c45d39f490
Event: 24.334 Thread 0x000002c4717291d0 flushing osr nmethod 0x000002c45d3e1790
Event: 24.334 Thread 0x000002c4717291d0 flushing  nmethod 0x000002c45d3e3510
Event: 24.334 Thread 0x000002c4717291d0 flushing  nmethod 0x000002c45d3e5010
Event: 24.334 Thread 0x000002c4717291d0 flushing  nmethod 0x000002c45d4b9f90

Events (20 events):
Event: 22.461 Thread 0x000002c4488bf580 Thread added: 0x000002c448e8e3a0
Event: 22.478 Thread 0x000002c47e332f30 Thread added: 0x000002c447ab8b90
Event: 22.543 Thread 0x000002c447ab8b90 Thread exited: 0x000002c447ab8b90
Event: 22.543 Thread 0x000002c448e8e3a0 Thread exited: 0x000002c448e8e3a0
Event: 22.544 Thread 0x000002c4488bf580 Thread exited: 0x000002c4488bf580
Event: 22.544 Thread 0x000002c4488c09c0 Thread exited: 0x000002c4488c09c0
Event: 22.594 Thread 0x000002c479fb2ec0 Thread added: 0x000002c47fb43410
Event: 22.910 Thread 0x000002c47e334880 Thread added: 0x000002c47fedb2b0
Event: 22.911 Thread 0x000002c47e334880 Thread added: 0x000002c47fedc6f0
Event: 22.911 Thread 0x000002c47e334880 Thread added: 0x000002c47fedc1e0
Event: 23.020 Thread 0x000002c479fb0130 Thread added: 0x000002c447397b60
Event: 23.022 Thread 0x000002c479fb0130 Thread added: 0x000002c447397140
Event: 23.041 Thread 0x000002c447397140 Thread added: 0x000002c47a158ac0
Event: 23.054 Thread 0x000002c47e332f30 Thread added: 0x000002c4498a4310
Event: 23.113 Thread 0x000002c4498a4310 Thread exited: 0x000002c4498a4310
Event: 23.113 Thread 0x000002c47a158ac0 Thread exited: 0x000002c47a158ac0
Event: 23.113 Thread 0x000002c447397140 Thread exited: 0x000002c447397140
Event: 23.114 Thread 0x000002c447397b60 Thread exited: 0x000002c447397b60
Event: 23.126 Thread 0x000002c479fb0130 Thread added: 0x000002c447ab8b90
Event: 24.988 Thread 0x000002c47fedc6f0 Thread exited: 0x000002c47fedc6f0


Dynamic libraries:
0x00007ff698f50000 - 0x00007ff698f5e000 	C:\Users\Bush Baby\AppData\Local\Programs\jdk-17\bin\java.exe
0x00007ffc3f9e0000 - 0x00007ffc3fc47000 	C:\WINDOWS\SYSTEM32\ntdll.dll
0x00007ffc3e5f0000 - 0x00007ffc3e6ba000 	C:\WINDOWS\System32\KERNEL32.DLL
0x00007ffc3ccb0000 - 0x00007ffc3d0b2000 	C:\WINDOWS\System32\KERNELBASE.dll
0x00007ffc3d420000 - 0x00007ffc3d56c000 	C:\WINDOWS\System32\ucrtbase.dll
0x00007ffc235f0000 - 0x00007ffc23608000 	C:\Users\Bush Baby\AppData\Local\Programs\jdk-17\bin\jli.dll
0x00007ffc235d0000 - 0x00007ffc235ee000 	C:\Users\Bush Baby\AppData\Local\Programs\jdk-17\bin\VCRUNTIME140.dll
0x00007ffc3ee40000 - 0x00007ffc3f00f000 	C:\WINDOWS\System32\USER32.dll
0x00007ffc3cc80000 - 0x00007ffc3cca7000 	C:\WINDOWS\System32\win32u.dll
0x00007ffc282e0000 - 0x00007ffc28570000 	C:\WINDOWS\WinSxS\amd64_microsoft.windows.common-controls_6595b64144ccf1df_6.0.26100.9278_none_3e0d1ba8e3303201\COMCTL32.dll
0x00007ffc3f0b0000 - 0x00007ffc3f0db000 	C:\WINDOWS\System32\GDI32.dll
0x00007ffc3ec80000 - 0x00007ffc3ed29000 	C:\WINDOWS\System32\msvcrt.dll
0x00007ffc3d0c0000 - 0x00007ffc3d1e9000 	C:\WINDOWS\System32\gdi32full.dll
0x00007ffc3d1f0000 - 0x00007ffc3d293000 	C:\WINDOWS\System32\msvcp_win.dll
0x00007ffc3d710000 - 0x00007ffc3d741000 	C:\WINDOWS\System32\IMM32.DLL
0x00007ffc0f680000 - 0x00007ffc0f68c000 	C:\Users\Bush Baby\AppData\Local\Programs\jdk-17\bin\vcruntime140_1.dll
0x00007ffc0f5f0000 - 0x00007ffc0f679000 	C:\Users\Bush Baby\AppData\Local\Programs\jdk-17\bin\msvcp140.dll
0x00007ffb9f8f0000 - 0x00007ffba056b000 	C:\Users\Bush Baby\AppData\Local\Programs\jdk-17\bin\server\jvm.dll
0x00007ffc3eba0000 - 0x00007ffc3ec5c000 	C:\WINDOWS\System32\ADVAPI32.dll
0x00007ffc3e8e0000 - 0x00007ffc3e989000 	C:\WINDOWS\System32\sechost.dll
0x00007ffc3f880000 - 0x00007ffc3f998000 	C:\WINDOWS\System32\RPCRT4.dll
0x00007ffc3e320000 - 0x00007ffc3e3a0000 	C:\WINDOWS\System32\WS2_32.dll
0x00007ffc3ca50000 - 0x00007ffc3caae000 	C:\WINDOWS\SYSTEM32\POWRPROF.dll
0x00007ffc30a50000 - 0x00007ffc30a5b000 	C:\WINDOWS\SYSTEM32\VERSION.dll
0x00007ffc32bc0000 - 0x00007ffc32bf6000 	C:\WINDOWS\SYSTEM32\WINMM.dll
0x00007ffc3ca30000 - 0x00007ffc3ca45000 	C:\WINDOWS\SYSTEM32\UMPDC.dll
0x00007ffc3b880000 - 0x00007ffc3b89b000 	C:\WINDOWS\SYSTEM32\kernel.appcore.dll
0x00007ffc0c150000 - 0x00007ffc0c15a000 	C:\Users\Bush Baby\AppData\Local\Programs\jdk-17\bin\jimage.dll
0x00007ffc39f90000 - 0x00007ffc3a1d2000 	C:\WINDOWS\SYSTEM32\DBGHELP.DLL
0x00007ffc3df90000 - 0x00007ffc3e314000 	C:\WINDOWS\System32\combase.dll
0x00007ffc3e7f0000 - 0x00007ffc3e8c9000 	C:\WINDOWS\System32\OLEAUT32.dll
0x00007ffc0f240000 - 0x00007ffc0f27b000 	C:\WINDOWS\SYSTEM32\dbgcore.DLL
0x00007ffc3d2a0000 - 0x00007ffc3d34c000 	C:\WINDOWS\System32\bcryptPrimitives.dll
0x00007ffc05bb0000 - 0x00007ffc05bbf000 	C:\Users\Bush Baby\AppData\Local\Programs\jdk-17\bin\instrument.dll
0x00007ffbf9080000 - 0x00007ffbf90a6000 	C:\Users\Bush Baby\AppData\Local\Programs\jdk-17\bin\java.dll
0x00007ffbb3b20000 - 0x00007ffbb3bf6000 	C:\Users\Bush Baby\AppData\Local\Programs\jdk-17\bin\jsvml.dll
0x00007ffc3f0e0000 - 0x00007ffc3f878000 	C:\WINDOWS\System32\SHELL32.dll
0x00007ffc3a630000 - 0x00007ffc3aede000 	C:\WINDOWS\SYSTEM32\windows.storage.dll
0x00007ffc3d8a0000 - 0x00007ffc3d99b000 	C:\WINDOWS\System32\SHCORE.dll
0x00007ffc3f020000 - 0x00007ffc3f086000 	C:\WINDOWS\System32\shlwapi.dll
0x00007ffc3cb10000 - 0x00007ffc3cb39000 	C:\WINDOWS\SYSTEM32\profapi.dll
0x00007ffbfb620000 - 0x00007ffbfb638000 	C:\Users\Bush Baby\AppData\Local\Programs\jdk-17\bin\zip.dll
0x00007ffbfe2a0000 - 0x00007ffbfe2bb000 	C:\Users\Bush Baby\AppData\Local\Programs\jdk-17\bin\net.dll
0x00007ffc36c00000 - 0x00007ffc36d2a000 	C:\WINDOWS\SYSTEM32\WINHTTP.dll
0x00007ffc3be20000 - 0x00007ffc3be8c000 	C:\WINDOWS\system32\mswsock.dll
0x00007ffbfb680000 - 0x00007ffbfb696000 	C:\Users\Bush Baby\AppData\Local\Programs\jdk-17\bin\nio.dll
0x00007ffc0a8b0000 - 0x00007ffc0a8c0000 	C:\Users\Bush Baby\AppData\Local\Programs\jdk-17\bin\verify.dll
0x00007ffbf7cc0000 - 0x00007ffbf7ce7000 	C:\Users\Bush Baby\.gradle\native\660c5614fbf4a5f2a75b1949f50a0caf5cd603558e7d8a26e50b933a0cfb79d1\windows-amd64\native-platform.dll
0x00007ffbd1540000 - 0x00007ffbd15b7000 	C:\Users\Bush Baby\.gradle\native\0.2.8\x86_64-windows-gnu\gradle-fileevents.dll
0x00007ffc079f0000 - 0x00007ffc079fa000 	C:\Users\Bush Baby\AppData\Local\Programs\jdk-17\bin\management.dll
0x00007ffc07790000 - 0x00007ffc0779c000 	C:\Users\Bush Baby\AppData\Local\Programs\jdk-17\bin\management_ext.dll
0x00007ffc3d890000 - 0x00007ffc3d898000 	C:\WINDOWS\System32\PSAPI.DLL
0x00007ffc3b230000 - 0x00007ffc3b263000 	C:\WINDOWS\SYSTEM32\IPHLPAPI.DLL
0x00007ffc3e8d0000 - 0x00007ffc3e8da000 	C:\WINDOWS\System32\NSI.dll
0x00007ffc36bd0000 - 0x00007ffc36bed000 	C:\WINDOWS\SYSTEM32\dhcpcsvc6.DLL
0x00007ffc36ba0000 - 0x00007ffc36bc5000 	C:\WINDOWS\SYSTEM32\dhcpcsvc.DLL
0x00007ffc3b2c0000 - 0x00007ffc3b418000 	C:\WINDOWS\SYSTEM32\DNSAPI.dll
0x00007ffc3bc20000 - 0x00007ffc3bc2d000 	C:\WINDOWS\SYSTEM32\DSPARSE.dll
0x00007ffc06f90000 - 0x00007ffc06f99000 	C:\Users\Bush Baby\AppData\Local\Programs\jdk-17\bin\extnet.dll
0x00007ffc3c240000 - 0x00007ffc3c25b000 	C:\WINDOWS\SYSTEM32\CRYPTSP.dll
0x00007ffc3b7e0000 - 0x00007ffc3b819000 	C:\WINDOWS\system32\rsaenh.dll
0x00007ffc3bed0000 - 0x00007ffc3bf04000 	C:\WINDOWS\SYSTEM32\USERENV.dll
0x00007ffc3cae0000 - 0x00007ffc3cb0a000 	C:\WINDOWS\SYSTEM32\bcrypt.dll
0x00007ffc3c080000 - 0x00007ffc3c08c000 	C:\WINDOWS\SYSTEM32\CRYPTBASE.dll
0x00007ffc00240000 - 0x00007ffc0024e000 	C:\Users\Bush Baby\AppData\Local\Programs\jdk-17\bin\sunmscapi.dll
0x00007ffc3d580000 - 0x00007ffc3d6fe000 	C:\WINDOWS\System32\CRYPT32.dll
0x00007ffc3c3b0000 - 0x00007ffc3c3e0000 	C:\WINDOWS\SYSTEM32\ncrypt.dll
0x00007ffc3c360000 - 0x00007ffc3c39f000 	C:\WINDOWS\SYSTEM32\NTASN1.dll
0x00007ffc1b000000 - 0x00007ffc1b008000 	C:\WINDOWS\system32\wshunix.dll
0x00007ffc38a50000 - 0x00007ffc38aef000 	C:\WINDOWS\system32\apphelp.dll
0x00007ffc06550000 - 0x00007ffc06557000 	C:\Users\Bush Baby\AppData\Local\Programs\jdk-17\bin\rmi.dll
0x0000000059400000 - 0x0000000059426000 	C:\Program Files\Bonjour\mdnsNSP.dll
0x00007ffc311e0000 - 0x00007ffc311eb000 	C:\Windows\System32\rasadhlp.dll
0x00007ffc35c80000 - 0x00007ffc35d06000 	C:\WINDOWS\System32\fwpuclnt.dll
0x00007ffc3b9b0000 - 0x00007ffc3b9e6000 	C:\WINDOWS\SYSTEM32\ntmarta.dll
0x00007ffbb3190000 - 0x00007ffbb3326000 	C:\Users\Bush Baby\AppData\Local\Programs\jdk-17\bin\awt.dll
0x00007ffc38cc0000 - 0x00007ffc38d67000 	C:\WINDOWS\system32\uxtheme.dll
0x00007ffbcea80000 - 0x00007ffbcebb3000 	C:\ProgramData\A-Volute\A-Volute.Nahimic\Modules\Scheduled\x64\AudioDevProps2.dll
0x00007ffc3e9e0000 - 0x00007ffc3eb79000 	C:\WINDOWS\System32\ole32.dll
0x000002c445000000 - 0x000002c44515b000 	C:\WINDOWS\System32\MSCTF.dll

dbghelp: loaded successfully - version: 4.0.5 - missing functions: none
symbol engine: initialized successfully - sym options: 0x614 - pdb path: .;C:\Users\Bush Baby\AppData\Local\Programs\jdk-17\bin;C:\WINDOWS\SYSTEM32;C:\WINDOWS\WinSxS\amd64_microsoft.windows.common-controls_6595b64144ccf1df_6.0.26100.9278_none_3e0d1ba8e3303201;C:\Users\Bush Baby\AppData\Local\Programs\jdk-17\bin\server;C:\Users\Bush Baby\.gradle\native\660c5614fbf4a5f2a75b1949f50a0caf5cd603558e7d8a26e50b933a0cfb79d1\windows-amd64;C:\Users\Bush Baby\.gradle\native\0.2.8\x86_64-windows-gnu;C:\Program Files\Bonjour;C:\ProgramData\A-Volute\A-Volute.Nahimic\Modules\Scheduled\x64

VM Arguments:
jvm_args: --add-opens=java.base/java.lang=ALL-UNNAMED --add-opens=java.base/java.lang.invoke=ALL-UNNAMED --add-opens=java.base/java.util=ALL-UNNAMED --add-opens=java.prefs/java.util.prefs=ALL-UNNAMED --add-exports=jdk.compiler/com.sun.tools.javac.api=ALL-UNNAMED --add-exports=jdk.compiler/com.sun.tools.javac.util=ALL-UNNAMED --add-opens=java.base/java.util=ALL-UNNAMED --add-opens=java.prefs/java.util.prefs=ALL-UNNAMED --add-opens=java.base/java.nio.charset=ALL-UNNAMED --add-opens=java.base/java.net=ALL-UNNAMED --add-opens=java.base/java.util.concurrent=ALL-UNNAMED --add-opens=java.base/java.util.concurrent.atomic=ALL-UNNAMED --add-opens=java.xml/javax.xml.namespace=ALL-UNNAMED --add-opens=java.base/java.time=ALL-UNNAMED -Xmx2048m -Dfile.encoding=UTF-8 -Duser.country=US -Duser.language=en -Duser.variant -javaagent:C:\Users\Bush Baby\.gradle\wrapper\dists\gradle-9.4.1-bin\arn2x92ynaizyzdaamcbpbhtj\gradle-9.4.1\lib\agents\gradle-instrumentation-agent-9.4.1.jar 
java_command: org.gradle.launcher.daemon.bootstrap.GradleDaemon 9.4.1
java_class_path (initial): C:\Users\Bush Baby\.gradle\wrapper\dists\gradle-9.4.1-bin\arn2x92ynaizyzdaamcbpbhtj\gradle-9.4.1\lib\gradle-daemon-main-9.4.1.jar
Launcher Type: SUN_STANDARD

[Global flags]
     intx CICompilerCount                          = 12                                        {product} {ergonomic}
     uint ConcGCThreads                            = 3                                         {product} {ergonomic}
     uint G1ConcRefinementThreads                  = 13                                        {product} {ergonomic}
   size_t G1HeapRegionSize                         = 1048576                                   {product} {ergonomic}
    uintx GCDrainStackTargetSize                   = 64                                        {product} {ergonomic}
   size_t InitialHeapSize                          = 522190848                                 {product} {ergonomic}
   size_t MarkStackSize                            = 4194304                                   {product} {ergonomic}
   size_t MaxHeapSize                              = 2147483648                                {product} {command line}
   size_t MaxNewSize                               = 1287651328                                {product} {ergonomic}
   size_t MinHeapDeltaBytes                        = 1048576                                   {product} {ergonomic}
   size_t MinHeapSize                              = 8388608                                   {product} {ergonomic}
    uintx NonNMethodCodeHeapSize                   = 7602480                                {pd product} {ergonomic}
    uintx NonProfiledCodeHeapSize                  = 122027880                              {pd product} {ergonomic}
    uintx ProfiledCodeHeapSize                     = 122027880                              {pd product} {ergonomic}
    uintx ReservedCodeCacheSize                    = 251658240                              {pd product} {ergonomic}
     bool SegmentedCodeCache                       = true                                      {product} {ergonomic}
   size_t SoftMaxHeapSize                          = 2147483648                             {manageable} {ergonomic}
     bool UseCompressedClassPointers               = true                           {product lp64_product} {ergonomic}
     bool UseCompressedOops                        = true                           {product lp64_product} {ergonomic}
     bool UseG1GC                                  = true                                      {product} {ergonomic}
     bool UseLargePagesIndividualAllocation        = false                                  {pd product} {ergonomic}

Logging:
Log output configuration:
 #0: stdout all=warning uptime,level,tags
 #1: stderr all=off uptime,level,tags

Environment Variables:
JAVA_HOME=C:\Users\Bush Baby\AppData\Local/Programs/jdk-17
PATH=C:\Users\Bush Baby\bin;C:\Program Files\Git\mingw64\bin;C:\Program Files\Git\usr\local\bin;C:\Program Files\Git\usr\bin;C:\Program Files\Git\usr\bin;C:\Program Files\Git\mingw64\bin;C:\Program Files\Git\usr\bin;C:\Users\Bush Baby\bin;C:\Program Files (x86)\Common Files\Oracle\Java\java8path;C:\Program Files (x86)\Common Files\Oracle\Java\javapath;C:\Program Files (x86)\VMware\VMware Workstation\bin;C:\Program Files\Eclipse Adoptium\jdk-21.0.8.9-hotspot\bin;C:\Program Files (x86)\Common Files\Intel\Shared Files\cpp\bin\Intel64;C:\Windows\System32\AMD;C:\WINDOWS\system32;C:\WINDOWS;C:\WINDOWS\System32\Wbem;C:\WINDOWS\System32\WindowsPowerShell\v1.0;C:\WINDOWS\System32\OpenSSH;C:\Users\Bush Baby\AppData\Local\Microsoft\WindowsApps;C:\Program Files\dotnet;C:\Program Files\CrowdSec;C:\Program Files\Sunshine;C:\Program Files\Sunshine\tools;C:\Program Files\NVIDIA Corporation\NVIDIA App\NvDLISR;C:\Program Files (x86)\NVIDIA Corporation\PhysX\Common;C:\Program Files\Git\cmd;C:\Program Files\WireGuard;C:\Program Files\Tailscale;C:\Program Files (x86)\Windows Kits\10\Windows Performance Toolkit;C:\Program Files\Go\bin;C:\Program Files (x86)\Eclipse\Sumo\bin;C:\Program Files (x86)\Eclipse\Sumo\tools;C:\Program Files\nodejs;C:\Program Files\PowerShell\7;C:\Users\Bush Baby\AppData\Local\Programs\Python\Python313\Scripts;C:\Users\Bush Baby\AppData\Local\Programs\Python\Python313;C:\Users\Bush Baby\.cargo\bin;C:\Program Files (x86)\Common Files\Intel\Shared Files\cpp\bin\Intel64;C:\Program Files (x86)\VMware\VMware Player\bin;C:\Windows\System32\AMD;C:\WINDOWS\system32;C:\WINDOWS;C:\WINDOWS\System32\Wbem;C:\WINDOWS\System32\WindowsPowerShell\v1.0;C:\WINDOWS\System32\OpenSSH;C:\Users\Bush Baby\AppData\Local\Microsoft\WindowsApps;C:\Program Files\PowerShell\7;C:\Program Files\dotnet;C:\Program Files\CrowdSec;C:\Program Files\Git\cmd;C:\Users\Bush Baby\AppData\Local\Microsoft\WindowsApps;C:\Users\Bush Baby\AppData\Local\Programs\Microsoft VS Code\bin;C:\yt-dlp;C:\Users\Bush Baby\AppData\Local\Programs\VapourSynth\core;C:\Users\Bush Baby\AppData\Local\Programs\VapourSynth\vsrepo;C:\Users\Bush Baby\.lmstudio\bin;C:\Users\Bush Baby\.dotnet\tools;C:\Users\Bush Baby\AppData\Local\Programs\Ollama;C:\Users\Bush Baby\AppData\Local\Microsoft\WinGet\Packages\Google.Protobuf_Microsoft.Winget.Source_8wekyb3d8bbwe\bin;C:\Program Files\VideoLAN\VLC;C:\Users\Bush Baby\AppData\Local\GitHubCLIPortable\bin;C:\Users\Bush Baby\AppData\Local\kotlin-lsp;C:\Users\Bush Baby\Documents\LLVM\bin;C:\Users\Bush Baby\go\bin;C:\Users\Bush Baby\AppData\Roaming\npm;C:\Users\Bush Baby\AppData\Local\Microsoft\WinGet\Links;C:\Users\Bush Baby\AppData\Local\Python\bin;C:\Program Files\Git\usr\bin\vendor_perl;C:\Program Files\Git\usr\bin\core_perl
USERNAME=Bush Baby
SHELL=C:\Program Files\Git\usr\bin\bash.exe
TERM=xterm-256color
OS=Windows_NT
PROCESSOR_IDENTIFIER=AMD64 Family 25 Model 97 Stepping 2, AuthenticAMD
TMP=C:\Users\BUSHBA~1\AppData\Local\Temp
TEMP=C:\Users\BUSHBA~1\AppData\Local\Temp



Periodic native trim disabled


---------------  S Y S T E M  ---------------

OS:
 Windows 11 , 64 bit Build 26100 (10.0.26100.9278)
OS uptime: 2 days 10:58 hours
Hyper-V role detected

CPU: total 16 (initial active 16) (16 cores per cpu, 2 threads per core) family 25 model 97 stepping 2 microcode 0xa601203, cx8, cmov, fxsr, ht, mmx, 3dnowpref, sse, sse2, sse3, ssse3, sse4a, sse4.1, sse4.2, popcnt, lzcnt, tsc, tscinvbit, avx, avx2, aes, erms, clmul, bmi1, bmi2, adx, avx512f, avx512dq, avx512cd, avx512bw, avx512vl, sha, fma, vzeroupper, avx512_vpopcntdq, avx512_vpclmulqdq, avx512_vaes, avx512_vnni, clflush, clflushopt, avx512_vbmi2, avx512_vbmi, hv
Processor Information for the first 16 processors :
  Max Mhz: 4501, Current Mhz: 4501, Mhz Limit: 4501

Memory: 4k page, system-wide physical 31864M (269M free)
TotalPageFile size 64632M (AvailPageFile size 1M)
current process WorkingSet (physical memory assigned to process): 1210M, peak: 1228M
current process commit charge ("private bytes"): 1258M, peak: 1273M

vm_info: OpenJDK 64-Bit Server VM (17.0.19+10-LTS) for windows-amd64 JRE (17.0.19+10-LTS), built on Apr 18 2026 18:24:40 by "MicrosoftCorporation" with MS VC++ 17.14 (VS2022)

END.
