#
# There is insufficient memory for the Java Runtime Environment to continue.
# Native memory allocation (malloc) failed to allocate 1462896 bytes. Error detail: Chunk::new
# Possible reasons:
#   The system is out of physical RAM or swap space
#   This process is running with CompressedOops enabled, and the Java Heap may be blocking the growth of the native heap
# Possible solutions:
#   Reduce memory load on the system
#   Increase physical memory or swap space
#   Check if swap backing store is full
#   Decrease Java heap size (-Xmx/-Xms)
#   Decrease number of Java threads
#   Decrease Java thread stack sizes (-Xss)
#   Set larger code cache with -XX:ReservedCodeCacheSize=
#   JVM is running with Unscaled Compressed Oops mode in which the Java heap is
#     placed in the first 4GB address space. The Java Heap base address is the
#     maximum limit for the native heap growth. Please use -XX:HeapBaseMinAddress
#     to set the Java Heap base and to place the Java Heap above 4GB virtual address.
# This output file may be truncated or incomplete.
#
#  Out of Memory Error (arena.cpp:191), pid=2192, tid=10156
#
# JRE version: OpenJDK Runtime Environment Microsoft-13877129 (17.0.19+10) (build 17.0.19+10-LTS)
# Java VM: OpenJDK 64-Bit Server VM Microsoft-13877129 (17.0.19+10-LTS, mixed mode, sharing, tiered, compressed oops, compressed class ptrs, g1 gc, windows-amd64)
# No core dump will be written. Minidumps are not enabled by default on client versions of Windows
#

---------------  S U M M A R Y ------------

Command Line: --add-opens=java.base/java.lang=ALL-UNNAMED --add-opens=java.base/java.lang.invoke=ALL-UNNAMED --add-opens=java.base/java.util=ALL-UNNAMED --add-opens=java.prefs/java.util.prefs=ALL-UNNAMED --add-exports=jdk.compiler/com.sun.tools.javac.api=ALL-UNNAMED --add-exports=jdk.compiler/com.sun.tools.javac.util=ALL-UNNAMED --add-opens=java.base/java.util=ALL-UNNAMED --add-opens=java.prefs/java.util.prefs=ALL-UNNAMED --add-opens=java.base/java.nio.charset=ALL-UNNAMED --add-opens=java.base/java.net=ALL-UNNAMED --add-opens=java.base/java.util.concurrent=ALL-UNNAMED --add-opens=java.base/java.util.concurrent.atomic=ALL-UNNAMED --add-opens=java.xml/javax.xml.namespace=ALL-UNNAMED --add-opens=java.base/java.time=ALL-UNNAMED -Xmx2048m -Dfile.encoding=UTF-8 -Duser.country=US -Duser.language=en -Duser.variant -javaagent:C:\Users\Bush Baby\.gradle\wrapper\dists\gradle-9.4.1-bin\arn2x92ynaizyzdaamcbpbhtj\gradle-9.4.1\lib\agents\gradle-instrumentation-agent-9.4.1.jar org.gradle.launcher.daemon.bootstrap.GradleDaemon 9.4.1

Host: AMD Ryzen 7 7700X 8-Core Processor             , 16 cores, 31G,  Windows 11 , 64 bit Build 26100 (10.0.26100.9278)
Time: Wed Sep  2 19:12:29 2026 FLE Daylight Time elapsed time: 15.175914 seconds (0d 0h 0m 15s)

---------------  T H R E A D  ---------------

Current thread (0x0000012e90859480):  JavaThread "C2 CompilerThread3" daemon [_thread_in_native, id=10156, stack(0x0000002029900000,0x0000002029a00000)]


Current CompileTask:
C2:15175 23981       4       ksp.com.intellij.openapi.vfs.impl.ArchiveHandler::processEntry (232 bytes)

Stack: [0x0000002029900000,0x0000002029a00000]
Native frames: (J=compiled Java code, j=interpreted, Vv=VM code, C=native code)
V  [jvm.dll+0x68cc89]  (no source info available)
V  [jvm.dll+0x845d89]  (no source info available)
V  [jvm.dll+0x847af8]  (no source info available)
V  [jvm.dll+0x848183]  (no source info available)
V  [jvm.dll+0x24d0bf]  (no source info available)
V  [jvm.dll+0xaed56]  (no source info available)
V  [jvm.dll+0xaf3fc]  (no source info available)
V  [jvm.dll+0x37186f]  (no source info available)
V  [jvm.dll+0x33baf5]  (no source info available)
V  [jvm.dll+0x33af5a]  (no source info available)
V  [jvm.dll+0x21dfc9]  (no source info available)
V  [jvm.dll+0x21d412]  (no source info available)
V  [jvm.dll+0x1a8db6]  (no source info available)
V  [jvm.dll+0x22dc6b]  (no source info available)
V  [jvm.dll+0x22bdf6]  (no source info available)
V  [jvm.dll+0x7fbecb]  (no source info available)
V  [jvm.dll+0x7f62cc]  (no source info available)
V  [jvm.dll+0x68e227]  (no source info available)
C  [ucrtbase.dll+0x2cd30]  (no source info available)
C  [KERNEL32.DLL+0x2ccb7]  (no source info available)
C  [ntdll.dll+0xacaec]  (no source info available)


---------------  P R O C E S S  ---------------

Threads class SMR info:
_java_thread_list=0x0000012eb558c680, length=176, elements={
0x0000012e278b6ec0, 0x0000012e469af960, 0x0000012e46754710, 0x0000012e4676d5f0,
0x0000012e4676fed0, 0x0000012e46773320, 0x0000012e469b86f0, 0x0000012e4677df50,
0x0000012e4677e860, 0x0000012e469cf4d0, 0x0000012e4673fd00, 0x0000012e46a85670,
0x0000012e46aba040, 0x0000012e46aea520, 0x0000012e46c076b0, 0x0000012e8e7021c0,
0x0000012e8e896170, 0x0000012e8ced7320, 0x0000012e8ddc2840, 0x0000012e8ecd3020,
0x0000012e8c165d30, 0x0000012e8c167170, 0x0000012e8c167b90, 0x0000012e8c166240,
0x0000012e8c167680, 0x0000012e8c164e00, 0x0000012e8c166c60, 0x0000012e8f6c0960,
0x0000012e8f6c1890, 0x0000012e8f6c27c0, 0x0000012e8f6c22b0, 0x0000012e8f6c0450,
0x0000012e8f6c1da0, 0x0000012e8f6c2cd0, 0x0000012e8f6c31e0, 0x0000012e8f6c1380,
0x0000012e8f6c6480, 0x0000012e8f6c3c00, 0x0000012e8f6c5f70, 0x0000012e8f6c6ea0,
0x0000012e8f6c4110, 0x0000012e8f6c6990, 0x0000012e8f6c73b0, 0x0000012e8f6c4b30,
0x0000012e8f6c5040, 0x0000012e8f6c5550, 0x0000012e8f6c5a60, 0x0000012e8c166750,
0x0000012e8c165310, 0x0000012e8c1680a0, 0x0000012e8c165820, 0x0000012e92cda3f0,
0x0000012e92cda900, 0x0000012e92cdb320, 0x0000012e92cdc250, 0x0000012e936e9f00,
0x0000012e9085b9b0, 0x0000012e90859480, 0x0000012eb47dd660, 0x0000012eb47e3690,
0x0000012eb47e2c70, 0x0000012eb47e2250, 0x0000012eb47e3180, 0x0000012eb47e3ba0,
0x0000012eb47e1d40, 0x0000012eb47e2760, 0x0000012eb47e40b0, 0x0000012eb47e1320,
0x0000012eb47e45c0, 0x0000012eb47e0e10, 0x0000012eb47e4ad0, 0x0000012eb47e4fe0,
0x0000012eb47e1830, 0x0000012e913a2e90, 0x0000012e913a0610, 0x0000012e8d620d30,
0x0000012e9085cef0, 0x0000012e90d083f0, 0x0000012e90d09d40, 0x0000012e90d0ac70,
0x0000012e90d0a760, 0x0000012e90d074c0, 0x0000012e90d0a250, 0x0000012e90d09320,
0x0000012e90d0b180, 0x0000012e90d079d0, 0x0000012e90d0df10, 0x0000012e90d0da00,
0x0000012e90d0e420, 0x0000012e90d0cfe0, 0x0000012e90d0b690, 0x0000012e90d0bba0,
0x0000012e90d0c0b0, 0x0000012e90d0c5c0, 0x0000012e915a9aa0, 0x0000012e90d0cad0,
0x0000012e90d0d4f0, 0x0000012eb455ba20, 0x0000012eb455a5e0, 0x0000012eb4559bc0,
0x0000012eb455a0d0, 0x0000012eb45596b0, 0x0000012eb455aaf0, 0x0000012eb455b000,
0x0000012eb455b510, 0x0000012eb4558270, 0x0000012eb455bf30, 0x0000012eb4558780,
0x0000012eb455c440, 0x0000012eb4558c90, 0x0000012eb455c950, 0x0000012eb45591a0,
0x0000012eb455ce60, 0x0000012eb455e7b0, 0x0000012eb455d370, 0x0000012eb455dd90,
0x0000012eb455ecc0, 0x0000012eb455e2a0, 0x0000012eb455f1d0, 0x0000012eb455f6e0,
0x0000012eb455fbf0, 0x0000012eaec65e20, 0x0000012eaec68190, 0x0000012eaec67c80,
0x0000012eaec66d50, 0x0000012eaec64ef0, 0x0000012eaec67770, 0x0000012eaec68bb0,
0x0000012eaec686a0, 0x0000012eaec65400, 0x0000012eaec66840, 0x0000012eaec69ff0,
0x0000012eaec6a500, 0x0000012eaec6aa10, 0x0000012eaec67260, 0x0000012eaec6c360,
0x0000012eaec6b430, 0x0000012eaec6b940, 0x0000012eaec6c870, 0x0000012eaec6be50,
0x0000012eb47de080, 0x0000012e8f6bff40, 0x0000012eb47e0900, 0x0000012e913a4cf0,
0x0000012e8c1648f0, 0x0000012e8d626d60, 0x0000012e90d07ee0, 0x0000012e9203f240,
0x0000012e9203f750, 0x0000012e9203ed30, 0x0000012e9203de00, 0x0000012e9203e310,
0x0000012e9203d8f0, 0x0000012e9203fc60, 0x0000012e9203c4b0, 0x0000012e9203c9c0,
0x0000012e92040680, 0x0000012e9203ced0, 0x0000012e9203d3e0, 0x0000012e920429f0,
0x0000012e92043410, 0x0000012e92043920, 0x0000012e92042f00, 0x0000012e920415b0,
0x0000012e920424e0, 0x0000012e92040170, 0x0000012e92043e30, 0x0000012e92040b90,
0x0000012e92041fd0, 0x0000012e920410a0, 0x0000012e9203e820, 0x0000012e920470d0,
0x0000012e920475e0, 0x0000012e92045780, 0x0000012e92044340, 0x0000012e92045270
}

Java Threads: ( => current thread )
  0x0000012e278b6ec0 JavaThread "main" [_thread_blocked, id=9740, stack(0x0000002028100000,0x0000002028200000)]
  0x0000012e469af960 JavaThread "Reference Handler" daemon [_thread_blocked, id=29492, stack(0x0000002028800000,0x0000002028900000)]
  0x0000012e46754710 JavaThread "Finalizer" daemon [_thread_blocked, id=13812, stack(0x0000002028900000,0x0000002028a00000)]
  0x0000012e4676d5f0 JavaThread "Signal Dispatcher" daemon [_thread_blocked, id=27108, stack(0x0000002028a00000,0x0000002028b00000)]
  0x0000012e4676fed0 JavaThread "Attach Listener" daemon [_thread_blocked, id=12896, stack(0x0000002028b00000,0x0000002028c00000)]
  0x0000012e46773320 JavaThread "Service Thread" daemon [_thread_blocked, id=24312, stack(0x0000002028c00000,0x0000002028d00000)]
  0x0000012e469b86f0 JavaThread "Monitor Deflation Thread" daemon [_thread_blocked, id=27796, stack(0x0000002028d00000,0x0000002028e00000)]
  0x0000012e4677df50 JavaThread "C2 CompilerThread0" daemon [_thread_in_native, id=13640, stack(0x0000002028e00000,0x0000002028f00000)]
  0x0000012e4677e860 JavaThread "C1 CompilerThread0" daemon [_thread_blocked, id=26232, stack(0x0000002028f00000,0x0000002029000000)]
  0x0000012e469cf4d0 JavaThread "Sweeper thread" daemon [_thread_in_vm, id=15052, stack(0x0000002029000000,0x0000002029100000)]
  0x0000012e4673fd00 JavaThread "Common-Cleaner" daemon [_thread_blocked, id=16860, stack(0x0000002029100000,0x0000002029200000)]
  0x0000012e46a85670 JavaThread "C1 CompilerThread1" daemon [_thread_in_native, id=25912, stack(0x0000002029200000,0x0000002029300000)]
  0x0000012e46aba040 JavaThread "C1 CompilerThread2" daemon [_thread_in_native, id=28816, stack(0x0000002029300000,0x0000002029400000)]
  0x0000012e46aea520 JavaThread "C1 CompilerThread3" daemon [_thread_in_native, id=25928, stack(0x0000002029400000,0x0000002029500000)]
  0x0000012e46c076b0 JavaThread "Notification Thread" daemon [_thread_blocked, id=27220, stack(0x0000002029600000,0x0000002029700000)]
  0x0000012e8e7021c0 JavaThread "Daemon health stats" [_thread_blocked, id=26168, stack(0x000000202a500000,0x000000202a600000)]
  0x0000012e8e896170 JavaThread "Incoming local TCP Connector on port 57194" [_thread_in_native, id=4732, stack(0x000000202a600000,0x000000202a700000)]
  0x0000012e8ced7320 JavaThread "Daemon periodic checks" [_thread_blocked, id=11496, stack(0x000000202a700000,0x000000202a800000)]
  0x0000012e8ddc2840 JavaThread "Daemon" [_thread_blocked, id=12148, stack(0x000000202a800000,0x000000202a900000)]
  0x0000012e8ecd3020 JavaThread "Handler for socket connection from /127.0.0.1:57194 to /127.0.0.1:57195" [_thread_in_native, id=8056, stack(0x000000202a900000,0x000000202aa00000)]
  0x0000012e8c165d30 JavaThread "Cancel handler" [_thread_blocked, id=24804, stack(0x000000202aa00000,0x000000202ab00000)]
  0x0000012e8c167170 JavaThread "Daemon worker" [_thread_blocked, id=25712, stack(0x000000202ab00000,0x000000202ac00000)]
  0x0000012e8c167b90 JavaThread "Asynchronous log dispatcher for DefaultDaemonConnection: socket connection from /127.0.0.1:57194 to /127.0.0.1:57195" [_thread_in_vm, id=27520, stack(0x000000202ac00000,0x000000202ad00000)]
  0x0000012e8c166240 JavaThread "Stdin handler" [_thread_blocked, id=29416, stack(0x000000202ad00000,0x000000202ae00000)]
  0x0000012e8c167680 JavaThread "Daemon client event forwarder" [_thread_blocked, id=19872, stack(0x000000202ae00000,0x000000202af00000)]
  0x0000012e8c164e00 JavaThread "Cache worker for journal cache (C:\Users\Bush Baby\.gradle\caches\journal-1)" [_thread_blocked, id=15056, stack(0x000000202af00000,0x000000202b000000)]
  0x0000012e8c166c60 JavaThread "File lock request listener" [_thread_in_native, id=20476, stack(0x000000202b000000,0x000000202b100000)]
  0x0000012e8f6c0960 JavaThread "Cache worker for file hash cache (C:\Users\Bush Baby\.gradle\caches\9.4.1\fileHashes)" [_thread_blocked, id=10628, stack(0x000000202b100000,0x000000202b200000)]
  0x0000012e8f6c1890 JavaThread "Cache worker for file hash cache (F:\Code\Development\wetter\.gradle\9.4.1\fileHashes)" [_thread_blocked, id=1868, stack(0x000000202b600000,0x000000202b700000)]
  0x0000012e8f6c27c0 JavaThread "Cache worker for Build Output Cleanup Cache (F:\Code\Development\wetter\.gradle\buildOutputCleanup)" [_thread_blocked, id=14524, stack(0x000000202b700000,0x000000202b800000)]
  0x0000012e8f6c22b0 JavaThread "File watcher server" daemon [_thread_in_native, id=9872, stack(0x000000202b800000,0x000000202b900000)]
  0x0000012e8f6c0450 JavaThread "File watcher consumer" daemon [_thread_blocked, id=12508, stack(0x000000202b900000,0x000000202ba00000)]
  0x0000012e8f6c1da0 JavaThread "Cache worker for file content cache (C:\Users\Bush Baby\.gradle\caches\9.4.1\fileContent)" [_thread_blocked, id=14220, stack(0x000000202ba00000,0x000000202bb00000)]
  0x0000012e8f6c2cd0 JavaThread "Cache worker for checksums cache (F:\Code\Development\wetter\.gradle\9.4.1\checksums)" [_thread_blocked, id=28856, stack(0x000000202bb00000,0x000000202bc00000)]
  0x0000012e8f6c31e0 JavaThread "Cache worker for cache directory md-supplier (C:\Users\Bush Baby\.gradle\caches\9.4.1\md-supplier)" [_thread_blocked, id=27656, stack(0x000000202bc00000,0x000000202bd00000)]
  0x0000012e8f6c1380 JavaThread "Cache worker for cache directory md-rule (C:\Users\Bush Baby\.gradle\caches\9.4.1\md-rule)" [_thread_blocked, id=16988, stack(0x000000202bd00000,0x000000202be00000)]
  0x0000012e8f6c6480 JavaThread "Build operations" [_thread_blocked, id=13272, stack(0x000000202bf00000,0x000000202c000000)]
  0x0000012e8f6c3c00 JavaThread "Build operations Thread 2" [_thread_blocked, id=13952, stack(0x000000202c000000,0x000000202c100000)]
  0x0000012e8f6c5f70 JavaThread "Build operations Thread 3" [_thread_blocked, id=25552, stack(0x000000202c100000,0x000000202c200000)]
  0x0000012e8f6c6ea0 JavaThread "Build operations Thread 4" [_thread_blocked, id=24488, stack(0x000000202c200000,0x000000202c300000)]
  0x0000012e8f6c4110 JavaThread "Build operations Thread 5" [_thread_blocked, id=26820, stack(0x000000202c300000,0x000000202c400000)]
  0x0000012e8f6c6990 JavaThread "Build operations Thread 6" [_thread_blocked, id=20424, stack(0x000000202c400000,0x000000202c500000)]
  0x0000012e8f6c73b0 JavaThread "Build operations Thread 7" [_thread_blocked, id=27596, stack(0x000000202c500000,0x000000202c600000)]
  0x0000012e8f6c4b30 JavaThread "Build operations Thread 8" [_thread_blocked, id=11676, stack(0x000000202c600000,0x000000202c700000)]
  0x0000012e8f6c5040 JavaThread "Build operations Thread 9" [_thread_blocked, id=27636, stack(0x000000202c700000,0x000000202c800000)]
  0x0000012e8f6c5550 JavaThread "Build operations Thread 10" [_thread_blocked, id=27312, stack(0x000000202c800000,0x000000202c900000)]
  0x0000012e8f6c5a60 JavaThread "Build operations Thread 11" [_thread_blocked, id=28860, stack(0x000000202c900000,0x000000202ca00000)]
  0x0000012e8c166750 JavaThread "Build operations Thread 12" [_thread_blocked, id=27004, stack(0x000000202ca00000,0x000000202cb00000)]
  0x0000012e8c165310 JavaThread "Build operations Thread 13" [_thread_blocked, id=14096, stack(0x000000202cb00000,0x000000202cc00000)]
  0x0000012e8c1680a0 JavaThread "Build operations Thread 14" [_thread_blocked, id=24272, stack(0x000000202cc00000,0x000000202cd00000)]
  0x0000012e8c165820 JavaThread "Build operations Thread 15" [_thread_blocked, id=4628, stack(0x000000202cd00000,0x000000202ce00000)]
  0x0000012e92cda3f0 JavaThread "Build operations Thread 16" [_thread_blocked, id=17576, stack(0x000000202ce00000,0x000000202cf00000)]
  0x0000012e92cda900 JavaThread "Memory manager" [_thread_blocked, id=15732, stack(0x000000202d100000,0x000000202d200000)]
  0x0000012e92cdb320 JavaThread "build event listener" [_thread_blocked, id=7640, stack(0x000000202d000000,0x000000202d100000)]
  0x0000012e92cdc250 JavaThread "build event listener" [_thread_blocked, id=21564, stack(0x000000202d200000,0x000000202d300000)]
  0x0000012e936e9f00 JavaThread "C2 CompilerThread1" daemon [_thread_blocked, id=26812, stack(0x0000002029500000,0x0000002029600000)]
  0x0000012e9085b9b0 JavaThread "C2 CompilerThread2" daemon [_thread_blocked, id=24176, stack(0x0000002029800000,0x0000002029900000)]
=>0x0000012e90859480 JavaThread "C2 CompilerThread3" daemon [_thread_in_native, id=10156, stack(0x0000002029900000,0x0000002029a00000)]
  0x0000012eb47dd660 JavaThread "ForkJoinPool.commonPool-worker-1" daemon [_thread_blocked, id=17344, stack(0x000000202dd00000,0x000000202de00000)]
  0x0000012eb47e3690 JavaThread "ForkJoinPool.commonPool-worker-2" daemon [_thread_blocked, id=21928, stack(0x000000202de00000,0x000000202df00000)]
  0x0000012eb47e2c70 JavaThread "ForkJoinPool.commonPool-worker-3" daemon [_thread_blocked, id=24144, stack(0x000000202df00000,0x000000202e000000)]
  0x0000012eb47e2250 JavaThread "ForkJoinPool.commonPool-worker-4" daemon [_thread_blocked, id=24376, stack(0x000000202e000000,0x000000202e100000)]
  0x0000012eb47e3180 JavaThread "ForkJoinPool.commonPool-worker-5" daemon [_thread_blocked, id=28048, stack(0x000000202e100000,0x000000202e200000)]
  0x0000012eb47e3ba0 JavaThread "ForkJoinPool.commonPool-worker-6" daemon [_thread_blocked, id=29616, stack(0x000000202e200000,0x000000202e300000)]
  0x0000012eb47e1d40 JavaThread "ForkJoinPool.commonPool-worker-7" daemon [_thread_blocked, id=28980, stack(0x000000202e300000,0x000000202e400000)]
  0x0000012eb47e2760 JavaThread "ForkJoinPool.commonPool-worker-8" daemon [_thread_blocked, id=12936, stack(0x000000202e400000,0x000000202e500000)]
  0x0000012eb47e40b0 JavaThread "ForkJoinPool.commonPool-worker-9" daemon [_thread_blocked, id=24396, stack(0x000000202e500000,0x000000202e600000)]
  0x0000012eb47e1320 JavaThread "ForkJoinPool.commonPool-worker-10" daemon [_thread_blocked, id=11628, stack(0x000000202e600000,0x000000202e700000)]
  0x0000012eb47e45c0 JavaThread "ForkJoinPool.commonPool-worker-11" daemon [_thread_blocked, id=17940, stack(0x000000202e700000,0x000000202e800000)]
  0x0000012eb47e0e10 JavaThread "Exec process" [_thread_blocked, id=5484, stack(0x000000202e800000,0x000000202e900000)]
  0x0000012eb47e4ad0 JavaThread "Exec process Thread 2" [_thread_blocked, id=29428, stack(0x000000202e900000,0x000000202ea00000)]
  0x0000012eb47e4fe0 JavaThread "Exec process Thread 3" [_thread_blocked, id=11420, stack(0x000000202ea00000,0x000000202eb00000)]
  0x0000012eb47e1830 JavaThread "ForkJoinPool.commonPool-worker-12" daemon [_thread_blocked, id=7760, stack(0x000000202eb00000,0x000000202ec00000)]
  0x0000012e913a2e90 JavaThread "ForkJoinPool.commonPool-worker-13" daemon [_thread_blocked, id=25208, stack(0x000000202ec00000,0x000000202ed00000)]
  0x0000012e913a0610 JavaThread "ForkJoinPool.commonPool-worker-14" daemon [_thread_blocked, id=29128, stack(0x000000202db00000,0x000000202dc00000)]
  0x0000012e8d620d30 JavaThread "ForkJoinPool.commonPool-worker-15" daemon [_thread_blocked, id=12504, stack(0x0000002029a00000,0x0000002029b00000)]
  0x0000012e9085cef0 JavaThread "C2 CompilerThread4" daemon [_thread_in_native, id=21140, stack(0x000000202dc00000,0x000000202dd00000)]
  0x0000012e90d083f0 JavaThread "included builds" [_thread_blocked, id=8052, stack(0x000000202ed00000,0x000000202ee00000)]
  0x0000012e90d09d40 JavaThread "Execution worker" [_thread_blocked, id=27384, stack(0x000000202ee00000,0x000000202ef00000)]
  0x0000012e90d0ac70 JavaThread "Execution worker Thread 2" [_thread_blocked, id=29564, stack(0x000000202ef00000,0x000000202f000000)]
  0x0000012e90d0a760 JavaThread "Execution worker Thread 3" [_thread_blocked, id=21324, stack(0x000000202f000000,0x000000202f100000)]
  0x0000012e90d074c0 JavaThread "Execution worker Thread 4" [_thread_blocked, id=17488, stack(0x000000202f100000,0x000000202f200000)]
  0x0000012e90d0a250 JavaThread "Execution worker Thread 5" [_thread_in_Java, id=27500, stack(0x000000202f200000,0x000000202f300000)]
  0x0000012e90d09320 JavaThread "Execution worker Thread 6" [_thread_blocked, id=26704, stack(0x000000202f300000,0x000000202f400000)]
  0x0000012e90d0b180 JavaThread "Execution worker Thread 7" [_thread_blocked, id=26548, stack(0x000000202f400000,0x000000202f500000)]
  0x0000012e90d079d0 JavaThread "Execution worker Thread 8" [_thread_blocked, id=14920, stack(0x000000202f500000,0x000000202f600000)]
  0x0000012e90d0df10 JavaThread "Execution worker Thread 9" [_thread_blocked, id=25680, stack(0x000000202f600000,0x000000202f700000)]
  0x0000012e90d0da00 JavaThread "Execution worker Thread 10" [_thread_blocked, id=27328, stack(0x000000202f700000,0x000000202f800000)]
  0x0000012e90d0e420 JavaThread "Execution worker Thread 11" [_thread_blocked, id=16928, stack(0x000000202f800000,0x000000202f900000)]
  0x0000012e90d0cfe0 JavaThread "Execution worker Thread 12" [_thread_blocked, id=21580, stack(0x000000202f900000,0x000000202fa00000)]
  0x0000012e90d0b690 JavaThread "Execution worker Thread 13" [_thread_blocked, id=28628, stack(0x000000202fa00000,0x000000202fb00000)]
  0x0000012e90d0bba0 JavaThread "Execution worker Thread 14" [_thread_blocked, id=2428, stack(0x000000202fb00000,0x000000202fc00000)]
  0x0000012e90d0c0b0 JavaThread "Execution worker Thread 15" [_thread_blocked, id=25188, stack(0x000000202fc00000,0x000000202fd00000)]
  0x0000012e90d0c5c0 JavaThread "Cache worker for execution history cache (F:\Code\Development\wetter\.gradle\9.4.1\executionHistory)" [_thread_blocked, id=29608, stack(0x000000202fd00000,0x000000202fe00000)]
  0x0000012e915a9aa0 JavaThread "C2 CompilerThread5" daemon [_thread_blocked, id=13676, stack(0x000000202fe00000,0x000000202ff00000)]
  0x0000012e90d0cad0 JavaThread "jar transforms" [_thread_blocked, id=22260, stack(0x0000002030100000,0x0000002030200000)]
  0x0000012e90d0d4f0 JavaThread "jar transforms Thread 2" [_thread_blocked, id=12196, stack(0x0000002030200000,0x0000002030300000)]
  0x0000012eb455ba20 JavaThread "jar transforms Thread 3" [_thread_blocked, id=27052, stack(0x0000002030300000,0x0000002030400000)]
  0x0000012eb455a5e0 JavaThread "jar transforms Thread 4" [_thread_blocked, id=17268, stack(0x0000002030400000,0x0000002030500000)]
  0x0000012eb4559bc0 JavaThread "jar transforms Thread 5" [_thread_blocked, id=20184, stack(0x0000002030500000,0x0000002030600000)]
  0x0000012eb455a0d0 JavaThread "jar transforms Thread 6" [_thread_blocked, id=26476, stack(0x0000002030600000,0x0000002030700000)]
  0x0000012eb45596b0 JavaThread "jar transforms Thread 7" [_thread_blocked, id=22128, stack(0x0000002030700000,0x0000002030800000)]
  0x0000012eb455aaf0 JavaThread "jar transforms Thread 8" [_thread_blocked, id=1704, stack(0x0000002030800000,0x0000002030900000)]
  0x0000012eb455b000 JavaThread "jar transforms Thread 9" [_thread_blocked, id=23908, stack(0x0000002030900000,0x0000002030a00000)]
  0x0000012eb455b510 JavaThread "jar transforms Thread 10" [_thread_blocked, id=21496, stack(0x0000002030a00000,0x0000002030b00000)]
  0x0000012eb4558270 JavaThread "jar transforms Thread 11" [_thread_blocked, id=17724, stack(0x0000002030b00000,0x0000002030c00000)]
  0x0000012eb455bf30 JavaThread "jar transforms Thread 12" [_thread_blocked, id=6424, stack(0x0000002030c00000,0x0000002030d00000)]
  0x0000012eb4558780 JavaThread "jar transforms Thread 13" [_thread_blocked, id=13048, stack(0x0000002030d00000,0x0000002030e00000)]
  0x0000012eb455c440 JavaThread "jar transforms Thread 14" [_thread_blocked, id=19472, stack(0x0000002030e00000,0x0000002030f00000)]
  0x0000012eb4558c90 JavaThread "jar transforms Thread 15" [_thread_blocked, id=10172, stack(0x0000002030f00000,0x0000002031000000)]
  0x0000012eb455c950 JavaThread "jar transforms Thread 16" [_thread_blocked, id=15980, stack(0x0000002031000000,0x0000002031100000)]
  0x0000012eb45591a0 JavaThread "WorkerExecutor Queue" [_thread_blocked, id=22976, stack(0x0000002031100000,0x0000002031200000)]
  0x0000012eb455ce60 JavaThread "WorkerExecutor Queue Thread 2" [_thread_blocked, id=10592, stack(0x0000002031200000,0x0000002031300000)]
  0x0000012eb455e7b0 JavaThread "WorkerExecutor Queue Thread 3" [_thread_blocked, id=14204, stack(0x0000002031300000,0x0000002031400000)]
  0x0000012eb455d370 JavaThread "WorkerExecutor Queue Thread 4" [_thread_blocked, id=28272, stack(0x0000002031400000,0x0000002031500000)]
  0x0000012eb455dd90 JavaThread "Incoming local TCP Connector on port 57225" [_thread_blocked, id=27408, stack(0x0000002031500000,0x0000002031600000)]
  0x0000012eb455ecc0 JavaThread "Incoming local TCP Connector on port 57223" [_thread_blocked, id=24152, stack(0x0000002031600000,0x0000002031700000)]
  0x0000012eb455e2a0 JavaThread "Incoming local TCP Connector on port 57224" [_thread_blocked, id=26380, stack(0x0000002031700000,0x0000002031800000)]
  0x0000012eb455f1d0 JavaThread "WorkerExecutor Queue Thread 5" [_thread_blocked, id=18756, stack(0x0000002031800000,0x0000002031900000)]
  0x0000012eb455f6e0 JavaThread "WorkerExecutor Queue Thread 6" [_thread_blocked, id=4472, stack(0x0000002031900000,0x0000002031a00000)]
  0x0000012eb455fbf0 JavaThread "Exec process" [_thread_in_native, id=29516, stack(0x0000002031a00000,0x0000002031b00000)]
  0x0000012eaec65e20 JavaThread "Exec process Thread 2" [_thread_in_native, id=15764, stack(0x0000002031b00000,0x0000002031c00000)]
  0x0000012eaec68190 JavaThread "Exec process Thread 3" [_thread_in_native, id=28564, stack(0x0000002031c00000,0x0000002031d00000)]
  0x0000012eaec67c80 JavaThread "Exec process Thread 4" [_thread_in_native, id=27724, stack(0x0000002031e00000,0x0000002031f00000)]
  0x0000012eaec66d50 JavaThread "Exec process Thread 5" [_thread_in_native, id=21116, stack(0x0000002031f00000,0x0000002032000000)]
  0x0000012eaec64ef0 JavaThread "Exec process Thread 6" [_thread_in_native, id=29268, stack(0x0000002031d00000,0x0000002031e00000)]
  0x0000012eaec67770 JavaThread "Exec process Thread 7" [_thread_in_native, id=1300, stack(0x0000002032100000,0x0000002032200000)]
  0x0000012eaec68bb0 JavaThread "Exec process Thread 8" [_thread_in_native, id=11796, stack(0x0000002032200000,0x0000002032300000)]
  0x0000012eaec686a0 JavaThread "Exec process Thread 9" [_thread_in_native, id=15280, stack(0x0000002032300000,0x0000002032400000)]
  0x0000012eaec65400 JavaThread "WorkerExecutor Queue Thread 7" [_thread_blocked, id=2400, stack(0x0000002032000000,0x0000002032100000)]
  0x0000012eaec66840 JavaThread "WorkerExecutor Queue Thread 8" [_thread_in_native, id=25256, stack(0x0000002032400000,0x0000002032500000)]
  0x0000012eaec69ff0 JavaThread "WorkerExecutor Queue Thread 9" [_thread_blocked, id=8816, stack(0x0000002032500000,0x0000002032600000)]
  0x0000012eaec6a500 JavaThread "Incoming local TCP Connector on port 57227" [_thread_blocked, id=23328, stack(0x0000002032600000,0x0000002032700000)]
  0x0000012eaec6aa10 JavaThread "Exec process Thread 10" [_thread_in_native, id=6528, stack(0x0000002032700000,0x0000002032800000)]
  0x0000012eaec67260 JavaThread "WorkerExecutor Queue Thread 10" [_thread_blocked, id=11652, stack(0x0000002032800000,0x0000002032900000)]
  0x0000012eaec6c360 JavaThread "Exec process Thread 11" [_thread_blocked, id=11300, stack(0x0000002032b00000,0x0000002032c00000)]
  0x0000012eaec6b430 JavaThread "Exec process Thread 12" [_thread_blocked, id=15412, stack(0x0000002032c00000,0x0000002032d00000)]
  0x0000012eaec6b940 JavaThread "Exec process Thread 13" [_thread_blocked, id=1736, stack(0x0000002032d00000,0x0000002032e00000)]
  0x0000012eaec6c870 JavaThread "Exec process Thread 14" [_thread_blocked, id=24300, stack(0x0000002032e00000,0x0000002032f00000)]
  0x0000012eaec6be50 JavaThread "WorkerExecutor Queue Thread 11" [_thread_blocked, id=5408, stack(0x0000002032a00000,0x0000002032b00000)]
  0x0000012eb47de080 JavaThread "Exec process Thread 15" [_thread_blocked, id=29220, stack(0x0000002033100000,0x0000002033200000)]
  0x0000012e8f6bff40 JavaThread "Exec process Thread 16" [_thread_blocked, id=4744, stack(0x0000002033200000,0x0000002033300000)]
  0x0000012eb47e0900 JavaThread "/127.0.0.1:57223 to /127.0.0.1:57229 workers" [_thread_blocked, id=28760, stack(0x0000002032f00000,0x0000002033000000)]
  0x0000012e913a4cf0 JavaThread "/127.0.0.1:57225 to /127.0.0.1:57226 workers" [_thread_blocked, id=21552, stack(0x0000002033300000,0x0000002033400000)]
  0x0000012e8c1648f0 JavaThread "/127.0.0.1:57224 to /127.0.0.1:57230 workers" [_thread_blocked, id=26236, stack(0x0000002033400000,0x0000002033500000)]
  0x0000012e8d626d60 JavaThread "/127.0.0.1:57225 to /127.0.0.1:57226 workers Thread 2" [_thread_blocked, id=2420, stack(0x0000002033500000,0x0000002033600000)]
  0x0000012e90d07ee0 JavaThread "/127.0.0.1:57223 to /127.0.0.1:57229 workers Thread 2" [_thread_blocked, id=29636, stack(0x0000002033600000,0x0000002033700000)]
  0x0000012e9203f240 JavaThread "/127.0.0.1:57224 to /127.0.0.1:57230 workers Thread 2" [_thread_blocked, id=28836, stack(0x0000002033700000,0x0000002033800000)]
  0x0000012e9203f750 JavaThread "/127.0.0.1:57224 to /127.0.0.1:57230 workers Thread 3" [_thread_blocked, id=1708, stack(0x0000002033800000,0x0000002033900000)]
  0x0000012e9203ed30 JavaThread "/127.0.0.1:57223 to /127.0.0.1:57229 workers Thread 3" [_thread_blocked, id=6204, stack(0x0000002033900000,0x0000002033a00000)]
  0x0000012e9203de00 JavaThread "/127.0.0.1:57225 to /127.0.0.1:57226 workers Thread 3" [_thread_blocked, id=12704, stack(0x0000002033a00000,0x0000002033b00000)]
  0x0000012e9203e310 JavaThread "WorkerExecutor Queue Thread 12" [_thread_blocked, id=5592, stack(0x0000002033b00000,0x0000002033c00000)]
  0x0000012e9203d8f0 JavaThread "Exec process Thread 17" [_thread_blocked, id=13328, stack(0x0000002033d00000,0x0000002033e00000)]
  0x0000012e9203fc60 JavaThread "Exec process Thread 18" [_thread_blocked, id=6700, stack(0x0000002033e00000,0x0000002033f00000)]
  0x0000012e9203c4b0 JavaThread "Exec process Thread 19" [_thread_blocked, id=2284, stack(0x0000002033c00000,0x0000002033d00000)]
  0x0000012e9203c9c0 JavaThread "WorkerExecutor Queue Thread 13" [_thread_blocked, id=14512, stack(0x0000002034000000,0x0000002034100000)]
  0x0000012e92040680 JavaThread "Exec process Thread 20" [_thread_blocked, id=26188, stack(0x0000002034200000,0x0000002034300000)]
  0x0000012e9203ced0 JavaThread "Exec process Thread 21" [_thread_blocked, id=9820, stack(0x0000002034300000,0x0000002034400000)]
  0x0000012e9203d3e0 JavaThread "WorkerExecutor Queue Thread 14" [_thread_blocked, id=17640, stack(0x0000002034100000,0x0000002034200000)]
  0x0000012e920429f0 JavaThread "/127.0.0.1:57225 to /127.0.0.1:57226 workers Thread 4" [_thread_blocked, id=2892, stack(0x0000002034400000,0x0000002034500000)]
  0x0000012e92043410 JavaThread "/127.0.0.1:57224 to /127.0.0.1:57230 workers Thread 4" [_thread_blocked, id=9044, stack(0x0000002034500000,0x0000002034600000)]
  0x0000012e92043920 JavaThread "/127.0.0.1:57223 to /127.0.0.1:57229 workers Thread 4" [_thread_blocked, id=26964, stack(0x0000002034600000,0x0000002034700000)]
  0x0000012e92042f00 JavaThread "/127.0.0.1:57224 to /127.0.0.1:57230 workers Thread 5" [_thread_in_native, id=28188, stack(0x0000002034700000,0x0000002034800000)]
  0x0000012e920415b0 JavaThread "/127.0.0.1:57223 to /127.0.0.1:57229 workers Thread 5" [_thread_in_native, id=28612, stack(0x0000002034800000,0x0000002034900000)]
  0x0000012e920424e0 JavaThread "/127.0.0.1:57225 to /127.0.0.1:57226 workers Thread 5" [_thread_in_native, id=28920, stack(0x0000002034900000,0x0000002034a00000)]
  0x0000012e92040170 JavaThread "WorkerExecutor Queue Thread 15" [_thread_blocked, id=27816, stack(0x0000002034a00000,0x0000002034b00000)]
  0x0000012e92043e30 JavaThread "WorkerExecutor Queue Thread 16" [_thread_blocked, id=28868, stack(0x0000002032900000,0x0000002032a00000)]
  0x0000012e92040b90 JavaThread "/127.0.0.1:57227 to /127.0.0.1:57241 workers" [_thread_blocked, id=22896, stack(0x0000002033000000,0x0000002033100000)]
  0x0000012e92041fd0 JavaThread "/127.0.0.1:57227 to /127.0.0.1:57241 workers Thread 2" [_thread_blocked, id=29004, stack(0x0000002033f00000,0x0000002034000000)]
  0x0000012e920410a0 JavaThread "/127.0.0.1:57227 to /127.0.0.1:57241 workers Thread 3" [_thread_blocked, id=13292, stack(0x0000002034b00000,0x0000002034c00000)]
  0x0000012e9203e820 JavaThread "/127.0.0.1:57227 to /127.0.0.1:57241 workers Thread 4" [_thread_blocked, id=18184, stack(0x0000002034c00000,0x0000002034d00000)]
  0x0000012e920470d0 JavaThread "/127.0.0.1:57227 to /127.0.0.1:57241 workers Thread 5" [_thread_blocked, id=28084, stack(0x0000002034d00000,0x0000002034e00000)]
  0x0000012e920475e0 JavaThread "DefaultDispatcher-worker-1" daemon [_thread_blocked, id=3248, stack(0x000000202ff00000,0x0000002030000000)]
  0x0000012e92045780 JavaThread "DefaultDispatcher-worker-2" daemon [_thread_blocked, id=27936, stack(0x0000002030000000,0x0000002030100000)]
  0x0000012e92044340 JavaThread "DefaultDispatcher-worker-3" daemon [_thread_blocked, id=22776, stack(0x0000002034e00000,0x0000002034f00000)]
  0x0000012e92045270 JavaThread "Thread-147" [_thread_in_native, id=15832, stack(0x0000002034f00000,0x0000002035000000)]

Other Threads:
  0x0000012e469ae010 VMThread "VM Thread" [stack: 0x0000002028700000,0x0000002028800000] [id=11424]
  0x0000012e46bf1110 WatcherThread [stack: 0x0000002029700000,0x0000002029800000] [id=27180]
  0x0000012e27915670 GCTaskThread "GC Thread#0" [stack: 0x0000002028200000,0x0000002028300000] [id=11396]
  0x0000012e46c69590 GCTaskThread "GC Thread#1" [stack: 0x0000002029b00000,0x0000002029c00000] [id=22536]
  0x0000012e46c68d20 GCTaskThread "GC Thread#2" [stack: 0x0000002029c00000,0x0000002029d00000] [id=25088]
  0x0000012e46c68a50 GCTaskThread "GC Thread#3" [stack: 0x0000002029d00000,0x0000002029e00000] [id=23140]
  0x0000012e46c68ff0 GCTaskThread "GC Thread#4" [stack: 0x0000002029e00000,0x0000002029f00000] [id=3932]
  0x0000012e46c692c0 GCTaskThread "GC Thread#5" [stack: 0x0000002029f00000,0x000000202a000000] [id=4952]
  0x0000012e46c69860 GCTaskThread "GC Thread#6" [stack: 0x000000202a000000,0x000000202a100000] [id=18676]
  0x0000012e46c68780 GCTaskThread "GC Thread#7" [stack: 0x000000202a100000,0x000000202a200000] [id=24896]
  0x0000012e46c69b30 GCTaskThread "GC Thread#8" [stack: 0x000000202a200000,0x000000202a300000] [id=13256]
  0x0000012e46c684b0 GCTaskThread "GC Thread#9" [stack: 0x000000202a300000,0x000000202a400000] [id=28660]
  0x0000012e8c504ad0 GCTaskThread "GC Thread#10" [stack: 0x000000202a400000,0x000000202a500000] [id=27620]
  0x0000012e8c504da0 GCTaskThread "GC Thread#11" [stack: 0x000000202b200000,0x000000202b300000] [id=7456]
  0x0000012e8c505bb0 GCTaskThread "GC Thread#12" [stack: 0x000000202b300000,0x000000202b400000] [id=26324]
  0x0000012e279271b0 ConcurrentGCThread "G1 Main Marker" [stack: 0x0000002028300000,0x0000002028400000] [id=6212]
  0x0000012e27928280 ConcurrentGCThread "G1 Conc#0" [stack: 0x0000002028400000,0x0000002028500000] [id=12624]
  0x0000012e8c503cc0 ConcurrentGCThread "G1 Conc#1" [stack: 0x000000202b400000,0x000000202b500000] [id=24544]
  0x0000012e8c504530 ConcurrentGCThread "G1 Conc#2" [stack: 0x000000202b500000,0x000000202b600000] [id=11596]
  0x0000012e466e45c0 ConcurrentGCThread "G1 Refine#0" [stack: 0x0000002028500000,0x0000002028600000] [id=20612]
  0x0000012e902debd0 ConcurrentGCThread "G1 Refine#1" [stack: 0x000000202be00000,0x000000202bf00000] [id=27044]
  0x0000012e902e18d0 ConcurrentGCThread "G1 Refine#2" [stack: 0x000000202cf00000,0x000000202d000000] [id=25196]
  0x0000012e902e00d0 ConcurrentGCThread "G1 Refine#3" [stack: 0x000000202d300000,0x000000202d400000] [id=15332]
  0x0000012e902e0fd0 ConcurrentGCThread "G1 Refine#4" [stack: 0x000000202d400000,0x000000202d500000] [id=27268]
  0x0000012e902dfdd0 ConcurrentGCThread "G1 Refine#5" [stack: 0x000000202d500000,0x000000202d600000] [id=28248]
  0x0000012e902e06d0 ConcurrentGCThread "G1 Refine#6" [stack: 0x000000202d600000,0x000000202d700000] [id=11900]
  0x0000012e902e03d0 ConcurrentGCThread "G1 Refine#7" [stack: 0x000000202d700000,0x000000202d800000] [id=3380]
  0x0000012e902e1ed0 ConcurrentGCThread "G1 Refine#8" [stack: 0x000000202d800000,0x000000202d900000] [id=6952]
  0x0000012e902e15d0 ConcurrentGCThread "G1 Refine#9" [stack: 0x000000202d900000,0x000000202da00000] [id=26544]
  0x0000012e902deed0 ConcurrentGCThread "G1 Refine#10" [stack: 0x000000202da00000,0x000000202db00000] [id=9020]
  0x0000012e466e5dc0 ConcurrentGCThread "G1 Service" [stack: 0x0000002028600000,0x0000002028700000] [id=4576]

Threads with active compile tasks:
C2 CompilerThread0  15206 24137   !   4       jdk.internal.loader.URLClassPath$JarLoader::getResource (354 bytes)
C1 CompilerThread1  15206 24216       3       com.android.tools.r8.internal.b41::next (105 bytes)
C1 CompilerThread2  15206 24215       3       com.android.tools.r8.internal.b41::hasNext (31 bytes)
C2 CompilerThread3  15206 23981       4       ksp.com.intellij.openapi.vfs.impl.ArchiveHandler::processEntry (232 bytes)
C2 CompilerThread4  15206 23971       4       ksp.com.intellij.openapi.vfs.impl.ArchiveHandler::directoryEntry (146 bytes)

VM state: not at safepoint (normal execution)

VM Mutex/Monitor currently owned by a thread:  ([mutex/lock_event])
[0x0000012e278b1be0] CompiledIC_lock - owner thread: 0x0000012e469cf4d0

Heap address: 0x0000000080000000, size: 2048 MB, Compressed Oops mode: 32-bit

CDS archive(s) mapped at: [0x0000012e47000000-0x0000012e47bb0000-0x0000012e47bb0000), size 12255232, SharedBaseAddress: 0x0000012e47000000, ArchiveRelocationMode: 1.
Compressed class space mapped at: 0x0000012e48000000-0x0000012e88000000, reserved size: 1073741824
Narrow klass base: 0x0000012e47000000, Narrow klass shift: 0, Narrow klass range: 0x100000000

GC Precious Log:
 CPUs: 16 total, 16 available
 Memory: 31864M
 Large Page Support: Disabled
 NUMA Support: Disabled
 Compressed Oops: Enabled (32-bit)
 Heap Region Size: 1M
 Heap Min Capacity: 8M
 Heap Initial Capacity: 498M
 Heap Max Capacity: 2G
 Pre-touch: Disabled
 Parallel Workers: 13
 Concurrent Workers: 3
 Concurrent Refinement Workers: 13
 Periodic GC: Disabled

Heap:
 garbage-first heap   total 703488K, used 424179K [0x0000000080000000, 0x0000000100000000)
  region size 1024K, 275 young (281600K), 29 survivors (29696K)
 Metaspace       used 212881K, committed 214208K, reserved 1245184K
  class space    used 28086K, committed 28736K, reserved 1048576K

Heap Regions: E=young(eden), S=young(survivor), O=old, HS=humongous(starts), HC=humongous(continues), CS=collection set, F=free, OA=open archive, CA=closed archive, TAMS=top-at-mark-start (previous, next)
|   0|0x0000000080000000, 0x0000000080100000, 0x0000000080100000|100%|HS|  |TAMS 0x0000000080100000, 0x0000000080000000| Complete 
|   1|0x0000000080100000, 0x0000000080200000, 0x0000000080200000|100%|HC|  |TAMS 0x0000000080200000, 0x0000000080100000| Complete 
|   2|0x0000000080200000, 0x0000000080300000, 0x0000000080300000|100%|HC|  |TAMS 0x0000000080300000, 0x0000000080200000| Complete 
|   3|0x0000000080300000, 0x0000000080400000, 0x0000000080400000|100%|HC|  |TAMS 0x0000000080400000, 0x0000000080300000| Complete 
|   4|0x0000000080400000, 0x0000000080500000, 0x0000000080500000|100%| O|  |TAMS 0x0000000080500000, 0x0000000080400000| Untracked 
|   5|0x0000000080500000, 0x0000000080600000, 0x0000000080600000|100%| O|  |TAMS 0x0000000080600000, 0x0000000080500000| Untracked 
|   6|0x0000000080600000, 0x0000000080700000, 0x0000000080700000|100%| O|  |TAMS 0x0000000080700000, 0x0000000080600000| Untracked 
|   7|0x0000000080700000, 0x0000000080800000, 0x0000000080800000|100%| O|  |TAMS 0x0000000080800000, 0x0000000080700000| Untracked 
|   8|0x0000000080800000, 0x0000000080900000, 0x0000000080900000|100%|HS|  |TAMS 0x0000000080900000, 0x0000000080800000| Complete 
|   9|0x0000000080900000, 0x0000000080a00000, 0x0000000080a00000|100%| O|  |TAMS 0x0000000080a00000, 0x0000000080900000| Untracked 
|  10|0x0000000080a00000, 0x0000000080b00000, 0x0000000080b00000|100%| O|  |TAMS 0x0000000080b00000, 0x0000000080a00000| Untracked 
|  11|0x0000000080b00000, 0x0000000080c00000, 0x0000000080c00000|100%| O|  |TAMS 0x0000000080c00000, 0x0000000080b00000| Untracked 
|  12|0x0000000080c00000, 0x0000000080cd6000, 0x0000000080d00000| 83%| O|  |TAMS 0x0000000080cd6000, 0x0000000080c00000| Untracked 
|  13|0x0000000080d00000, 0x0000000080e00000, 0x0000000080e00000|100%| O|  |TAMS 0x0000000080e00000, 0x0000000080d00000| Untracked 
|  14|0x0000000080e00000, 0x0000000080f00000, 0x0000000080f00000|100%| O|  |TAMS 0x0000000080f00000, 0x0000000080e00000| Untracked 
|  15|0x0000000080f00000, 0x0000000081000000, 0x0000000081000000|100%| O|  |TAMS 0x0000000081000000, 0x0000000080f00000| Untracked 
|  16|0x0000000081000000, 0x0000000081100000, 0x0000000081100000|100%| O|  |TAMS 0x0000000081100000, 0x0000000081000000| Untracked 
|  17|0x0000000081100000, 0x0000000081200000, 0x0000000081200000|100%| O|  |TAMS 0x0000000081200000, 0x0000000081100000| Untracked 
|  18|0x0000000081200000, 0x0000000081300000, 0x0000000081300000|100%| O|  |TAMS 0x0000000081300000, 0x0000000081200000| Untracked 
|  19|0x0000000081300000, 0x0000000081400000, 0x0000000081400000|100%| O|  |TAMS 0x0000000081400000, 0x0000000081300000| Untracked 
|  20|0x0000000081400000, 0x0000000081500000, 0x0000000081500000|100%| O|  |TAMS 0x0000000081500000, 0x0000000081400000| Untracked 
|  21|0x0000000081500000, 0x0000000081600000, 0x0000000081600000|100%| O|  |TAMS 0x0000000081600000, 0x0000000081500000| Untracked 
|  22|0x0000000081600000, 0x0000000081700000, 0x0000000081700000|100%| O|  |TAMS 0x0000000081700000, 0x0000000081600000| Untracked 
|  23|0x0000000081700000, 0x0000000081800000, 0x0000000081800000|100%| O|  |TAMS 0x0000000081800000, 0x0000000081700000| Untracked 
|  24|0x0000000081800000, 0x0000000081900000, 0x0000000081900000|100%| O|  |TAMS 0x0000000081900000, 0x0000000081800000| Untracked 
|  25|0x0000000081900000, 0x0000000081a00000, 0x0000000081a00000|100%| O|  |TAMS 0x0000000081a00000, 0x0000000081900000| Untracked 
|  26|0x0000000081a00000, 0x0000000081b00000, 0x0000000081b00000|100%| O|  |TAMS 0x0000000081b00000, 0x0000000081a00000| Untracked 
|  27|0x0000000081b00000, 0x0000000081c00000, 0x0000000081c00000|100%| O|  |TAMS 0x0000000081c00000, 0x0000000081b00000| Untracked 
|  28|0x0000000081c00000, 0x0000000081d00000, 0x0000000081d00000|100%| O|  |TAMS 0x0000000081d00000, 0x0000000081c00000| Untracked 
|  29|0x0000000081d00000, 0x0000000081e00000, 0x0000000081e00000|100%| O|  |TAMS 0x0000000081e00000, 0x0000000081d00000| Untracked 
|  30|0x0000000081e00000, 0x0000000081f00000, 0x0000000081f00000|100%| O|  |TAMS 0x0000000081f00000, 0x0000000081e00000| Untracked 
|  31|0x0000000081f00000, 0x0000000082000000, 0x0000000082000000|100%| O|  |TAMS 0x0000000082000000, 0x0000000081f00000| Untracked 
|  32|0x0000000082000000, 0x0000000082100000, 0x0000000082100000|100%| O|  |TAMS 0x0000000082100000, 0x0000000082000000| Untracked 
|  33|0x0000000082100000, 0x0000000082200000, 0x0000000082200000|100%| O|  |TAMS 0x0000000082200000, 0x0000000082100000| Untracked 
|  34|0x0000000082200000, 0x0000000082300000, 0x0000000082300000|100%| O|  |TAMS 0x0000000082300000, 0x0000000082200000| Untracked 
|  35|0x0000000082300000, 0x0000000082400000, 0x0000000082400000|100%| O|  |TAMS 0x0000000082400000, 0x0000000082300000| Untracked 
|  36|0x0000000082400000, 0x0000000082500000, 0x0000000082500000|100%| O|  |TAMS 0x0000000082500000, 0x0000000082400000| Untracked 
|  37|0x0000000082500000, 0x0000000082600000, 0x0000000082600000|100%| O|  |TAMS 0x0000000082600000, 0x0000000082500000| Untracked 
|  38|0x0000000082600000, 0x0000000082700000, 0x0000000082700000|100%| O|  |TAMS 0x0000000082600000, 0x0000000082600000| Untracked 
|  39|0x0000000082700000, 0x0000000082800000, 0x0000000082800000|100%| O|  |TAMS 0x0000000082800000, 0x0000000082700000| Untracked 
|  40|0x0000000082800000, 0x0000000082900000, 0x0000000082900000|100%| O|  |TAMS 0x0000000082900000, 0x0000000082800000| Untracked 
|  41|0x0000000082900000, 0x0000000082a00000, 0x0000000082a00000|100%| O|  |TAMS 0x0000000082900000, 0x0000000082900000| Untracked 
|  42|0x0000000082a00000, 0x0000000082b00000, 0x0000000082b00000|100%| O|  |TAMS 0x0000000082b00000, 0x0000000082a00000| Untracked 
|  43|0x0000000082b00000, 0x0000000082c00000, 0x0000000082c00000|100%| O|  |TAMS 0x0000000082c00000, 0x0000000082b00000| Untracked 
|  44|0x0000000082c00000, 0x0000000082d00000, 0x0000000082d00000|100%|HS|  |TAMS 0x0000000082d00000, 0x0000000082c00000| Complete 
|  45|0x0000000082d00000, 0x0000000082e00000, 0x0000000082e00000|100%|HS|  |TAMS 0x0000000082e00000, 0x0000000082d00000| Complete 
|  46|0x0000000082e00000, 0x0000000082f00000, 0x0000000082f00000|100%|HS|  |TAMS 0x0000000082f00000, 0x0000000082e00000| Complete 
|  47|0x0000000082f00000, 0x0000000083000000, 0x0000000083000000|100%|HC|  |TAMS 0x0000000083000000, 0x0000000082f00000| Complete 
|  48|0x0000000083000000, 0x0000000083100000, 0x0000000083100000|100%|HS|  |TAMS 0x0000000083100000, 0x0000000083000000| Complete 
|  49|0x0000000083100000, 0x0000000083200000, 0x0000000083200000|100%|HS|  |TAMS 0x0000000083200000, 0x0000000083100000| Complete 
|  50|0x0000000083200000, 0x0000000083300000, 0x0000000083300000|100%| O|  |TAMS 0x0000000083300000, 0x0000000083200000| Untracked 
|  51|0x0000000083300000, 0x0000000083400000, 0x0000000083400000|100%|HS|  |TAMS 0x0000000083400000, 0x0000000083300000| Complete 
|  52|0x0000000083400000, 0x0000000083500000, 0x0000000083500000|100%|HC|  |TAMS 0x0000000083500000, 0x0000000083400000| Complete 
|  53|0x0000000083500000, 0x0000000083600000, 0x0000000083600000|100%|HS|  |TAMS 0x0000000083600000, 0x0000000083500000| Complete 
|  54|0x0000000083600000, 0x0000000083700000, 0x0000000083700000|100%|HS|  |TAMS 0x0000000083700000, 0x0000000083600000| Complete 
|  55|0x0000000083700000, 0x0000000083800000, 0x0000000083800000|100%| O|  |TAMS 0x0000000083800000, 0x0000000083700000| Untracked 
|  56|0x0000000083800000, 0x0000000083900000, 0x0000000083900000|100%| O|  |TAMS 0x0000000083900000, 0x0000000083800000| Untracked 
|  57|0x0000000083900000, 0x0000000083a00000, 0x0000000083a00000|100%| O|  |TAMS 0x0000000083a00000, 0x0000000083900000| Untracked 
|  58|0x0000000083a00000, 0x0000000083b00000, 0x0000000083b00000|100%|HS|  |TAMS 0x0000000083b00000, 0x0000000083a00000| Complete 
|  59|0x0000000083b00000, 0x0000000083c00000, 0x0000000083c00000|100%| O|  |TAMS 0x0000000083c00000, 0x0000000083b00000| Untracked 
|  60|0x0000000083c00000, 0x0000000083d00000, 0x0000000083d00000|100%| O|  |TAMS 0x0000000083d00000, 0x0000000083c00000| Untracked 
|  61|0x0000000083d00000, 0x0000000083e00000, 0x0000000083e00000|100%| O|  |TAMS 0x0000000083e00000, 0x0000000083d00000| Untracked 
|  62|0x0000000083e00000, 0x0000000083f00000, 0x0000000083f00000|100%| O|  |TAMS 0x0000000083f00000, 0x0000000083e00000| Untracked 
|  63|0x0000000083f00000, 0x0000000084000000, 0x0000000084000000|100%| O|  |TAMS 0x0000000084000000, 0x0000000083f00000| Untracked 
|  64|0x0000000084000000, 0x0000000084100000, 0x0000000084100000|100%| O|  |TAMS 0x0000000084100000, 0x0000000084000000| Untracked 
|  65|0x0000000084100000, 0x0000000084200000, 0x0000000084200000|100%| O|  |TAMS 0x0000000084200000, 0x0000000084100000| Untracked 
|  66|0x0000000084200000, 0x0000000084300000, 0x0000000084300000|100%| O|  |TAMS 0x0000000084300000, 0x0000000084200000| Untracked 
|  67|0x0000000084300000, 0x0000000084400000, 0x0000000084400000|100%| O|  |TAMS 0x0000000084400000, 0x0000000084300000| Untracked 
|  68|0x0000000084400000, 0x0000000084500000, 0x0000000084500000|100%| O|  |TAMS 0x0000000084500000, 0x0000000084400000| Untracked 
|  69|0x0000000084500000, 0x0000000084600000, 0x0000000084600000|100%| O|  |TAMS 0x0000000084600000, 0x0000000084500000| Untracked 
|  70|0x0000000084600000, 0x0000000084700000, 0x0000000084700000|100%| O|  |TAMS 0x0000000084700000, 0x0000000084600000| Untracked 
|  71|0x0000000084700000, 0x0000000084800000, 0x0000000084800000|100%| O|  |TAMS 0x0000000084800000, 0x0000000084700000| Untracked 
|  72|0x0000000084800000, 0x0000000084900000, 0x0000000084900000|100%| O|  |TAMS 0x0000000084900000, 0x0000000084800000| Untracked 
|  73|0x0000000084900000, 0x0000000084a00000, 0x0000000084a00000|100%| O|  |TAMS 0x0000000084a00000, 0x0000000084900000| Untracked 
|  74|0x0000000084a00000, 0x0000000084b00000, 0x0000000084b00000|100%| O|  |TAMS 0x0000000084b00000, 0x0000000084a00000| Untracked 
|  75|0x0000000084b00000, 0x0000000084c00000, 0x0000000084c00000|100%| O|  |TAMS 0x0000000084c00000, 0x0000000084b00000| Untracked 
|  76|0x0000000084c00000, 0x0000000084d00000, 0x0000000084d00000|100%| O|  |TAMS 0x0000000084d00000, 0x0000000084c00000| Untracked 
|  77|0x0000000084d00000, 0x0000000084e00000, 0x0000000084e00000|100%| O|  |TAMS 0x0000000084e00000, 0x0000000084d00000| Untracked 
|  78|0x0000000084e00000, 0x0000000084f00000, 0x0000000084f00000|100%| O|  |TAMS 0x0000000084f00000, 0x0000000084e00000| Untracked 
|  79|0x0000000084f00000, 0x0000000085000000, 0x0000000085000000|100%| O|  |TAMS 0x0000000084f00000, 0x0000000084f00000| Untracked 
|  80|0x0000000085000000, 0x0000000085100000, 0x0000000085100000|100%| O|  |TAMS 0x0000000085000000, 0x0000000085000000| Untracked 
|  81|0x0000000085100000, 0x0000000085200000, 0x0000000085200000|100%| O|  |TAMS 0x0000000085100000, 0x0000000085100000| Untracked 
|  82|0x0000000085200000, 0x0000000085300000, 0x0000000085300000|100%| O|  |TAMS 0x0000000085200000, 0x0000000085200000| Untracked 
|  83|0x0000000085300000, 0x0000000085400000, 0x0000000085400000|100%| O|  |TAMS 0x0000000085300000, 0x0000000085300000| Untracked 
|  84|0x0000000085400000, 0x0000000085500000, 0x0000000085500000|100%| O|  |TAMS 0x0000000085400000, 0x0000000085400000| Untracked 
|  85|0x0000000085500000, 0x0000000085600000, 0x0000000085600000|100%| O|  |TAMS 0x0000000085500000, 0x0000000085500000| Untracked 
|  86|0x0000000085600000, 0x0000000085700000, 0x0000000085700000|100%|HS|  |TAMS 0x0000000085600000, 0x0000000085600000| Complete 
|  87|0x0000000085700000, 0x0000000085800000, 0x0000000085800000|100%| O|  |TAMS 0x0000000085700000, 0x0000000085700000| Untracked 
|  88|0x0000000085800000, 0x0000000085900000, 0x0000000085900000|100%| O|  |TAMS 0x0000000085900000, 0x0000000085800000| Untracked 
|  89|0x0000000085900000, 0x0000000085a00000, 0x0000000085a00000|100%| O|  |TAMS 0x0000000085a00000, 0x0000000085900000| Untracked 
|  90|0x0000000085a00000, 0x0000000085b00000, 0x0000000085b00000|100%| O|  |TAMS 0x0000000085b00000, 0x0000000085a00000| Untracked 
|  91|0x0000000085b00000, 0x0000000085c00000, 0x0000000085c00000|100%| O|  |TAMS 0x0000000085c00000, 0x0000000085b00000| Untracked 
|  92|0x0000000085c00000, 0x0000000085d00000, 0x0000000085d00000|100%| O|  |TAMS 0x0000000085d00000, 0x0000000085c00000| Untracked 
|  93|0x0000000085d00000, 0x0000000085e00000, 0x0000000085e00000|100%| O|  |TAMS 0x0000000085e00000, 0x0000000085d00000| Untracked 
|  94|0x0000000085e00000, 0x0000000085f00000, 0x0000000085f00000|100%| O|  |TAMS 0x0000000085f00000, 0x0000000085e00000| Untracked 
|  95|0x0000000085f00000, 0x0000000086000000, 0x0000000086000000|100%| O|  |TAMS 0x0000000086000000, 0x0000000085f00000| Untracked 
|  96|0x0000000086000000, 0x0000000086100000, 0x0000000086100000|100%| O|  |TAMS 0x0000000086100000, 0x0000000086000000| Untracked 
|  97|0x0000000086100000, 0x0000000086200000, 0x0000000086200000|100%| O|  |TAMS 0x0000000086200000, 0x0000000086100000| Untracked 
|  98|0x0000000086200000, 0x0000000086300000, 0x0000000086300000|100%|HS|  |TAMS 0x0000000086200000, 0x0000000086200000| Complete 
|  99|0x0000000086300000, 0x0000000086400000, 0x0000000086400000|100%| O|  |TAMS 0x0000000086400000, 0x0000000086300000| Untracked 
| 100|0x0000000086400000, 0x0000000086500000, 0x0000000086500000|100%|HS|  |TAMS 0x0000000086400000, 0x0000000086400000| Complete 
| 101|0x0000000086500000, 0x0000000086600000, 0x0000000086600000|100%| O|  |TAMS 0x0000000086500000, 0x0000000086500000| Untracked 
| 102|0x0000000086600000, 0x0000000086700000, 0x0000000086700000|100%|HS|  |TAMS 0x0000000086600000, 0x0000000086600000| Complete 
| 103|0x0000000086700000, 0x0000000086800000, 0x0000000086800000|100%| O|  |TAMS 0x0000000086700000, 0x0000000086700000| Untracked 
| 104|0x0000000086800000, 0x0000000086900000, 0x0000000086900000|100%| O|  |TAMS 0x0000000086800000, 0x0000000086800000| Untracked 
| 105|0x0000000086900000, 0x00000000869bcc00, 0x0000000086a00000| 73%| O|  |TAMS 0x0000000086900000, 0x0000000086900000| Untracked 
| 106|0x0000000086a00000, 0x0000000086a00000, 0x0000000086b00000|  0%| F|  |TAMS 0x0000000086a00000, 0x0000000086a00000| Untracked 
| 107|0x0000000086b00000, 0x0000000086c00000, 0x0000000086c00000|100%|HS|  |TAMS 0x0000000086b00000, 0x0000000086b00000| Complete 
| 108|0x0000000086c00000, 0x0000000086d00000, 0x0000000086d00000|100%|HC|  |TAMS 0x0000000086c00000, 0x0000000086c00000| Complete 
| 109|0x0000000086d00000, 0x0000000086e00000, 0x0000000086e00000|100%|HC|  |TAMS 0x0000000086d00000, 0x0000000086d00000| Complete 
| 110|0x0000000086e00000, 0x0000000086f00000, 0x0000000086f00000|100%|HC|  |TAMS 0x0000000086e00000, 0x0000000086e00000| Complete 
| 111|0x0000000086f00000, 0x0000000087000000, 0x0000000087000000|100%|HS|  |TAMS 0x0000000086f00000, 0x0000000086f00000| Complete 
| 112|0x0000000087000000, 0x0000000087100000, 0x0000000087100000|100%|HC|  |TAMS 0x0000000087000000, 0x0000000087000000| Complete 
| 113|0x0000000087100000, 0x0000000087200000, 0x0000000087200000|100%|HC|  |TAMS 0x0000000087100000, 0x0000000087100000| Complete 
| 114|0x0000000087200000, 0x0000000087300000, 0x0000000087300000|100%|HC|  |TAMS 0x0000000087200000, 0x0000000087200000| Complete 
| 115|0x0000000087300000, 0x0000000087400000, 0x0000000087400000|100%|HC|  |TAMS 0x0000000087300000, 0x0000000087300000| Complete 
| 116|0x0000000087400000, 0x0000000087500000, 0x0000000087500000|100%| O|  |TAMS 0x0000000087500000, 0x0000000087400000| Untracked 
| 117|0x0000000087500000, 0x0000000087600000, 0x0000000087600000|100%| O|  |TAMS 0x0000000087600000, 0x0000000087500000| Untracked 
| 118|0x0000000087600000, 0x0000000087700000, 0x0000000087700000|100%|HS|  |TAMS 0x0000000087600000, 0x0000000087600000| Complete 
| 119|0x0000000087700000, 0x0000000087800000, 0x0000000087800000|100%|HC|  |TAMS 0x0000000087700000, 0x0000000087700000| Complete 
| 120|0x0000000087800000, 0x0000000087800000, 0x0000000087900000|  0%| F|  |TAMS 0x0000000087800000, 0x0000000087800000| Untracked 
| 121|0x0000000087900000, 0x0000000087900000, 0x0000000087a00000|  0%| F|  |TAMS 0x0000000087900000, 0x0000000087900000| Untracked 
| 122|0x0000000087a00000, 0x0000000087a00000, 0x0000000087b00000|  0%| F|  |TAMS 0x0000000087a00000, 0x0000000087a00000| Untracked 
| 123|0x0000000087b00000, 0x0000000087b00000, 0x0000000087c00000|  0%| F|  |TAMS 0x0000000087b00000, 0x0000000087b00000| Untracked 
| 124|0x0000000087c00000, 0x0000000087c00000, 0x0000000087d00000|  0%| F|  |TAMS 0x0000000087c00000, 0x0000000087c00000| Untracked 
| 125|0x0000000087d00000, 0x0000000087d00000, 0x0000000087e00000|  0%| F|  |TAMS 0x0000000087d00000, 0x0000000087d00000| Untracked 
| 126|0x0000000087e00000, 0x0000000087e00000, 0x0000000087f00000|  0%| F|  |TAMS 0x0000000087e00000, 0x0000000087e00000| Untracked 
| 127|0x0000000087f00000, 0x0000000087f00000, 0x0000000088000000|  0%| F|  |TAMS 0x0000000087f00000, 0x0000000087f00000| Untracked 
| 128|0x0000000088000000, 0x0000000088000000, 0x0000000088100000|  0%| F|  |TAMS 0x0000000088000000, 0x0000000088000000| Untracked 
| 129|0x0000000088100000, 0x0000000088100000, 0x0000000088200000|  0%| F|  |TAMS 0x0000000088100000, 0x0000000088100000| Untracked 
| 130|0x0000000088200000, 0x0000000088200000, 0x0000000088300000|  0%| F|  |TAMS 0x0000000088200000, 0x0000000088200000| Untracked 
| 131|0x0000000088300000, 0x0000000088300000, 0x0000000088400000|  0%| F|  |TAMS 0x0000000088300000, 0x0000000088300000| Untracked 
| 132|0x0000000088400000, 0x0000000088500000, 0x0000000088500000|100%| O|  |TAMS 0x0000000088500000, 0x0000000088400000| Untracked 
| 133|0x0000000088500000, 0x0000000088600000, 0x0000000088600000|100%| O|  |TAMS 0x0000000088600000, 0x0000000088500000| Untracked 
| 134|0x0000000088600000, 0x0000000088700000, 0x0000000088700000|100%| O|  |TAMS 0x0000000088700000, 0x0000000088600000| Untracked 
| 135|0x0000000088700000, 0x0000000088800000, 0x0000000088800000|100%| O|  |TAMS 0x0000000088800000, 0x0000000088700000| Untracked 
| 136|0x0000000088800000, 0x0000000088800000, 0x0000000088900000|  0%| F|  |TAMS 0x0000000088800000, 0x0000000088800000| Untracked 
| 137|0x0000000088900000, 0x0000000088900000, 0x0000000088a00000|  0%| F|  |TAMS 0x0000000088900000, 0x0000000088900000| Untracked 
| 138|0x0000000088a00000, 0x0000000088b00000, 0x0000000088b00000|100%| O|  |TAMS 0x0000000088b00000, 0x0000000088a00000| Untracked 
| 139|0x0000000088b00000, 0x0000000088b00000, 0x0000000088c00000|  0%| F|  |TAMS 0x0000000088b00000, 0x0000000088b00000| Untracked 
| 140|0x0000000088c00000, 0x0000000088c00000, 0x0000000088d00000|  0%| F|  |TAMS 0x0000000088c00000, 0x0000000088c00000| Untracked 
| 141|0x0000000088d00000, 0x0000000088d00000, 0x0000000088e00000|  0%| F|  |TAMS 0x0000000088d00000, 0x0000000088d00000| Untracked 
| 142|0x0000000088e00000, 0x0000000088e00000, 0x0000000088f00000|  0%| F|  |TAMS 0x0000000088e00000, 0x0000000088e00000| Untracked 
| 143|0x0000000088f00000, 0x0000000088f00000, 0x0000000089000000|  0%| F|  |TAMS 0x0000000088f00000, 0x0000000088f00000| Untracked 
| 144|0x0000000089000000, 0x0000000089000000, 0x0000000089100000|  0%| F|  |TAMS 0x0000000089000000, 0x0000000089000000| Untracked 
| 145|0x0000000089100000, 0x0000000089200000, 0x0000000089200000|100%| O|  |TAMS 0x0000000089200000, 0x0000000089100000| Untracked 
| 146|0x0000000089200000, 0x0000000089300000, 0x0000000089300000|100%| O|  |TAMS 0x0000000089300000, 0x0000000089200000| Untracked 
| 147|0x0000000089300000, 0x0000000089400000, 0x0000000089400000|100%| O|  |TAMS 0x0000000089400000, 0x0000000089300000| Untracked 
| 148|0x0000000089400000, 0x0000000089500000, 0x0000000089500000|100%| O|  |TAMS 0x0000000089500000, 0x0000000089400000| Untracked 
| 149|0x0000000089500000, 0x0000000089600000, 0x0000000089600000|100%| O|  |TAMS 0x0000000089600000, 0x0000000089500000| Untracked 
| 150|0x0000000089600000, 0x0000000089700000, 0x0000000089700000|100%| O|  |TAMS 0x0000000089700000, 0x0000000089600000| Untracked 
| 151|0x0000000089700000, 0x0000000089700000, 0x0000000089800000|  0%| F|  |TAMS 0x0000000089700000, 0x0000000089700000| Untracked 
| 152|0x0000000089800000, 0x0000000089800000, 0x0000000089900000|  0%| F|  |TAMS 0x0000000089800000, 0x0000000089800000| Untracked 
| 153|0x0000000089900000, 0x0000000089a00000, 0x0000000089a00000|100%| O|  |TAMS 0x0000000089a00000, 0x0000000089900000| Untracked 
| 154|0x0000000089a00000, 0x0000000089a00000, 0x0000000089b00000|  0%| F|  |TAMS 0x0000000089a00000, 0x0000000089a00000| Untracked 
| 155|0x0000000089b00000, 0x0000000089b00000, 0x0000000089c00000|  0%| F|  |TAMS 0x0000000089b00000, 0x0000000089b00000| Untracked 
| 156|0x0000000089c00000, 0x0000000089c00000, 0x0000000089d00000|  0%| F|  |TAMS 0x0000000089c00000, 0x0000000089c00000| Untracked 
| 157|0x0000000089d00000, 0x0000000089d00000, 0x0000000089e00000|  0%| F|  |TAMS 0x0000000089d00000, 0x0000000089d00000| Untracked 
| 158|0x0000000089e00000, 0x0000000089e00000, 0x0000000089f00000|  0%| F|  |TAMS 0x0000000089e00000, 0x0000000089e00000| Untracked 
| 159|0x0000000089f00000, 0x000000008a000000, 0x000000008a000000|100%| O|  |TAMS 0x000000008a000000, 0x0000000089f00000| Untracked 
| 160|0x000000008a000000, 0x000000008a100000, 0x000000008a100000|100%| O|  |TAMS 0x000000008a100000, 0x000000008a000000| Untracked 
| 161|0x000000008a100000, 0x000000008a200000, 0x000000008a200000|100%| O|  |TAMS 0x000000008a200000, 0x000000008a100000| Untracked 
| 162|0x000000008a200000, 0x000000008a300000, 0x000000008a300000|100%| O|  |TAMS 0x000000008a300000, 0x000000008a200000| Untracked 
| 163|0x000000008a300000, 0x000000008a300000, 0x000000008a400000|  0%| F|  |TAMS 0x000000008a300000, 0x000000008a300000| Untracked 
| 164|0x000000008a400000, 0x000000008a400000, 0x000000008a500000|  0%| F|  |TAMS 0x000000008a400000, 0x000000008a400000| Untracked 
| 165|0x000000008a500000, 0x000000008a500000, 0x000000008a600000|  0%| F|  |TAMS 0x000000008a500000, 0x000000008a500000| Untracked 
| 166|0x000000008a600000, 0x000000008a600000, 0x000000008a700000|  0%| F|  |TAMS 0x000000008a600000, 0x000000008a600000| Untracked 
| 167|0x000000008a700000, 0x000000008a700000, 0x000000008a800000|  0%| F|  |TAMS 0x000000008a700000, 0x000000008a700000| Untracked 
| 168|0x000000008a800000, 0x000000008a800000, 0x000000008a900000|  0%| F|  |TAMS 0x000000008a800000, 0x000000008a800000| Untracked 
| 169|0x000000008a900000, 0x000000008a900000, 0x000000008aa00000|  0%| F|  |TAMS 0x000000008a900000, 0x000000008a900000| Untracked 
| 170|0x000000008aa00000, 0x000000008aa00000, 0x000000008ab00000|  0%| F|  |TAMS 0x000000008aa00000, 0x000000008aa00000| Untracked 
| 171|0x000000008ab00000, 0x000000008ab00000, 0x000000008ac00000|  0%| F|  |TAMS 0x000000008ab00000, 0x000000008ab00000| Untracked 
| 172|0x000000008ac00000, 0x000000008ac00000, 0x000000008ad00000|  0%| F|  |TAMS 0x000000008ac00000, 0x000000008ac00000| Untracked 
| 173|0x000000008ad00000, 0x000000008ad00000, 0x000000008ae00000|  0%| F|  |TAMS 0x000000008ad00000, 0x000000008ad00000| Untracked 
| 174|0x000000008ae00000, 0x000000008ae00000, 0x000000008af00000|  0%| F|  |TAMS 0x000000008ae00000, 0x000000008ae00000| Untracked 
| 175|0x000000008af00000, 0x000000008af00000, 0x000000008b000000|  0%| F|  |TAMS 0x000000008af00000, 0x000000008af00000| Untracked 
| 176|0x000000008b000000, 0x000000008b000000, 0x000000008b100000|  0%| F|  |TAMS 0x000000008b000000, 0x000000008b000000| Untracked 
| 177|0x000000008b100000, 0x000000008b100000, 0x000000008b200000|  0%| F|  |TAMS 0x000000008b100000, 0x000000008b100000| Untracked 
| 178|0x000000008b200000, 0x000000008b200000, 0x000000008b300000|  0%| F|  |TAMS 0x000000008b200000, 0x000000008b200000| Untracked 
| 179|0x000000008b300000, 0x000000008b300000, 0x000000008b400000|  0%| F|  |TAMS 0x000000008b300000, 0x000000008b300000| Untracked 
| 180|0x000000008b400000, 0x000000008b400000, 0x000000008b500000|  0%| F|  |TAMS 0x000000008b400000, 0x000000008b400000| Untracked 
| 181|0x000000008b500000, 0x000000008b500000, 0x000000008b600000|  0%| F|  |TAMS 0x000000008b500000, 0x000000008b500000| Untracked 
| 182|0x000000008b600000, 0x000000008b600000, 0x000000008b700000|  0%| F|  |TAMS 0x000000008b600000, 0x000000008b600000| Untracked 
| 183|0x000000008b700000, 0x000000008b700000, 0x000000008b800000|  0%| F|  |TAMS 0x000000008b700000, 0x000000008b700000| Untracked 
| 184|0x000000008b800000, 0x000000008b800000, 0x000000008b900000|  0%| F|  |TAMS 0x000000008b800000, 0x000000008b800000| Untracked 
| 185|0x000000008b900000, 0x000000008b900000, 0x000000008ba00000|  0%| F|  |TAMS 0x000000008b900000, 0x000000008b900000| Untracked 
| 186|0x000000008ba00000, 0x000000008ba00000, 0x000000008bb00000|  0%| F|  |TAMS 0x000000008ba00000, 0x000000008ba00000| Untracked 
| 187|0x000000008bb00000, 0x000000008bb00000, 0x000000008bc00000|  0%| F|  |TAMS 0x000000008bb00000, 0x000000008bb00000| Untracked 
| 188|0x000000008bc00000, 0x000000008bc00000, 0x000000008bd00000|  0%| F|  |TAMS 0x000000008bc00000, 0x000000008bc00000| Untracked 
| 189|0x000000008bd00000, 0x000000008bd00000, 0x000000008be00000|  0%| F|  |TAMS 0x000000008bd00000, 0x000000008bd00000| Untracked 
| 190|0x000000008be00000, 0x000000008be00000, 0x000000008bf00000|  0%| F|  |TAMS 0x000000008be00000, 0x000000008be00000| Untracked 
| 191|0x000000008bf00000, 0x000000008bf00000, 0x000000008c000000|  0%| F|  |TAMS 0x000000008bf00000, 0x000000008bf00000| Untracked 
| 192|0x000000008c000000, 0x000000008c000000, 0x000000008c100000|  0%| F|  |TAMS 0x000000008c000000, 0x000000008c000000| Untracked 
| 193|0x000000008c100000, 0x000000008c100000, 0x000000008c200000|  0%| F|  |TAMS 0x000000008c100000, 0x000000008c100000| Untracked 
| 194|0x000000008c200000, 0x000000008c200000, 0x000000008c300000|  0%| F|  |TAMS 0x000000008c200000, 0x000000008c200000| Untracked 
| 195|0x000000008c300000, 0x000000008c300000, 0x000000008c400000|  0%| F|  |TAMS 0x000000008c300000, 0x000000008c300000| Untracked 
| 196|0x000000008c400000, 0x000000008c400000, 0x000000008c500000|  0%| F|  |TAMS 0x000000008c400000, 0x000000008c400000| Untracked 
| 197|0x000000008c500000, 0x000000008c500000, 0x000000008c600000|  0%| F|  |TAMS 0x000000008c500000, 0x000000008c500000| Untracked 
| 198|0x000000008c600000, 0x000000008c600000, 0x000000008c700000|  0%| F|  |TAMS 0x000000008c600000, 0x000000008c600000| Untracked 
| 199|0x000000008c700000, 0x000000008c700000, 0x000000008c800000|  0%| F|  |TAMS 0x000000008c700000, 0x000000008c700000| Untracked 
| 200|0x000000008c800000, 0x000000008c800000, 0x000000008c900000|  0%| F|  |TAMS 0x000000008c800000, 0x000000008c800000| Untracked 
| 201|0x000000008c900000, 0x000000008c900000, 0x000000008ca00000|  0%| F|  |TAMS 0x000000008c900000, 0x000000008c900000| Untracked 
| 202|0x000000008ca00000, 0x000000008ca00000, 0x000000008cb00000|  0%| F|  |TAMS 0x000000008ca00000, 0x000000008ca00000| Untracked 
| 203|0x000000008cb00000, 0x000000008cb00000, 0x000000008cc00000|  0%| F|  |TAMS 0x000000008cb00000, 0x000000008cb00000| Untracked 
| 204|0x000000008cc00000, 0x000000008cc00000, 0x000000008cd00000|  0%| F|  |TAMS 0x000000008cc00000, 0x000000008cc00000| Untracked 
| 205|0x000000008cd00000, 0x000000008cd00000, 0x000000008ce00000|  0%| F|  |TAMS 0x000000008cd00000, 0x000000008cd00000| Untracked 
| 206|0x000000008ce00000, 0x000000008ce00000, 0x000000008cf00000|  0%| F|  |TAMS 0x000000008ce00000, 0x000000008ce00000| Untracked 
| 207|0x000000008cf00000, 0x000000008cf00000, 0x000000008d000000|  0%| F|  |TAMS 0x000000008cf00000, 0x000000008cf00000| Untracked 
| 208|0x000000008d000000, 0x000000008d000000, 0x000000008d100000|  0%| F|  |TAMS 0x000000008d000000, 0x000000008d000000| Untracked 
| 209|0x000000008d100000, 0x000000008d100000, 0x000000008d200000|  0%| F|  |TAMS 0x000000008d100000, 0x000000008d100000| Untracked 
| 210|0x000000008d200000, 0x000000008d200000, 0x000000008d300000|  0%| F|  |TAMS 0x000000008d200000, 0x000000008d200000| Untracked 
| 211|0x000000008d300000, 0x000000008d300000, 0x000000008d400000|  0%| F|  |TAMS 0x000000008d300000, 0x000000008d300000| Untracked 
| 212|0x000000008d400000, 0x000000008d400000, 0x000000008d500000|  0%| F|  |TAMS 0x000000008d400000, 0x000000008d400000| Untracked 
| 213|0x000000008d500000, 0x000000008d500000, 0x000000008d600000|  0%| F|  |TAMS 0x000000008d500000, 0x000000008d500000| Untracked 
| 214|0x000000008d600000, 0x000000008d600000, 0x000000008d700000|  0%| F|  |TAMS 0x000000008d600000, 0x000000008d600000| Untracked 
| 215|0x000000008d700000, 0x000000008d700000, 0x000000008d800000|  0%| F|  |TAMS 0x000000008d700000, 0x000000008d700000| Untracked 
| 216|0x000000008d800000, 0x000000008d800000, 0x000000008d900000|  0%| F|  |TAMS 0x000000008d800000, 0x000000008d800000| Untracked 
| 217|0x000000008d900000, 0x000000008d900000, 0x000000008da00000|  0%| F|  |TAMS 0x000000008d900000, 0x000000008d900000| Untracked 
| 218|0x000000008da00000, 0x000000008da00000, 0x000000008db00000|  0%| F|  |TAMS 0x000000008da00000, 0x000000008da00000| Untracked 
| 219|0x000000008db00000, 0x000000008db00000, 0x000000008dc00000|  0%| F|  |TAMS 0x000000008db00000, 0x000000008db00000| Untracked 
| 220|0x000000008dc00000, 0x000000008dc00000, 0x000000008dd00000|  0%| F|  |TAMS 0x000000008dc00000, 0x000000008dc00000| Untracked 
| 221|0x000000008dd00000, 0x000000008dd00000, 0x000000008de00000|  0%| F|  |TAMS 0x000000008dd00000, 0x000000008dd00000| Untracked 
| 222|0x000000008de00000, 0x000000008de00000, 0x000000008df00000|  0%| F|  |TAMS 0x000000008de00000, 0x000000008de00000| Untracked 
| 223|0x000000008df00000, 0x000000008df00000, 0x000000008e000000|  0%| F|  |TAMS 0x000000008df00000, 0x000000008df00000| Untracked 
| 224|0x000000008e000000, 0x000000008e000000, 0x000000008e100000|  0%| F|  |TAMS 0x000000008e000000, 0x000000008e000000| Untracked 
| 225|0x000000008e100000, 0x000000008e100000, 0x000000008e200000|  0%| F|  |TAMS 0x000000008e100000, 0x000000008e100000| Untracked 
| 226|0x000000008e200000, 0x000000008e200000, 0x000000008e300000|  0%| F|  |TAMS 0x000000008e200000, 0x000000008e200000| Untracked 
| 227|0x000000008e300000, 0x000000008e300000, 0x000000008e400000|  0%| F|  |TAMS 0x000000008e300000, 0x000000008e300000| Untracked 
| 228|0x000000008e400000, 0x000000008e400000, 0x000000008e500000|  0%| F|  |TAMS 0x000000008e400000, 0x000000008e400000| Untracked 
| 229|0x000000008e500000, 0x000000008e500000, 0x000000008e600000|  0%| F|  |TAMS 0x000000008e500000, 0x000000008e500000| Untracked 
| 230|0x000000008e600000, 0x000000008e700000, 0x000000008e700000|100%| O|  |TAMS 0x000000008e700000, 0x000000008e600000| Untracked 
| 231|0x000000008e700000, 0x000000008e700000, 0x000000008e800000|  0%| F|  |TAMS 0x000000008e700000, 0x000000008e700000| Untracked 
| 232|0x000000008e800000, 0x000000008e800000, 0x000000008e900000|  0%| F|  |TAMS 0x000000008e800000, 0x000000008e800000| Untracked 
| 233|0x000000008e900000, 0x000000008e900000, 0x000000008ea00000|  0%| F|  |TAMS 0x000000008e900000, 0x000000008e900000| Untracked 
| 234|0x000000008ea00000, 0x000000008ea00000, 0x000000008eb00000|  0%| F|  |TAMS 0x000000008ea00000, 0x000000008ea00000| Untracked 
| 235|0x000000008eb00000, 0x000000008eb00000, 0x000000008ec00000|  0%| F|  |TAMS 0x000000008eb00000, 0x000000008eb00000| Untracked 
| 236|0x000000008ec00000, 0x000000008ec00000, 0x000000008ed00000|  0%| F|  |TAMS 0x000000008ec00000, 0x000000008ec00000| Untracked 
| 237|0x000000008ed00000, 0x000000008ed00000, 0x000000008ee00000|  0%| F|  |TAMS 0x000000008ed00000, 0x000000008ed00000| Untracked 
| 238|0x000000008ee00000, 0x000000008ee00000, 0x000000008ef00000|  0%| F|  |TAMS 0x000000008ee00000, 0x000000008ee00000| Untracked 
| 239|0x000000008ef00000, 0x000000008ef00000, 0x000000008f000000|  0%| F|  |TAMS 0x000000008ef00000, 0x000000008ef00000| Untracked 
| 240|0x000000008f000000, 0x000000008f100000, 0x000000008f100000|100%| O|  |TAMS 0x000000008f000000, 0x000000008f000000| Untracked 
| 241|0x000000008f100000, 0x000000008f200000, 0x000000008f200000|100%| O|  |TAMS 0x000000008f100000, 0x000000008f100000| Untracked 
| 242|0x000000008f200000, 0x000000008f300000, 0x000000008f300000|100%| O|  |TAMS 0x000000008f200000, 0x000000008f200000| Untracked 
| 243|0x000000008f300000, 0x000000008f400000, 0x000000008f400000|100%| O|  |TAMS 0x000000008f300000, 0x000000008f300000| Untracked 
| 244|0x000000008f400000, 0x000000008f500000, 0x000000008f500000|100%| O|  |TAMS 0x000000008f400000, 0x000000008f400000| Untracked 
| 245|0x000000008f500000, 0x000000008f600000, 0x000000008f600000|100%| O|  |TAMS 0x000000008f500000, 0x000000008f500000| Untracked 
| 246|0x000000008f600000, 0x000000008f600000, 0x000000008f700000|  0%| F|  |TAMS 0x000000008f600000, 0x000000008f600000| Untracked 
| 247|0x000000008f700000, 0x000000008f700000, 0x000000008f800000|  0%| F|  |TAMS 0x000000008f700000, 0x000000008f700000| Untracked 
| 248|0x000000008f800000, 0x000000008f800000, 0x000000008f900000|  0%| F|  |TAMS 0x000000008f800000, 0x000000008f800000| Untracked 
| 249|0x000000008f900000, 0x000000008f900000, 0x000000008fa00000|  0%| F|  |TAMS 0x000000008f900000, 0x000000008f900000| Untracked 
| 250|0x000000008fa00000, 0x000000008fa00000, 0x000000008fb00000|  0%| F|  |TAMS 0x000000008fa00000, 0x000000008fa00000| Untracked 
| 251|0x000000008fb00000, 0x000000008fb00000, 0x000000008fc00000|  0%| F|  |TAMS 0x000000008fb00000, 0x000000008fb00000| Untracked 
| 252|0x000000008fc00000, 0x000000008fc00000, 0x000000008fd00000|  0%| F|  |TAMS 0x000000008fc00000, 0x000000008fc00000| Untracked 
| 253|0x000000008fd00000, 0x000000008fd00000, 0x000000008fe00000|  0%| F|  |TAMS 0x000000008fd00000, 0x000000008fd00000| Untracked 
| 254|0x000000008fe00000, 0x000000008fe00000, 0x000000008ff00000|  0%| F|  |TAMS 0x000000008fe00000, 0x000000008fe00000| Untracked 
| 255|0x000000008ff00000, 0x000000008ff00000, 0x0000000090000000|  0%| F|  |TAMS 0x000000008ff00000, 0x000000008ff00000| Untracked 
| 256|0x0000000090000000, 0x0000000090000000, 0x0000000090100000|  0%| F|  |TAMS 0x0000000090000000, 0x0000000090000000| Untracked 
| 257|0x0000000090100000, 0x0000000090100000, 0x0000000090200000|  0%| F|  |TAMS 0x0000000090100000, 0x0000000090100000| Untracked 
| 258|0x0000000090200000, 0x0000000090200000, 0x0000000090300000|  0%| F|  |TAMS 0x0000000090200000, 0x0000000090200000| Untracked 
| 259|0x0000000090300000, 0x0000000090300000, 0x0000000090400000|  0%| F|  |TAMS 0x0000000090300000, 0x0000000090300000| Untracked 
| 260|0x0000000090400000, 0x0000000090400000, 0x0000000090500000|  0%| F|  |TAMS 0x0000000090400000, 0x0000000090400000| Untracked 
| 261|0x0000000090500000, 0x0000000090500000, 0x0000000090600000|  0%| F|  |TAMS 0x0000000090500000, 0x0000000090500000| Untracked 
| 262|0x0000000090600000, 0x0000000090600000, 0x0000000090700000|  0%| F|  |TAMS 0x0000000090600000, 0x0000000090600000| Untracked 
| 263|0x0000000090700000, 0x0000000090700000, 0x0000000090800000|  0%| F|  |TAMS 0x0000000090700000, 0x0000000090700000| Untracked 
| 264|0x0000000090800000, 0x0000000090800000, 0x0000000090900000|  0%| F|  |TAMS 0x0000000090800000, 0x0000000090800000| Untracked 
| 265|0x0000000090900000, 0x0000000090900000, 0x0000000090a00000|  0%| F|  |TAMS 0x0000000090900000, 0x0000000090900000| Untracked 
| 266|0x0000000090a00000, 0x0000000090a00000, 0x0000000090b00000|  0%| F|  |TAMS 0x0000000090a00000, 0x0000000090a00000| Untracked 
| 267|0x0000000090b00000, 0x0000000090b00000, 0x0000000090c00000|  0%| F|  |TAMS 0x0000000090b00000, 0x0000000090b00000| Untracked 
| 268|0x0000000090c00000, 0x0000000090c00000, 0x0000000090d00000|  0%| F|  |TAMS 0x0000000090c00000, 0x0000000090c00000| Untracked 
| 269|0x0000000090d00000, 0x0000000090d00000, 0x0000000090e00000|  0%| F|  |TAMS 0x0000000090d00000, 0x0000000090d00000| Untracked 
| 270|0x0000000090e00000, 0x0000000090e00000, 0x0000000090f00000|  0%| F|  |TAMS 0x0000000090e00000, 0x0000000090e00000| Untracked 
| 271|0x0000000090f00000, 0x0000000090f00000, 0x0000000091000000|  0%| F|  |TAMS 0x0000000090f00000, 0x0000000090f00000| Untracked 
| 272|0x0000000091000000, 0x0000000091000000, 0x0000000091100000|  0%| F|  |TAMS 0x0000000091000000, 0x0000000091000000| Untracked 
| 273|0x0000000091100000, 0x0000000091100000, 0x0000000091200000|  0%| F|  |TAMS 0x0000000091100000, 0x0000000091100000| Untracked 
| 274|0x0000000091200000, 0x0000000091200000, 0x0000000091300000|  0%| F|  |TAMS 0x0000000091200000, 0x0000000091200000| Untracked 
| 275|0x0000000091300000, 0x0000000091300000, 0x0000000091400000|  0%| F|  |TAMS 0x0000000091300000, 0x0000000091300000| Untracked 
| 276|0x0000000091400000, 0x0000000091400000, 0x0000000091500000|  0%| F|  |TAMS 0x0000000091400000, 0x0000000091400000| Untracked 
| 277|0x0000000091500000, 0x0000000091500000, 0x0000000091600000|  0%| F|  |TAMS 0x0000000091500000, 0x0000000091500000| Untracked 
| 278|0x0000000091600000, 0x0000000091600000, 0x0000000091700000|  0%| F|  |TAMS 0x0000000091600000, 0x0000000091600000| Untracked 
| 279|0x0000000091700000, 0x0000000091700000, 0x0000000091800000|  0%| F|  |TAMS 0x0000000091700000, 0x0000000091700000| Untracked 
| 280|0x0000000091800000, 0x0000000091800000, 0x0000000091900000|  0%| F|  |TAMS 0x0000000091800000, 0x0000000091800000| Untracked 
| 281|0x0000000091900000, 0x0000000091900000, 0x0000000091a00000|  0%| F|  |TAMS 0x0000000091900000, 0x0000000091900000| Untracked 
| 282|0x0000000091a00000, 0x0000000091a00000, 0x0000000091b00000|  0%| F|  |TAMS 0x0000000091a00000, 0x0000000091a00000| Untracked 
| 283|0x0000000091b00000, 0x0000000091b00000, 0x0000000091c00000|  0%| F|  |TAMS 0x0000000091b00000, 0x0000000091b00000| Untracked 
| 284|0x0000000091c00000, 0x0000000091c00000, 0x0000000091d00000|  0%| F|  |TAMS 0x0000000091c00000, 0x0000000091c00000| Untracked 
| 285|0x0000000091d00000, 0x0000000091d00000, 0x0000000091e00000|  0%| F|  |TAMS 0x0000000091d00000, 0x0000000091d00000| Untracked 
| 286|0x0000000091e00000, 0x0000000091e00000, 0x0000000091f00000|  0%| F|  |TAMS 0x0000000091e00000, 0x0000000091e00000| Untracked 
| 287|0x0000000091f00000, 0x0000000091f00000, 0x0000000092000000|  0%| F|  |TAMS 0x0000000091f00000, 0x0000000091f00000| Untracked 
| 288|0x0000000092000000, 0x0000000092000000, 0x0000000092100000|  0%| F|  |TAMS 0x0000000092000000, 0x0000000092000000| Untracked 
| 289|0x0000000092100000, 0x0000000092100000, 0x0000000092200000|  0%| F|  |TAMS 0x0000000092100000, 0x0000000092100000| Untracked 
| 290|0x0000000092200000, 0x0000000092200000, 0x0000000092300000|  0%| F|  |TAMS 0x0000000092200000, 0x0000000092200000| Untracked 
| 291|0x0000000092300000, 0x0000000092300000, 0x0000000092400000|  0%| F|  |TAMS 0x0000000092300000, 0x0000000092300000| Untracked 
| 292|0x0000000092400000, 0x0000000092400000, 0x0000000092500000|  0%| F|  |TAMS 0x0000000092400000, 0x0000000092400000| Untracked 
| 293|0x0000000092500000, 0x0000000092500000, 0x0000000092600000|  0%| F|  |TAMS 0x0000000092500000, 0x0000000092500000| Untracked 
| 294|0x0000000092600000, 0x0000000092600000, 0x0000000092700000|  0%| F|  |TAMS 0x0000000092600000, 0x0000000092600000| Untracked 
| 295|0x0000000092700000, 0x0000000092700000, 0x0000000092800000|  0%| F|  |TAMS 0x0000000092700000, 0x0000000092700000| Untracked 
| 296|0x0000000092800000, 0x0000000092800000, 0x0000000092900000|  0%| F|  |TAMS 0x0000000092800000, 0x0000000092800000| Untracked 
| 297|0x0000000092900000, 0x0000000092900000, 0x0000000092a00000|  0%| F|  |TAMS 0x0000000092900000, 0x0000000092900000| Untracked 
| 298|0x0000000092a00000, 0x0000000092aaa178, 0x0000000092b00000| 66%| S|CS|TAMS 0x0000000092a00000, 0x0000000092a00000| Complete 
| 299|0x0000000092b00000, 0x0000000092c00000, 0x0000000092c00000|100%| S|CS|TAMS 0x0000000092b00000, 0x0000000092b00000| Complete 
| 300|0x0000000092c00000, 0x0000000092d00000, 0x0000000092d00000|100%| S|CS|TAMS 0x0000000092c00000, 0x0000000092c00000| Complete 
| 301|0x0000000092d00000, 0x0000000092e00000, 0x0000000092e00000|100%| S|CS|TAMS 0x0000000092d00000, 0x0000000092d00000| Complete 
| 302|0x0000000092e00000, 0x0000000092f00000, 0x0000000092f00000|100%| S|CS|TAMS 0x0000000092e00000, 0x0000000092e00000| Complete 
| 303|0x0000000092f00000, 0x0000000093000000, 0x0000000093000000|100%| S|CS|TAMS 0x0000000092f00000, 0x0000000092f00000| Complete 
| 304|0x0000000093000000, 0x0000000093100000, 0x0000000093100000|100%| S|CS|TAMS 0x0000000093000000, 0x0000000093000000| Complete 
| 305|0x0000000093100000, 0x0000000093200000, 0x0000000093200000|100%| S|CS|TAMS 0x0000000093100000, 0x0000000093100000| Complete 
| 306|0x0000000093200000, 0x0000000093300000, 0x0000000093300000|100%| S|CS|TAMS 0x0000000093200000, 0x0000000093200000| Complete 
| 307|0x0000000093300000, 0x0000000093400000, 0x0000000093400000|100%| S|CS|TAMS 0x0000000093300000, 0x0000000093300000| Complete 
| 308|0x0000000093400000, 0x0000000093500000, 0x0000000093500000|100%| S|CS|TAMS 0x0000000093400000, 0x0000000093400000| Complete 
| 309|0x0000000093500000, 0x0000000093600000, 0x0000000093600000|100%| S|CS|TAMS 0x0000000093500000, 0x0000000093500000| Complete 
| 310|0x0000000093600000, 0x0000000093700000, 0x0000000093700000|100%| S|CS|TAMS 0x0000000093600000, 0x0000000093600000| Complete 
| 311|0x0000000093700000, 0x0000000093800000, 0x0000000093800000|100%| S|CS|TAMS 0x0000000093700000, 0x0000000093700000| Complete 
| 312|0x0000000093800000, 0x0000000093900000, 0x0000000093900000|100%| S|CS|TAMS 0x0000000093800000, 0x0000000093800000| Complete 
| 313|0x0000000093900000, 0x0000000093a00000, 0x0000000093a00000|100%| S|CS|TAMS 0x0000000093900000, 0x0000000093900000| Complete 
| 314|0x0000000093a00000, 0x0000000093b00000, 0x0000000093b00000|100%| S|CS|TAMS 0x0000000093a00000, 0x0000000093a00000| Complete 
| 315|0x0000000093b00000, 0x0000000093c00000, 0x0000000093c00000|100%| S|CS|TAMS 0x0000000093b00000, 0x0000000093b00000| Complete 
| 316|0x0000000093c00000, 0x0000000093d00000, 0x0000000093d00000|100%| S|CS|TAMS 0x0000000093c00000, 0x0000000093c00000| Complete 
| 317|0x0000000093d00000, 0x0000000093e00000, 0x0000000093e00000|100%| S|CS|TAMS 0x0000000093d00000, 0x0000000093d00000| Complete 
| 318|0x0000000093e00000, 0x0000000093f00000, 0x0000000093f00000|100%| S|CS|TAMS 0x0000000093e00000, 0x0000000093e00000| Complete 
| 319|0x0000000093f00000, 0x0000000094000000, 0x0000000094000000|100%| S|CS|TAMS 0x0000000093f00000, 0x0000000093f00000| Complete 
| 320|0x0000000094000000, 0x0000000094100000, 0x0000000094100000|100%| S|CS|TAMS 0x0000000094000000, 0x0000000094000000| Complete 
| 321|0x0000000094100000, 0x0000000094200000, 0x0000000094200000|100%| S|CS|TAMS 0x0000000094100000, 0x0000000094100000| Complete 
| 322|0x0000000094200000, 0x0000000094300000, 0x0000000094300000|100%| S|CS|TAMS 0x0000000094200000, 0x0000000094200000| Complete 
| 323|0x0000000094300000, 0x0000000094400000, 0x0000000094400000|100%| S|CS|TAMS 0x0000000094300000, 0x0000000094300000| Complete 
| 324|0x0000000094400000, 0x0000000094500000, 0x0000000094500000|100%| S|CS|TAMS 0x0000000094400000, 0x0000000094400000| Complete 
| 325|0x0000000094500000, 0x0000000094600000, 0x0000000094600000|100%| S|CS|TAMS 0x0000000094500000, 0x0000000094500000| Complete 
| 326|0x0000000094600000, 0x0000000094700000, 0x0000000094700000|100%| S|CS|TAMS 0x0000000094600000, 0x0000000094600000| Complete 
| 327|0x0000000094700000, 0x0000000094700000, 0x0000000094800000|  0%| F|  |TAMS 0x0000000094700000, 0x0000000094700000| Untracked 
| 328|0x0000000094800000, 0x0000000094800000, 0x0000000094900000|  0%| F|  |TAMS 0x0000000094800000, 0x0000000094800000| Untracked 
| 329|0x0000000094900000, 0x0000000094900000, 0x0000000094a00000|  0%| F|  |TAMS 0x0000000094900000, 0x0000000094900000| Untracked 
| 330|0x0000000094a00000, 0x0000000094a00000, 0x0000000094b00000|  0%| F|  |TAMS 0x0000000094a00000, 0x0000000094a00000| Untracked 
| 331|0x0000000094b00000, 0x0000000094b00000, 0x0000000094c00000|  0%| F|  |TAMS 0x0000000094b00000, 0x0000000094b00000| Untracked 
| 332|0x0000000094c00000, 0x0000000094c00000, 0x0000000094d00000|  0%| F|  |TAMS 0x0000000094c00000, 0x0000000094c00000| Untracked 
| 333|0x0000000094d00000, 0x0000000094d00000, 0x0000000094e00000|  0%| F|  |TAMS 0x0000000094d00000, 0x0000000094d00000| Untracked 
| 334|0x0000000094e00000, 0x0000000094e00000, 0x0000000094f00000|  0%| F|  |TAMS 0x0000000094e00000, 0x0000000094e00000| Untracked 
| 335|0x0000000094f00000, 0x0000000094f00000, 0x0000000095000000|  0%| F|  |TAMS 0x0000000094f00000, 0x0000000094f00000| Untracked 
| 336|0x0000000095000000, 0x0000000095000000, 0x0000000095100000|  0%| F|  |TAMS 0x0000000095000000, 0x0000000095000000| Untracked 
| 337|0x0000000095100000, 0x0000000095100000, 0x0000000095200000|  0%| F|  |TAMS 0x0000000095100000, 0x0000000095100000| Untracked 
| 338|0x0000000095200000, 0x0000000095200000, 0x0000000095300000|  0%| F|  |TAMS 0x0000000095200000, 0x0000000095200000| Untracked 
| 339|0x0000000095300000, 0x0000000095300000, 0x0000000095400000|  0%| F|  |TAMS 0x0000000095300000, 0x0000000095300000| Untracked 
| 340|0x0000000095400000, 0x0000000095400000, 0x0000000095500000|  0%| F|  |TAMS 0x0000000095400000, 0x0000000095400000| Untracked 
| 341|0x0000000095500000, 0x0000000095500000, 0x0000000095600000|  0%| F|  |TAMS 0x0000000095500000, 0x0000000095500000| Untracked 
| 342|0x0000000095600000, 0x0000000095600000, 0x0000000095700000|  0%| F|  |TAMS 0x0000000095600000, 0x0000000095600000| Untracked 
| 343|0x0000000095700000, 0x0000000095700000, 0x0000000095800000|  0%| F|  |TAMS 0x0000000095700000, 0x0000000095700000| Untracked 
| 344|0x0000000095800000, 0x0000000095800000, 0x0000000095900000|  0%| F|  |TAMS 0x0000000095800000, 0x0000000095800000| Untracked 
| 345|0x0000000095900000, 0x0000000095900000, 0x0000000095a00000|  0%| F|  |TAMS 0x0000000095900000, 0x0000000095900000| Untracked 
| 346|0x0000000095a00000, 0x0000000095a00000, 0x0000000095b00000|  0%| F|  |TAMS 0x0000000095a00000, 0x0000000095a00000| Untracked 
| 347|0x0000000095b00000, 0x0000000095b00000, 0x0000000095c00000|  0%| F|  |TAMS 0x0000000095b00000, 0x0000000095b00000| Untracked 
| 348|0x0000000095c00000, 0x0000000095c00000, 0x0000000095d00000|  0%| F|  |TAMS 0x0000000095c00000, 0x0000000095c00000| Untracked 
| 349|0x0000000095d00000, 0x0000000095d00000, 0x0000000095e00000|  0%| F|  |TAMS 0x0000000095d00000, 0x0000000095d00000| Untracked 
| 350|0x0000000095e00000, 0x0000000095e00000, 0x0000000095f00000|  0%| F|  |TAMS 0x0000000095e00000, 0x0000000095e00000| Untracked 
| 351|0x0000000095f00000, 0x0000000095f00000, 0x0000000096000000|  0%| F|  |TAMS 0x0000000095f00000, 0x0000000095f00000| Untracked 
| 352|0x0000000096000000, 0x0000000096000000, 0x0000000096100000|  0%| F|  |TAMS 0x0000000096000000, 0x0000000096000000| Untracked 
| 353|0x0000000096100000, 0x0000000096100000, 0x0000000096200000|  0%| F|  |TAMS 0x0000000096100000, 0x0000000096100000| Untracked 
| 354|0x0000000096200000, 0x0000000096200000, 0x0000000096300000|  0%| F|  |TAMS 0x0000000096200000, 0x0000000096200000| Untracked 
| 355|0x0000000096300000, 0x0000000096300000, 0x0000000096400000|  0%| F|  |TAMS 0x0000000096300000, 0x0000000096300000| Untracked 
| 356|0x0000000096400000, 0x0000000096400000, 0x0000000096500000|  0%| F|  |TAMS 0x0000000096400000, 0x0000000096400000| Untracked 
| 357|0x0000000096500000, 0x0000000096500000, 0x0000000096600000|  0%| F|  |TAMS 0x0000000096500000, 0x0000000096500000| Untracked 
| 358|0x0000000096600000, 0x0000000096600000, 0x0000000096700000|  0%| F|  |TAMS 0x0000000096600000, 0x0000000096600000| Untracked 
| 359|0x0000000096700000, 0x0000000096700000, 0x0000000096800000|  0%| F|  |TAMS 0x0000000096700000, 0x0000000096700000| Untracked 
| 360|0x0000000096800000, 0x0000000096800000, 0x0000000096900000|  0%| F|  |TAMS 0x0000000096800000, 0x0000000096800000| Untracked 
| 361|0x0000000096900000, 0x0000000096900000, 0x0000000096a00000|  0%| F|  |TAMS 0x0000000096900000, 0x0000000096900000| Untracked 
| 362|0x0000000096a00000, 0x0000000096a00000, 0x0000000096b00000|  0%| F|  |TAMS 0x0000000096a00000, 0x0000000096a00000| Untracked 
| 363|0x0000000096b00000, 0x0000000096b00000, 0x0000000096c00000|  0%| F|  |TAMS 0x0000000096b00000, 0x0000000096b00000| Untracked 
| 364|0x0000000096c00000, 0x0000000096c00000, 0x0000000096d00000|  0%| F|  |TAMS 0x0000000096c00000, 0x0000000096c00000| Untracked 
| 365|0x0000000096d00000, 0x0000000096d00000, 0x0000000096e00000|  0%| F|  |TAMS 0x0000000096d00000, 0x0000000096d00000| Untracked 
| 366|0x0000000096e00000, 0x0000000096e00000, 0x0000000096f00000|  0%| F|  |TAMS 0x0000000096e00000, 0x0000000096e00000| Untracked 
| 367|0x0000000096f00000, 0x0000000096f00000, 0x0000000097000000|  0%| F|  |TAMS 0x0000000096f00000, 0x0000000096f00000| Untracked 
| 368|0x0000000097000000, 0x0000000097000000, 0x0000000097100000|  0%| F|  |TAMS 0x0000000097000000, 0x0000000097000000| Untracked 
| 369|0x0000000097100000, 0x0000000097100000, 0x0000000097200000|  0%| F|  |TAMS 0x0000000097100000, 0x0000000097100000| Untracked 
| 370|0x0000000097200000, 0x0000000097200000, 0x0000000097300000|  0%| F|  |TAMS 0x0000000097200000, 0x0000000097200000| Untracked 
| 371|0x0000000097300000, 0x0000000097300000, 0x0000000097400000|  0%| F|  |TAMS 0x0000000097300000, 0x0000000097300000| Untracked 
| 372|0x0000000097400000, 0x0000000097400000, 0x0000000097500000|  0%| F|  |TAMS 0x0000000097400000, 0x0000000097400000| Untracked 
| 373|0x0000000097500000, 0x0000000097500000, 0x0000000097600000|  0%| F|  |TAMS 0x0000000097500000, 0x0000000097500000| Untracked 
| 374|0x0000000097600000, 0x0000000097600000, 0x0000000097700000|  0%| F|  |TAMS 0x0000000097600000, 0x0000000097600000| Untracked 
| 375|0x0000000097700000, 0x0000000097700000, 0x0000000097800000|  0%| F|  |TAMS 0x0000000097700000, 0x0000000097700000| Untracked 
| 376|0x0000000097800000, 0x0000000097800000, 0x0000000097900000|  0%| F|  |TAMS 0x0000000097800000, 0x0000000097800000| Untracked 
| 377|0x0000000097900000, 0x0000000097900000, 0x0000000097a00000|  0%| F|  |TAMS 0x0000000097900000, 0x0000000097900000| Untracked 
| 378|0x0000000097a00000, 0x0000000097a00000, 0x0000000097b00000|  0%| F|  |TAMS 0x0000000097a00000, 0x0000000097a00000| Untracked 
| 379|0x0000000097b00000, 0x0000000097b00000, 0x0000000097c00000|  0%| F|  |TAMS 0x0000000097b00000, 0x0000000097b00000| Untracked 
| 380|0x0000000097c00000, 0x0000000097c00000, 0x0000000097d00000|  0%| F|  |TAMS 0x0000000097c00000, 0x0000000097c00000| Untracked 
| 381|0x0000000097d00000, 0x0000000097d00000, 0x0000000097e00000|  0%| F|  |TAMS 0x0000000097d00000, 0x0000000097d00000| Untracked 
| 382|0x0000000097e00000, 0x0000000097e00000, 0x0000000097f00000|  0%| F|  |TAMS 0x0000000097e00000, 0x0000000097e00000| Untracked 
| 383|0x0000000097f00000, 0x0000000097f00000, 0x0000000098000000|  0%| F|  |TAMS 0x0000000097f00000, 0x0000000097f00000| Untracked 
| 384|0x0000000098000000, 0x0000000098000000, 0x0000000098100000|  0%| F|  |TAMS 0x0000000098000000, 0x0000000098000000| Untracked 
| 385|0x0000000098100000, 0x0000000098100000, 0x0000000098200000|  0%| F|  |TAMS 0x0000000098100000, 0x0000000098100000| Untracked 
| 386|0x0000000098200000, 0x0000000098200000, 0x0000000098300000|  0%| F|  |TAMS 0x0000000098200000, 0x0000000098200000| Untracked 
| 387|0x0000000098300000, 0x0000000098300000, 0x0000000098400000|  0%| F|  |TAMS 0x0000000098300000, 0x0000000098300000| Untracked 
| 388|0x0000000098400000, 0x0000000098400000, 0x0000000098500000|  0%| F|  |TAMS 0x0000000098400000, 0x0000000098400000| Untracked 
| 389|0x0000000098500000, 0x0000000098500000, 0x0000000098600000|  0%| F|  |TAMS 0x0000000098500000, 0x0000000098500000| Untracked 
| 390|0x0000000098600000, 0x0000000098600000, 0x0000000098700000|  0%| F|  |TAMS 0x0000000098600000, 0x0000000098600000| Untracked 
| 391|0x0000000098700000, 0x0000000098700000, 0x0000000098800000|  0%| F|  |TAMS 0x0000000098700000, 0x0000000098700000| Untracked 
| 392|0x0000000098800000, 0x0000000098800000, 0x0000000098900000|  0%| F|  |TAMS 0x0000000098800000, 0x0000000098800000| Untracked 
| 393|0x0000000098900000, 0x0000000098900000, 0x0000000098a00000|  0%| F|  |TAMS 0x0000000098900000, 0x0000000098900000| Untracked 
| 394|0x0000000098a00000, 0x0000000098a00000, 0x0000000098b00000|  0%| F|  |TAMS 0x0000000098a00000, 0x0000000098a00000| Untracked 
| 395|0x0000000098b00000, 0x0000000098b00000, 0x0000000098c00000|  0%| F|  |TAMS 0x0000000098b00000, 0x0000000098b00000| Untracked 
| 396|0x0000000098c00000, 0x0000000098c00000, 0x0000000098d00000|  0%| F|  |TAMS 0x0000000098c00000, 0x0000000098c00000| Untracked 
| 397|0x0000000098d00000, 0x0000000098d00000, 0x0000000098e00000|  0%| F|  |TAMS 0x0000000098d00000, 0x0000000098d00000| Untracked 
| 398|0x0000000098e00000, 0x0000000098e00000, 0x0000000098f00000|  0%| F|  |TAMS 0x0000000098e00000, 0x0000000098e00000| Untracked 
| 399|0x0000000098f00000, 0x0000000098f00000, 0x0000000099000000|  0%| F|  |TAMS 0x0000000098f00000, 0x0000000098f00000| Untracked 
| 400|0x0000000099000000, 0x0000000099000000, 0x0000000099100000|  0%| F|  |TAMS 0x0000000099000000, 0x0000000099000000| Untracked 
| 401|0x0000000099100000, 0x0000000099100000, 0x0000000099200000|  0%| F|  |TAMS 0x0000000099100000, 0x0000000099100000| Untracked 
| 402|0x0000000099200000, 0x0000000099200000, 0x0000000099300000|  0%| F|  |TAMS 0x0000000099200000, 0x0000000099200000| Untracked 
| 403|0x0000000099300000, 0x0000000099300000, 0x0000000099400000|  0%| F|  |TAMS 0x0000000099300000, 0x0000000099300000| Untracked 
| 404|0x0000000099400000, 0x0000000099400000, 0x0000000099500000|  0%| F|  |TAMS 0x0000000099400000, 0x0000000099400000| Untracked 
| 405|0x0000000099500000, 0x0000000099500000, 0x0000000099600000|  0%| F|  |TAMS 0x0000000099500000, 0x0000000099500000| Untracked 
| 406|0x0000000099600000, 0x0000000099600000, 0x0000000099700000|  0%| F|  |TAMS 0x0000000099600000, 0x0000000099600000| Untracked 
| 407|0x0000000099700000, 0x0000000099700000, 0x0000000099800000|  0%| F|  |TAMS 0x0000000099700000, 0x0000000099700000| Untracked 
| 408|0x0000000099800000, 0x0000000099800000, 0x0000000099900000|  0%| F|  |TAMS 0x0000000099800000, 0x0000000099800000| Untracked 
| 409|0x0000000099900000, 0x0000000099900000, 0x0000000099a00000|  0%| F|  |TAMS 0x0000000099900000, 0x0000000099900000| Untracked 
| 410|0x0000000099a00000, 0x0000000099a00000, 0x0000000099b00000|  0%| F|  |TAMS 0x0000000099a00000, 0x0000000099a00000| Untracked 
| 411|0x0000000099b00000, 0x0000000099b00000, 0x0000000099c00000|  0%| F|  |TAMS 0x0000000099b00000, 0x0000000099b00000| Untracked 
| 412|0x0000000099c00000, 0x0000000099c00000, 0x0000000099d00000|  0%| F|  |TAMS 0x0000000099c00000, 0x0000000099c00000| Untracked 
| 413|0x0000000099d00000, 0x0000000099d00000, 0x0000000099e00000|  0%| F|  |TAMS 0x0000000099d00000, 0x0000000099d00000| Untracked 
| 414|0x0000000099e00000, 0x0000000099e00000, 0x0000000099f00000|  0%| F|  |TAMS 0x0000000099e00000, 0x0000000099e00000| Untracked 
| 415|0x0000000099f00000, 0x0000000099f00000, 0x000000009a000000|  0%| F|  |TAMS 0x0000000099f00000, 0x0000000099f00000| Untracked 
| 416|0x000000009a000000, 0x000000009a000000, 0x000000009a100000|  0%| F|  |TAMS 0x000000009a000000, 0x000000009a000000| Untracked 
| 417|0x000000009a100000, 0x000000009a100000, 0x000000009a200000|  0%| F|  |TAMS 0x000000009a100000, 0x000000009a100000| Untracked 
| 418|0x000000009a200000, 0x000000009a200000, 0x000000009a300000|  0%| F|  |TAMS 0x000000009a200000, 0x000000009a200000| Untracked 
| 419|0x000000009a300000, 0x000000009a300000, 0x000000009a400000|  0%| F|  |TAMS 0x000000009a300000, 0x000000009a300000| Untracked 
| 420|0x000000009a400000, 0x000000009a400000, 0x000000009a500000|  0%| F|  |TAMS 0x000000009a400000, 0x000000009a400000| Untracked 
| 421|0x000000009a500000, 0x000000009a500000, 0x000000009a600000|  0%| F|  |TAMS 0x000000009a500000, 0x000000009a500000| Untracked 
| 422|0x000000009a600000, 0x000000009a600000, 0x000000009a700000|  0%| F|  |TAMS 0x000000009a600000, 0x000000009a600000| Untracked 
| 423|0x000000009a700000, 0x000000009a700000, 0x000000009a800000|  0%| F|  |TAMS 0x000000009a700000, 0x000000009a700000| Untracked 
| 424|0x000000009a800000, 0x000000009a800000, 0x000000009a900000|  0%| F|  |TAMS 0x000000009a800000, 0x000000009a800000| Untracked 
| 425|0x000000009a900000, 0x000000009a900000, 0x000000009aa00000|  0%| F|  |TAMS 0x000000009a900000, 0x000000009a900000| Untracked 
| 426|0x000000009aa00000, 0x000000009aa00000, 0x000000009ab00000|  0%| F|  |TAMS 0x000000009aa00000, 0x000000009aa00000| Untracked 
| 427|0x000000009ab00000, 0x000000009ab00000, 0x000000009ac00000|  0%| F|  |TAMS 0x000000009ab00000, 0x000000009ab00000| Untracked 
| 428|0x000000009ac00000, 0x000000009ac00000, 0x000000009ad00000|  0%| F|  |TAMS 0x000000009ac00000, 0x000000009ac00000| Untracked 
| 429|0x000000009ad00000, 0x000000009ad00000, 0x000000009ae00000|  0%| F|  |TAMS 0x000000009ad00000, 0x000000009ad00000| Untracked 
| 430|0x000000009ae00000, 0x000000009ae00000, 0x000000009af00000|  0%| F|  |TAMS 0x000000009ae00000, 0x000000009ae00000| Untracked 
| 431|0x000000009af00000, 0x000000009af00000, 0x000000009b000000|  0%| F|  |TAMS 0x000000009af00000, 0x000000009af00000| Untracked 
| 432|0x000000009b000000, 0x000000009b000000, 0x000000009b100000|  0%| F|  |TAMS 0x000000009b000000, 0x000000009b000000| Untracked 
| 433|0x000000009b100000, 0x000000009b100000, 0x000000009b200000|  0%| F|  |TAMS 0x000000009b100000, 0x000000009b100000| Untracked 
| 434|0x000000009b200000, 0x000000009b200000, 0x000000009b300000|  0%| F|  |TAMS 0x000000009b200000, 0x000000009b200000| Untracked 
| 435|0x000000009b300000, 0x000000009b300000, 0x000000009b400000|  0%| F|  |TAMS 0x000000009b300000, 0x000000009b300000| Untracked 
| 436|0x000000009b400000, 0x000000009b400000, 0x000000009b500000|  0%| F|  |TAMS 0x000000009b400000, 0x000000009b400000| Untracked 
| 437|0x000000009b500000, 0x000000009b500000, 0x000000009b600000|  0%| F|  |TAMS 0x000000009b500000, 0x000000009b500000| Untracked 
| 438|0x000000009b600000, 0x000000009b600000, 0x000000009b700000|  0%| F|  |TAMS 0x000000009b600000, 0x000000009b600000| Untracked 
| 439|0x000000009b700000, 0x000000009b700000, 0x000000009b800000|  0%| F|  |TAMS 0x000000009b700000, 0x000000009b700000| Untracked 
| 440|0x000000009b800000, 0x000000009b80b270, 0x000000009b900000|  4%| E|  |TAMS 0x000000009b800000, 0x000000009b800000| Complete 
| 441|0x000000009b900000, 0x000000009ba00000, 0x000000009ba00000|100%| E|CS|TAMS 0x000000009b900000, 0x000000009b900000| Complete 
| 442|0x000000009ba00000, 0x000000009bb00000, 0x000000009bb00000|100%| E|CS|TAMS 0x000000009ba00000, 0x000000009ba00000| Complete 
| 443|0x000000009bb00000, 0x000000009bc00000, 0x000000009bc00000|100%| E|CS|TAMS 0x000000009bb00000, 0x000000009bb00000| Complete 
| 444|0x000000009bc00000, 0x000000009bd00000, 0x000000009bd00000|100%| E|CS|TAMS 0x000000009bc00000, 0x000000009bc00000| Complete 
| 445|0x000000009bd00000, 0x000000009be00000, 0x000000009be00000|100%| E|CS|TAMS 0x000000009bd00000, 0x000000009bd00000| Complete 
| 446|0x000000009be00000, 0x000000009bf00000, 0x000000009bf00000|100%| E|CS|TAMS 0x000000009be00000, 0x000000009be00000| Complete 
| 447|0x000000009bf00000, 0x000000009c000000, 0x000000009c000000|100%| E|CS|TAMS 0x000000009bf00000, 0x000000009bf00000| Complete 
| 448|0x000000009c000000, 0x000000009c100000, 0x000000009c100000|100%| E|CS|TAMS 0x000000009c000000, 0x000000009c000000| Complete 
| 449|0x000000009c100000, 0x000000009c200000, 0x000000009c200000|100%| E|CS|TAMS 0x000000009c100000, 0x000000009c100000| Complete 
| 450|0x000000009c200000, 0x000000009c300000, 0x000000009c300000|100%| E|CS|TAMS 0x000000009c200000, 0x000000009c200000| Complete 
| 451|0x000000009c300000, 0x000000009c400000, 0x000000009c400000|100%| E|CS|TAMS 0x000000009c300000, 0x000000009c300000| Complete 
| 452|0x000000009c400000, 0x000000009c500000, 0x000000009c500000|100%| E|CS|TAMS 0x000000009c400000, 0x000000009c400000| Complete 
| 453|0x000000009c500000, 0x000000009c600000, 0x000000009c600000|100%| E|CS|TAMS 0x000000009c500000, 0x000000009c500000| Complete 
| 454|0x000000009c600000, 0x000000009c700000, 0x000000009c700000|100%| E|CS|TAMS 0x000000009c600000, 0x000000009c600000| Complete 
| 455|0x000000009c700000, 0x000000009c800000, 0x000000009c800000|100%| E|CS|TAMS 0x000000009c700000, 0x000000009c700000| Complete 
| 456|0x000000009c800000, 0x000000009c900000, 0x000000009c900000|100%| E|CS|TAMS 0x000000009c800000, 0x000000009c800000| Complete 
| 457|0x000000009c900000, 0x000000009ca00000, 0x000000009ca00000|100%| E|CS|TAMS 0x000000009c900000, 0x000000009c900000| Complete 
| 458|0x000000009ca00000, 0x000000009cb00000, 0x000000009cb00000|100%| E|CS|TAMS 0x000000009ca00000, 0x000000009ca00000| Complete 
| 459|0x000000009cb00000, 0x000000009cc00000, 0x000000009cc00000|100%| E|CS|TAMS 0x000000009cb00000, 0x000000009cb00000| Complete 
| 460|0x000000009cc00000, 0x000000009cd00000, 0x000000009cd00000|100%| E|CS|TAMS 0x000000009cc00000, 0x000000009cc00000| Complete 
| 461|0x000000009cd00000, 0x000000009ce00000, 0x000000009ce00000|100%| E|CS|TAMS 0x000000009cd00000, 0x000000009cd00000| Complete 
| 462|0x000000009ce00000, 0x000000009cf00000, 0x000000009cf00000|100%| E|CS|TAMS 0x000000009ce00000, 0x000000009ce00000| Complete 
| 463|0x000000009cf00000, 0x000000009d000000, 0x000000009d000000|100%| E|CS|TAMS 0x000000009cf00000, 0x000000009cf00000| Complete 
| 464|0x000000009d000000, 0x000000009d100000, 0x000000009d100000|100%| E|CS|TAMS 0x000000009d000000, 0x000000009d000000| Complete 
| 465|0x000000009d100000, 0x000000009d200000, 0x000000009d200000|100%| E|CS|TAMS 0x000000009d100000, 0x000000009d100000| Complete 
| 466|0x000000009d200000, 0x000000009d300000, 0x000000009d300000|100%| E|CS|TAMS 0x000000009d200000, 0x000000009d200000| Complete 
| 467|0x000000009d300000, 0x000000009d400000, 0x000000009d400000|100%| E|CS|TAMS 0x000000009d300000, 0x000000009d300000| Complete 
| 468|0x000000009d400000, 0x000000009d500000, 0x000000009d500000|100%| E|CS|TAMS 0x000000009d400000, 0x000000009d400000| Complete 
| 469|0x000000009d500000, 0x000000009d600000, 0x000000009d600000|100%| E|CS|TAMS 0x000000009d500000, 0x000000009d500000| Complete 
| 470|0x000000009d600000, 0x000000009d700000, 0x000000009d700000|100%| E|CS|TAMS 0x000000009d600000, 0x000000009d600000| Complete 
| 471|0x000000009d700000, 0x000000009d800000, 0x000000009d800000|100%| E|CS|TAMS 0x000000009d700000, 0x000000009d700000| Complete 
| 472|0x000000009d800000, 0x000000009d900000, 0x000000009d900000|100%| E|CS|TAMS 0x000000009d800000, 0x000000009d800000| Complete 
| 473|0x000000009d900000, 0x000000009da00000, 0x000000009da00000|100%| E|CS|TAMS 0x000000009d900000, 0x000000009d900000| Complete 
| 474|0x000000009da00000, 0x000000009db00000, 0x000000009db00000|100%| E|CS|TAMS 0x000000009da00000, 0x000000009da00000| Complete 
| 475|0x000000009db00000, 0x000000009dc00000, 0x000000009dc00000|100%| E|CS|TAMS 0x000000009db00000, 0x000000009db00000| Complete 
| 476|0x000000009dc00000, 0x000000009dd00000, 0x000000009dd00000|100%| E|CS|TAMS 0x000000009dc00000, 0x000000009dc00000| Complete 
| 477|0x000000009dd00000, 0x000000009de00000, 0x000000009de00000|100%| E|CS|TAMS 0x000000009dd00000, 0x000000009dd00000| Complete 
| 478|0x000000009de00000, 0x000000009df00000, 0x000000009df00000|100%| E|CS|TAMS 0x000000009de00000, 0x000000009de00000| Complete 
| 479|0x000000009df00000, 0x000000009e000000, 0x000000009e000000|100%| E|CS|TAMS 0x000000009df00000, 0x000000009df00000| Complete 
| 480|0x000000009e000000, 0x000000009e100000, 0x000000009e100000|100%| E|CS|TAMS 0x000000009e000000, 0x000000009e000000| Complete 
| 481|0x000000009e100000, 0x000000009e200000, 0x000000009e200000|100%| E|CS|TAMS 0x000000009e100000, 0x000000009e100000| Complete 
| 482|0x000000009e200000, 0x000000009e300000, 0x000000009e300000|100%| E|CS|TAMS 0x000000009e200000, 0x000000009e200000| Complete 
| 483|0x000000009e300000, 0x000000009e400000, 0x000000009e400000|100%| E|CS|TAMS 0x000000009e300000, 0x000000009e300000| Complete 
| 484|0x000000009e400000, 0x000000009e500000, 0x000000009e500000|100%| E|CS|TAMS 0x000000009e400000, 0x000000009e400000| Complete 
| 485|0x000000009e500000, 0x000000009e600000, 0x000000009e600000|100%| E|CS|TAMS 0x000000009e500000, 0x000000009e500000| Complete 
| 486|0x000000009e600000, 0x000000009e700000, 0x000000009e700000|100%| E|CS|TAMS 0x000000009e600000, 0x000000009e600000| Complete 
| 487|0x000000009e700000, 0x000000009e800000, 0x000000009e800000|100%| E|CS|TAMS 0x000000009e700000, 0x000000009e700000| Complete 
| 488|0x000000009e800000, 0x000000009e900000, 0x000000009e900000|100%| E|CS|TAMS 0x000000009e800000, 0x000000009e800000| Complete 
| 489|0x000000009e900000, 0x000000009ea00000, 0x000000009ea00000|100%| E|CS|TAMS 0x000000009e900000, 0x000000009e900000| Complete 
| 490|0x000000009ea00000, 0x000000009eb00000, 0x000000009eb00000|100%| E|CS|TAMS 0x000000009ea00000, 0x000000009ea00000| Complete 
| 491|0x000000009eb00000, 0x000000009ec00000, 0x000000009ec00000|100%| E|CS|TAMS 0x000000009eb00000, 0x000000009eb00000| Complete 
| 492|0x000000009ec00000, 0x000000009ed00000, 0x000000009ed00000|100%| E|CS|TAMS 0x000000009ec00000, 0x000000009ec00000| Complete 
| 493|0x000000009ed00000, 0x000000009ee00000, 0x000000009ee00000|100%| E|CS|TAMS 0x000000009ed00000, 0x000000009ed00000| Complete 
| 494|0x000000009ee00000, 0x000000009ef00000, 0x000000009ef00000|100%| E|CS|TAMS 0x000000009ee00000, 0x000000009ee00000| Complete 
| 495|0x000000009ef00000, 0x000000009f000000, 0x000000009f000000|100%| E|CS|TAMS 0x000000009ef00000, 0x000000009ef00000| Complete 
| 496|0x000000009f000000, 0x000000009f100000, 0x000000009f100000|100%| E|CS|TAMS 0x000000009f000000, 0x000000009f000000| Complete 
| 497|0x000000009f100000, 0x000000009f200000, 0x000000009f200000|100%| E|CS|TAMS 0x000000009f100000, 0x000000009f100000| Complete 
| 498|0x000000009f200000, 0x000000009f300000, 0x000000009f300000|100%| E|CS|TAMS 0x000000009f200000, 0x000000009f200000| Complete 
| 499|0x000000009f300000, 0x000000009f400000, 0x000000009f400000|100%| E|CS|TAMS 0x000000009f300000, 0x000000009f300000| Complete 
| 500|0x000000009f400000, 0x000000009f500000, 0x000000009f500000|100%| E|CS|TAMS 0x000000009f400000, 0x000000009f400000| Complete 
| 501|0x000000009f500000, 0x000000009f600000, 0x000000009f600000|100%| E|CS|TAMS 0x000000009f500000, 0x000000009f500000| Complete 
| 502|0x000000009f600000, 0x000000009f700000, 0x000000009f700000|100%| E|CS|TAMS 0x000000009f600000, 0x000000009f600000| Complete 
| 503|0x000000009f700000, 0x000000009f800000, 0x000000009f800000|100%| E|CS|TAMS 0x000000009f700000, 0x000000009f700000| Complete 
| 504|0x000000009f800000, 0x000000009f900000, 0x000000009f900000|100%| E|CS|TAMS 0x000000009f800000, 0x000000009f800000| Complete 
| 505|0x000000009f900000, 0x000000009fa00000, 0x000000009fa00000|100%| E|CS|TAMS 0x000000009f900000, 0x000000009f900000| Complete 
| 506|0x000000009fa00000, 0x000000009fb00000, 0x000000009fb00000|100%| E|CS|TAMS 0x000000009fa00000, 0x000000009fa00000| Complete 
| 507|0x000000009fb00000, 0x000000009fc00000, 0x000000009fc00000|100%| E|CS|TAMS 0x000000009fb00000, 0x000000009fb00000| Complete 
| 508|0x000000009fc00000, 0x000000009fd00000, 0x000000009fd00000|100%| E|CS|TAMS 0x000000009fc00000, 0x000000009fc00000| Complete 
| 509|0x000000009fd00000, 0x000000009fe00000, 0x000000009fe00000|100%| E|CS|TAMS 0x000000009fd00000, 0x000000009fd00000| Complete 
| 510|0x000000009fe00000, 0x000000009ff00000, 0x000000009ff00000|100%| E|CS|TAMS 0x000000009fe00000, 0x000000009fe00000| Complete 
| 511|0x000000009ff00000, 0x00000000a0000000, 0x00000000a0000000|100%| E|CS|TAMS 0x000000009ff00000, 0x000000009ff00000| Complete 
| 512|0x00000000a0000000, 0x00000000a0100000, 0x00000000a0100000|100%| E|CS|TAMS 0x00000000a0000000, 0x00000000a0000000| Complete 
| 513|0x00000000a0100000, 0x00000000a0200000, 0x00000000a0200000|100%| E|CS|TAMS 0x00000000a0100000, 0x00000000a0100000| Complete 
| 514|0x00000000a0200000, 0x00000000a0300000, 0x00000000a0300000|100%| E|CS|TAMS 0x00000000a0200000, 0x00000000a0200000| Complete 
| 515|0x00000000a0300000, 0x00000000a0400000, 0x00000000a0400000|100%| E|CS|TAMS 0x00000000a0300000, 0x00000000a0300000| Complete 
| 516|0x00000000a0400000, 0x00000000a0500000, 0x00000000a0500000|100%| E|CS|TAMS 0x00000000a0400000, 0x00000000a0400000| Complete 
| 517|0x00000000a0500000, 0x00000000a0600000, 0x00000000a0600000|100%| E|CS|TAMS 0x00000000a0500000, 0x00000000a0500000| Complete 
| 518|0x00000000a0600000, 0x00000000a0700000, 0x00000000a0700000|100%| E|CS|TAMS 0x00000000a0600000, 0x00000000a0600000| Complete 
| 519|0x00000000a0700000, 0x00000000a0800000, 0x00000000a0800000|100%| E|CS|TAMS 0x00000000a0700000, 0x00000000a0700000| Complete 
| 520|0x00000000a0800000, 0x00000000a0900000, 0x00000000a0900000|100%| E|CS|TAMS 0x00000000a0800000, 0x00000000a0800000| Complete 
| 521|0x00000000a0900000, 0x00000000a0a00000, 0x00000000a0a00000|100%| E|CS|TAMS 0x00000000a0900000, 0x00000000a0900000| Complete 
| 522|0x00000000a0a00000, 0x00000000a0b00000, 0x00000000a0b00000|100%| E|CS|TAMS 0x00000000a0a00000, 0x00000000a0a00000| Complete 
| 523|0x00000000a0b00000, 0x00000000a0c00000, 0x00000000a0c00000|100%| E|CS|TAMS 0x00000000a0b00000, 0x00000000a0b00000| Complete 
| 524|0x00000000a0c00000, 0x00000000a0d00000, 0x00000000a0d00000|100%| E|CS|TAMS 0x00000000a0c00000, 0x00000000a0c00000| Complete 
| 525|0x00000000a0d00000, 0x00000000a0e00000, 0x00000000a0e00000|100%| E|CS|TAMS 0x00000000a0d00000, 0x00000000a0d00000| Complete 
| 526|0x00000000a0e00000, 0x00000000a0f00000, 0x00000000a0f00000|100%| E|CS|TAMS 0x00000000a0e00000, 0x00000000a0e00000| Complete 
| 527|0x00000000a0f00000, 0x00000000a1000000, 0x00000000a1000000|100%| E|CS|TAMS 0x00000000a0f00000, 0x00000000a0f00000| Complete 
| 528|0x00000000a1000000, 0x00000000a1100000, 0x00000000a1100000|100%| E|CS|TAMS 0x00000000a1000000, 0x00000000a1000000| Complete 
| 529|0x00000000a1100000, 0x00000000a1200000, 0x00000000a1200000|100%| E|CS|TAMS 0x00000000a1100000, 0x00000000a1100000| Complete 
| 530|0x00000000a1200000, 0x00000000a1300000, 0x00000000a1300000|100%| E|CS|TAMS 0x00000000a1200000, 0x00000000a1200000| Complete 
| 531|0x00000000a1300000, 0x00000000a1400000, 0x00000000a1400000|100%| E|CS|TAMS 0x00000000a1300000, 0x00000000a1300000| Complete 
| 532|0x00000000a1400000, 0x00000000a1500000, 0x00000000a1500000|100%| E|CS|TAMS 0x00000000a1400000, 0x00000000a1400000| Complete 
| 533|0x00000000a1500000, 0x00000000a1600000, 0x00000000a1600000|100%| E|CS|TAMS 0x00000000a1500000, 0x00000000a1500000| Complete 
| 534|0x00000000a1600000, 0x00000000a1700000, 0x00000000a1700000|100%| E|CS|TAMS 0x00000000a1600000, 0x00000000a1600000| Complete 
| 535|0x00000000a1700000, 0x00000000a1800000, 0x00000000a1800000|100%| E|  |TAMS 0x00000000a1700000, 0x00000000a1700000| Complete 
| 536|0x00000000a1800000, 0x00000000a1900000, 0x00000000a1900000|100%| E|CS|TAMS 0x00000000a1800000, 0x00000000a1800000| Complete 
| 537|0x00000000a1900000, 0x00000000a1a00000, 0x00000000a1a00000|100%| E|CS|TAMS 0x00000000a1900000, 0x00000000a1900000| Complete 
| 538|0x00000000a1a00000, 0x00000000a1b00000, 0x00000000a1b00000|100%| E|CS|TAMS 0x00000000a1a00000, 0x00000000a1a00000| Complete 
| 539|0x00000000a1b00000, 0x00000000a1c00000, 0x00000000a1c00000|100%| E|CS|TAMS 0x00000000a1b00000, 0x00000000a1b00000| Complete 
| 540|0x00000000a1c00000, 0x00000000a1d00000, 0x00000000a1d00000|100%| E|CS|TAMS 0x00000000a1c00000, 0x00000000a1c00000| Complete 
| 541|0x00000000a1d00000, 0x00000000a1e00000, 0x00000000a1e00000|100%| E|CS|TAMS 0x00000000a1d00000, 0x00000000a1d00000| Complete 
| 542|0x00000000a1e00000, 0x00000000a1f00000, 0x00000000a1f00000|100%| E|CS|TAMS 0x00000000a1e00000, 0x00000000a1e00000| Complete 
| 543|0x00000000a1f00000, 0x00000000a2000000, 0x00000000a2000000|100%| E|CS|TAMS 0x00000000a1f00000, 0x00000000a1f00000| Complete 
| 544|0x00000000a2000000, 0x00000000a2100000, 0x00000000a2100000|100%| E|CS|TAMS 0x00000000a2000000, 0x00000000a2000000| Complete 
| 545|0x00000000a2100000, 0x00000000a2200000, 0x00000000a2200000|100%| E|CS|TAMS 0x00000000a2100000, 0x00000000a2100000| Complete 
| 546|0x00000000a2200000, 0x00000000a2300000, 0x00000000a2300000|100%| E|CS|TAMS 0x00000000a2200000, 0x00000000a2200000| Complete 
| 547|0x00000000a2300000, 0x00000000a2400000, 0x00000000a2400000|100%| E|CS|TAMS 0x00000000a2300000, 0x00000000a2300000| Complete 
| 548|0x00000000a2400000, 0x00000000a2500000, 0x00000000a2500000|100%| E|CS|TAMS 0x00000000a2400000, 0x00000000a2400000| Complete 
| 549|0x00000000a2500000, 0x00000000a2600000, 0x00000000a2600000|100%| E|CS|TAMS 0x00000000a2500000, 0x00000000a2500000| Complete 
| 550|0x00000000a2600000, 0x00000000a2700000, 0x00000000a2700000|100%| E|CS|TAMS 0x00000000a2600000, 0x00000000a2600000| Complete 
| 551|0x00000000a2700000, 0x00000000a2800000, 0x00000000a2800000|100%| E|CS|TAMS 0x00000000a2700000, 0x00000000a2700000| Complete 
| 552|0x00000000a2800000, 0x00000000a2900000, 0x00000000a2900000|100%| E|CS|TAMS 0x00000000a2800000, 0x00000000a2800000| Complete 
| 553|0x00000000a2900000, 0x00000000a2a00000, 0x00000000a2a00000|100%| E|CS|TAMS 0x00000000a2900000, 0x00000000a2900000| Complete 
| 554|0x00000000a2a00000, 0x00000000a2b00000, 0x00000000a2b00000|100%| E|CS|TAMS 0x00000000a2a00000, 0x00000000a2a00000| Complete 
| 555|0x00000000a2b00000, 0x00000000a2c00000, 0x00000000a2c00000|100%| E|CS|TAMS 0x00000000a2b00000, 0x00000000a2b00000| Complete 
| 556|0x00000000a2c00000, 0x00000000a2d00000, 0x00000000a2d00000|100%| E|CS|TAMS 0x00000000a2c00000, 0x00000000a2c00000| Complete 
| 557|0x00000000a2d00000, 0x00000000a2e00000, 0x00000000a2e00000|100%| E|CS|TAMS 0x00000000a2d00000, 0x00000000a2d00000| Complete 
| 558|0x00000000a2e00000, 0x00000000a2f00000, 0x00000000a2f00000|100%| E|CS|TAMS 0x00000000a2e00000, 0x00000000a2e00000| Complete 
| 559|0x00000000a2f00000, 0x00000000a3000000, 0x00000000a3000000|100%| E|CS|TAMS 0x00000000a2f00000, 0x00000000a2f00000| Complete 
| 560|0x00000000a3000000, 0x00000000a3100000, 0x00000000a3100000|100%| E|CS|TAMS 0x00000000a3000000, 0x00000000a3000000| Complete 
| 561|0x00000000a3100000, 0x00000000a3200000, 0x00000000a3200000|100%| E|CS|TAMS 0x00000000a3100000, 0x00000000a3100000| Complete 
| 562|0x00000000a3200000, 0x00000000a3300000, 0x00000000a3300000|100%| E|CS|TAMS 0x00000000a3200000, 0x00000000a3200000| Complete 
| 563|0x00000000a3300000, 0x00000000a3400000, 0x00000000a3400000|100%| E|CS|TAMS 0x00000000a3300000, 0x00000000a3300000| Complete 
| 564|0x00000000a3400000, 0x00000000a3500000, 0x00000000a3500000|100%| E|CS|TAMS 0x00000000a3400000, 0x00000000a3400000| Complete 
| 565|0x00000000a3500000, 0x00000000a3600000, 0x00000000a3600000|100%| E|CS|TAMS 0x00000000a3500000, 0x00000000a3500000| Complete 
| 566|0x00000000a3600000, 0x00000000a3700000, 0x00000000a3700000|100%| E|CS|TAMS 0x00000000a3600000, 0x00000000a3600000| Complete 
| 567|0x00000000a3700000, 0x00000000a3800000, 0x00000000a3800000|100%| E|CS|TAMS 0x00000000a3700000, 0x00000000a3700000| Complete 
| 568|0x00000000a3800000, 0x00000000a3900000, 0x00000000a3900000|100%| E|CS|TAMS 0x00000000a3800000, 0x00000000a3800000| Complete 
| 569|0x00000000a3900000, 0x00000000a3a00000, 0x00000000a3a00000|100%| E|CS|TAMS 0x00000000a3900000, 0x00000000a3900000| Complete 
| 570|0x00000000a3a00000, 0x00000000a3b00000, 0x00000000a3b00000|100%| E|CS|TAMS 0x00000000a3a00000, 0x00000000a3a00000| Complete 
| 571|0x00000000a3b00000, 0x00000000a3c00000, 0x00000000a3c00000|100%| E|CS|TAMS 0x00000000a3b00000, 0x00000000a3b00000| Complete 
| 572|0x00000000a3c00000, 0x00000000a3d00000, 0x00000000a3d00000|100%| E|CS|TAMS 0x00000000a3c00000, 0x00000000a3c00000| Complete 
| 573|0x00000000a3d00000, 0x00000000a3e00000, 0x00000000a3e00000|100%| E|CS|TAMS 0x00000000a3d00000, 0x00000000a3d00000| Complete 
| 574|0x00000000a3e00000, 0x00000000a3f00000, 0x00000000a3f00000|100%| E|CS|TAMS 0x00000000a3e00000, 0x00000000a3e00000| Complete 
| 575|0x00000000a3f00000, 0x00000000a4000000, 0x00000000a4000000|100%| E|CS|TAMS 0x00000000a3f00000, 0x00000000a3f00000| Complete 
| 576|0x00000000a4000000, 0x00000000a4100000, 0x00000000a4100000|100%| E|CS|TAMS 0x00000000a4000000, 0x00000000a4000000| Complete 
| 577|0x00000000a4100000, 0x00000000a4200000, 0x00000000a4200000|100%| E|CS|TAMS 0x00000000a4100000, 0x00000000a4100000| Complete 
| 578|0x00000000a4200000, 0x00000000a4300000, 0x00000000a4300000|100%| E|CS|TAMS 0x00000000a4200000, 0x00000000a4200000| Complete 
| 579|0x00000000a4300000, 0x00000000a4400000, 0x00000000a4400000|100%| E|CS|TAMS 0x00000000a4300000, 0x00000000a4300000| Complete 
| 580|0x00000000a4400000, 0x00000000a4500000, 0x00000000a4500000|100%| E|CS|TAMS 0x00000000a4400000, 0x00000000a4400000| Complete 
| 581|0x00000000a4500000, 0x00000000a4600000, 0x00000000a4600000|100%| E|CS|TAMS 0x00000000a4500000, 0x00000000a4500000| Complete 
| 582|0x00000000a4600000, 0x00000000a4700000, 0x00000000a4700000|100%| E|CS|TAMS 0x00000000a4600000, 0x00000000a4600000| Complete 
| 583|0x00000000a4700000, 0x00000000a4800000, 0x00000000a4800000|100%| E|CS|TAMS 0x00000000a4700000, 0x00000000a4700000| Complete 
| 584|0x00000000a4800000, 0x00000000a4900000, 0x00000000a4900000|100%| E|CS|TAMS 0x00000000a4800000, 0x00000000a4800000| Complete 
| 585|0x00000000a4900000, 0x00000000a4a00000, 0x00000000a4a00000|100%| E|CS|TAMS 0x00000000a4900000, 0x00000000a4900000| Complete 
| 586|0x00000000a4a00000, 0x00000000a4b00000, 0x00000000a4b00000|100%| E|CS|TAMS 0x00000000a4a00000, 0x00000000a4a00000| Complete 
| 587|0x00000000a4b00000, 0x00000000a4c00000, 0x00000000a4c00000|100%| E|CS|TAMS 0x00000000a4b00000, 0x00000000a4b00000| Complete 
| 588|0x00000000a4c00000, 0x00000000a4d00000, 0x00000000a4d00000|100%| E|CS|TAMS 0x00000000a4c00000, 0x00000000a4c00000| Complete 
| 589|0x00000000a4d00000, 0x00000000a4e00000, 0x00000000a4e00000|100%| E|CS|TAMS 0x00000000a4d00000, 0x00000000a4d00000| Complete 
| 590|0x00000000a4e00000, 0x00000000a4f00000, 0x00000000a4f00000|100%| E|CS|TAMS 0x00000000a4e00000, 0x00000000a4e00000| Complete 
| 591|0x00000000a4f00000, 0x00000000a5000000, 0x00000000a5000000|100%| E|CS|TAMS 0x00000000a4f00000, 0x00000000a4f00000| Complete 
| 592|0x00000000a5000000, 0x00000000a5100000, 0x00000000a5100000|100%| E|CS|TAMS 0x00000000a5000000, 0x00000000a5000000| Complete 
| 593|0x00000000a5100000, 0x00000000a5200000, 0x00000000a5200000|100%| E|CS|TAMS 0x00000000a5100000, 0x00000000a5100000| Complete 
| 594|0x00000000a5200000, 0x00000000a5300000, 0x00000000a5300000|100%| E|CS|TAMS 0x00000000a5200000, 0x00000000a5200000| Complete 
| 595|0x00000000a5300000, 0x00000000a5400000, 0x00000000a5400000|100%| E|CS|TAMS 0x00000000a5300000, 0x00000000a5300000| Complete 
| 596|0x00000000a5400000, 0x00000000a5500000, 0x00000000a5500000|100%| E|CS|TAMS 0x00000000a5400000, 0x00000000a5400000| Complete 
| 597|0x00000000a5500000, 0x00000000a5600000, 0x00000000a5600000|100%| E|CS|TAMS 0x00000000a5500000, 0x00000000a5500000| Complete 
| 598|0x00000000a5600000, 0x00000000a5700000, 0x00000000a5700000|100%| E|CS|TAMS 0x00000000a5600000, 0x00000000a5600000| Complete 
| 599|0x00000000a5700000, 0x00000000a5800000, 0x00000000a5800000|100%| E|CS|TAMS 0x00000000a5700000, 0x00000000a5700000| Complete 
| 600|0x00000000a5800000, 0x00000000a5900000, 0x00000000a5900000|100%| E|CS|TAMS 0x00000000a5800000, 0x00000000a5800000| Complete 
| 601|0x00000000a5900000, 0x00000000a5a00000, 0x00000000a5a00000|100%| E|CS|TAMS 0x00000000a5900000, 0x00000000a5900000| Complete 
| 602|0x00000000a5a00000, 0x00000000a5b00000, 0x00000000a5b00000|100%| E|CS|TAMS 0x00000000a5a00000, 0x00000000a5a00000| Complete 
| 603|0x00000000a5b00000, 0x00000000a5c00000, 0x00000000a5c00000|100%| E|CS|TAMS 0x00000000a5b00000, 0x00000000a5b00000| Complete 
| 604|0x00000000a5c00000, 0x00000000a5d00000, 0x00000000a5d00000|100%| E|CS|TAMS 0x00000000a5c00000, 0x00000000a5c00000| Complete 
| 605|0x00000000a5d00000, 0x00000000a5e00000, 0x00000000a5e00000|100%| E|CS|TAMS 0x00000000a5d00000, 0x00000000a5d00000| Complete 
| 606|0x00000000a5e00000, 0x00000000a5f00000, 0x00000000a5f00000|100%| E|CS|TAMS 0x00000000a5e00000, 0x00000000a5e00000| Complete 
| 607|0x00000000a5f00000, 0x00000000a6000000, 0x00000000a6000000|100%| E|CS|TAMS 0x00000000a5f00000, 0x00000000a5f00000| Complete 
| 608|0x00000000a6000000, 0x00000000a6100000, 0x00000000a6100000|100%| E|CS|TAMS 0x00000000a6000000, 0x00000000a6000000| Complete 
| 609|0x00000000a6100000, 0x00000000a6200000, 0x00000000a6200000|100%| E|CS|TAMS 0x00000000a6100000, 0x00000000a6100000| Complete 
| 610|0x00000000a6200000, 0x00000000a6300000, 0x00000000a6300000|100%| E|CS|TAMS 0x00000000a6200000, 0x00000000a6200000| Complete 
| 611|0x00000000a6300000, 0x00000000a6400000, 0x00000000a6400000|100%| E|CS|TAMS 0x00000000a6300000, 0x00000000a6300000| Complete 
| 612|0x00000000a6400000, 0x00000000a6500000, 0x00000000a6500000|100%| E|CS|TAMS 0x00000000a6400000, 0x00000000a6400000| Complete 
| 613|0x00000000a6500000, 0x00000000a6600000, 0x00000000a6600000|100%| E|CS|TAMS 0x00000000a6500000, 0x00000000a6500000| Complete 
| 614|0x00000000a6600000, 0x00000000a6700000, 0x00000000a6700000|100%| E|CS|TAMS 0x00000000a6600000, 0x00000000a6600000| Complete 
| 615|0x00000000a6700000, 0x00000000a6800000, 0x00000000a6800000|100%| E|CS|TAMS 0x00000000a6700000, 0x00000000a6700000| Complete 
| 616|0x00000000a6800000, 0x00000000a6900000, 0x00000000a6900000|100%| E|CS|TAMS 0x00000000a6800000, 0x00000000a6800000| Complete 
| 617|0x00000000a6900000, 0x00000000a6a00000, 0x00000000a6a00000|100%| E|CS|TAMS 0x00000000a6900000, 0x00000000a6900000| Complete 
| 618|0x00000000a6a00000, 0x00000000a6b00000, 0x00000000a6b00000|100%| E|CS|TAMS 0x00000000a6a00000, 0x00000000a6a00000| Complete 
| 619|0x00000000a6b00000, 0x00000000a6c00000, 0x00000000a6c00000|100%| E|CS|TAMS 0x00000000a6b00000, 0x00000000a6b00000| Complete 
| 620|0x00000000a6c00000, 0x00000000a6d00000, 0x00000000a6d00000|100%| E|CS|TAMS 0x00000000a6c00000, 0x00000000a6c00000| Complete 
| 621|0x00000000a6d00000, 0x00000000a6e00000, 0x00000000a6e00000|100%| E|CS|TAMS 0x00000000a6d00000, 0x00000000a6d00000| Complete 
| 622|0x00000000a6e00000, 0x00000000a6f00000, 0x00000000a6f00000|100%| E|CS|TAMS 0x00000000a6e00000, 0x00000000a6e00000| Complete 
| 623|0x00000000a6f00000, 0x00000000a7000000, 0x00000000a7000000|100%| E|CS|TAMS 0x00000000a6f00000, 0x00000000a6f00000| Complete 
| 624|0x00000000a7000000, 0x00000000a7100000, 0x00000000a7100000|100%| E|CS|TAMS 0x00000000a7000000, 0x00000000a7000000| Complete 
| 625|0x00000000a7100000, 0x00000000a7200000, 0x00000000a7200000|100%| E|CS|TAMS 0x00000000a7100000, 0x00000000a7100000| Complete 
| 626|0x00000000a7200000, 0x00000000a7300000, 0x00000000a7300000|100%| E|CS|TAMS 0x00000000a7200000, 0x00000000a7200000| Complete 
| 627|0x00000000a7300000, 0x00000000a7400000, 0x00000000a7400000|100%| E|CS|TAMS 0x00000000a7300000, 0x00000000a7300000| Complete 
| 628|0x00000000a7400000, 0x00000000a7500000, 0x00000000a7500000|100%| E|CS|TAMS 0x00000000a7400000, 0x00000000a7400000| Complete 
| 629|0x00000000a7500000, 0x00000000a7600000, 0x00000000a7600000|100%| E|CS|TAMS 0x00000000a7500000, 0x00000000a7500000| Complete 
| 630|0x00000000a7600000, 0x00000000a7700000, 0x00000000a7700000|100%| E|CS|TAMS 0x00000000a7600000, 0x00000000a7600000| Complete 
| 631|0x00000000a7700000, 0x00000000a7800000, 0x00000000a7800000|100%| E|CS|TAMS 0x00000000a7700000, 0x00000000a7700000| Complete 
| 632|0x00000000a7800000, 0x00000000a7900000, 0x00000000a7900000|100%| E|CS|TAMS 0x00000000a7800000, 0x00000000a7800000| Complete 
| 633|0x00000000a7900000, 0x00000000a7a00000, 0x00000000a7a00000|100%| E|CS|TAMS 0x00000000a7900000, 0x00000000a7900000| Complete 
| 634|0x00000000a7a00000, 0x00000000a7b00000, 0x00000000a7b00000|100%| E|CS|TAMS 0x00000000a7a00000, 0x00000000a7a00000| Complete 
| 635|0x00000000a7b00000, 0x00000000a7c00000, 0x00000000a7c00000|100%| E|CS|TAMS 0x00000000a7b00000, 0x00000000a7b00000| Complete 
| 636|0x00000000a7c00000, 0x00000000a7d00000, 0x00000000a7d00000|100%| E|CS|TAMS 0x00000000a7c00000, 0x00000000a7c00000| Complete 
| 637|0x00000000a7d00000, 0x00000000a7e00000, 0x00000000a7e00000|100%| E|CS|TAMS 0x00000000a7d00000, 0x00000000a7d00000| Complete 
| 638|0x00000000a7e00000, 0x00000000a7f00000, 0x00000000a7f00000|100%| E|CS|TAMS 0x00000000a7e00000, 0x00000000a7e00000| Complete 
| 639|0x00000000a7f00000, 0x00000000a8000000, 0x00000000a8000000|100%| E|CS|TAMS 0x00000000a7f00000, 0x00000000a7f00000| Complete 
| 640|0x00000000a8000000, 0x00000000a8100000, 0x00000000a8100000|100%| E|CS|TAMS 0x00000000a8000000, 0x00000000a8000000| Complete 
| 641|0x00000000a8100000, 0x00000000a8200000, 0x00000000a8200000|100%| E|CS|TAMS 0x00000000a8100000, 0x00000000a8100000| Complete 
| 642|0x00000000a8200000, 0x00000000a8300000, 0x00000000a8300000|100%| E|CS|TAMS 0x00000000a8200000, 0x00000000a8200000| Complete 
| 643|0x00000000a8300000, 0x00000000a8400000, 0x00000000a8400000|100%| E|CS|TAMS 0x00000000a8300000, 0x00000000a8300000| Complete 
| 644|0x00000000a8400000, 0x00000000a8500000, 0x00000000a8500000|100%| E|CS|TAMS 0x00000000a8400000, 0x00000000a8400000| Complete 
| 645|0x00000000a8500000, 0x00000000a8600000, 0x00000000a8600000|100%| E|CS|TAMS 0x00000000a8500000, 0x00000000a8500000| Complete 
| 646|0x00000000a8600000, 0x00000000a8700000, 0x00000000a8700000|100%| E|CS|TAMS 0x00000000a8600000, 0x00000000a8600000| Complete 
| 647|0x00000000a8700000, 0x00000000a8800000, 0x00000000a8800000|100%| E|CS|TAMS 0x00000000a8700000, 0x00000000a8700000| Complete 
| 648|0x00000000a8800000, 0x00000000a8900000, 0x00000000a8900000|100%| E|CS|TAMS 0x00000000a8800000, 0x00000000a8800000| Complete 
| 649|0x00000000a8900000, 0x00000000a8a00000, 0x00000000a8a00000|100%| E|CS|TAMS 0x00000000a8900000, 0x00000000a8900000| Complete 
| 650|0x00000000a8a00000, 0x00000000a8b00000, 0x00000000a8b00000|100%| E|CS|TAMS 0x00000000a8a00000, 0x00000000a8a00000| Complete 
| 651|0x00000000a8b00000, 0x00000000a8c00000, 0x00000000a8c00000|100%| E|CS|TAMS 0x00000000a8b00000, 0x00000000a8b00000| Complete 
| 652|0x00000000a8c00000, 0x00000000a8d00000, 0x00000000a8d00000|100%| E|CS|TAMS 0x00000000a8c00000, 0x00000000a8c00000| Complete 
| 653|0x00000000a8d00000, 0x00000000a8e00000, 0x00000000a8e00000|100%| E|CS|TAMS 0x00000000a8d00000, 0x00000000a8d00000| Complete 
| 654|0x00000000a8e00000, 0x00000000a8f00000, 0x00000000a8f00000|100%| E|CS|TAMS 0x00000000a8e00000, 0x00000000a8e00000| Complete 
| 655|0x00000000a8f00000, 0x00000000a9000000, 0x00000000a9000000|100%| E|CS|TAMS 0x00000000a8f00000, 0x00000000a8f00000| Complete 
| 656|0x00000000a9000000, 0x00000000a9100000, 0x00000000a9100000|100%| E|CS|TAMS 0x00000000a9000000, 0x00000000a9000000| Complete 
| 657|0x00000000a9100000, 0x00000000a9200000, 0x00000000a9200000|100%| E|CS|TAMS 0x00000000a9100000, 0x00000000a9100000| Complete 
| 658|0x00000000a9200000, 0x00000000a9300000, 0x00000000a9300000|100%| E|CS|TAMS 0x00000000a9200000, 0x00000000a9200000| Complete 
| 659|0x00000000a9300000, 0x00000000a9400000, 0x00000000a9400000|100%| E|CS|TAMS 0x00000000a9300000, 0x00000000a9300000| Complete 
| 660|0x00000000a9400000, 0x00000000a9500000, 0x00000000a9500000|100%| E|CS|TAMS 0x00000000a9400000, 0x00000000a9400000| Complete 
| 661|0x00000000a9500000, 0x00000000a9600000, 0x00000000a9600000|100%| E|CS|TAMS 0x00000000a9500000, 0x00000000a9500000| Complete 
| 662|0x00000000a9600000, 0x00000000a9700000, 0x00000000a9700000|100%| E|CS|TAMS 0x00000000a9600000, 0x00000000a9600000| Complete 
| 663|0x00000000a9700000, 0x00000000a9800000, 0x00000000a9800000|100%| E|CS|TAMS 0x00000000a9700000, 0x00000000a9700000| Complete 
| 664|0x00000000a9800000, 0x00000000a9900000, 0x00000000a9900000|100%| E|CS|TAMS 0x00000000a9800000, 0x00000000a9800000| Complete 
| 665|0x00000000a9900000, 0x00000000a9a00000, 0x00000000a9a00000|100%| E|CS|TAMS 0x00000000a9900000, 0x00000000a9900000| Complete 
| 666|0x00000000a9a00000, 0x00000000a9b00000, 0x00000000a9b00000|100%| E|CS|TAMS 0x00000000a9a00000, 0x00000000a9a00000| Complete 
| 667|0x00000000a9b00000, 0x00000000a9c00000, 0x00000000a9c00000|100%| E|CS|TAMS 0x00000000a9b00000, 0x00000000a9b00000| Complete 
| 668|0x00000000a9c00000, 0x00000000a9d00000, 0x00000000a9d00000|100%| E|CS|TAMS 0x00000000a9c00000, 0x00000000a9c00000| Complete 
| 669|0x00000000a9d00000, 0x00000000a9e00000, 0x00000000a9e00000|100%| E|CS|TAMS 0x00000000a9d00000, 0x00000000a9d00000| Complete 
| 670|0x00000000a9e00000, 0x00000000a9f00000, 0x00000000a9f00000|100%| E|CS|TAMS 0x00000000a9e00000, 0x00000000a9e00000| Complete 
| 671|0x00000000a9f00000, 0x00000000aa000000, 0x00000000aa000000|100%| E|CS|TAMS 0x00000000a9f00000, 0x00000000a9f00000| Complete 
| 672|0x00000000aa000000, 0x00000000aa100000, 0x00000000aa100000|100%| E|CS|TAMS 0x00000000aa000000, 0x00000000aa000000| Complete 
| 673|0x00000000aa100000, 0x00000000aa200000, 0x00000000aa200000|100%| E|CS|TAMS 0x00000000aa100000, 0x00000000aa100000| Complete 
| 674|0x00000000aa200000, 0x00000000aa300000, 0x00000000aa300000|100%| E|CS|TAMS 0x00000000aa200000, 0x00000000aa200000| Complete 
| 675|0x00000000aa300000, 0x00000000aa400000, 0x00000000aa400000|100%| E|CS|TAMS 0x00000000aa300000, 0x00000000aa300000| Complete 
| 676|0x00000000aa400000, 0x00000000aa500000, 0x00000000aa500000|100%| E|CS|TAMS 0x00000000aa400000, 0x00000000aa400000| Complete 
| 677|0x00000000aa500000, 0x00000000aa600000, 0x00000000aa600000|100%| E|CS|TAMS 0x00000000aa500000, 0x00000000aa500000| Complete 
| 678|0x00000000aa600000, 0x00000000aa700000, 0x00000000aa700000|100%| E|CS|TAMS 0x00000000aa600000, 0x00000000aa600000| Complete 
| 679|0x00000000aa700000, 0x00000000aa800000, 0x00000000aa800000|100%| E|CS|TAMS 0x00000000aa700000, 0x00000000aa700000| Complete 
| 680|0x00000000aa800000, 0x00000000aa900000, 0x00000000aa900000|100%| E|CS|TAMS 0x00000000aa800000, 0x00000000aa800000| Complete 
| 681|0x00000000aa900000, 0x00000000aaa00000, 0x00000000aaa00000|100%| E|CS|TAMS 0x00000000aa900000, 0x00000000aa900000| Complete 
| 682|0x00000000aaa00000, 0x00000000aab00000, 0x00000000aab00000|100%| E|CS|TAMS 0x00000000aaa00000, 0x00000000aaa00000| Complete 
| 683|0x00000000aab00000, 0x00000000aac00000, 0x00000000aac00000|100%| E|CS|TAMS 0x00000000aab00000, 0x00000000aab00000| Complete 
| 684|0x00000000aac00000, 0x00000000aad00000, 0x00000000aad00000|100%| E|CS|TAMS 0x00000000aac00000, 0x00000000aac00000| Complete 
| 685|0x00000000aad00000, 0x00000000aae00000, 0x00000000aae00000|100%| E|CS|TAMS 0x00000000aad00000, 0x00000000aad00000| Complete 
| 686|0x00000000aae00000, 0x00000000aaf00000, 0x00000000aaf00000|100%| E|CS|TAMS 0x00000000aae00000, 0x00000000aae00000| Complete 

Card table byte_map: [0x0000012e3f0c0000,0x0000012e3f4c0000] _byte_map_base: 0x0000012e3ecc0000

Marking Bits (Prev, Next): (CMBitMap*) 0x0000012e27915bb0, (CMBitMap*) 0x0000012e27915bf0
 Prev Bits: [0x0000012e3f8c0000, 0x0000012e418c0000)
 Next Bits: [0x0000012e418c0000, 0x0000012e438c0000)

Polling page: 0x0000012e25ad0000

Metaspace:

Usage:
  Non-class:    180.73 MB used.
      Class:     27.46 MB used.
       Both:    208.18 MB used.

Virtual space:
  Non-class space:      192.00 MB reserved,     181.38 MB ( 94%) committed,  3 nodes.
      Class space:        1.00 GB reserved,      28.06 MB (  3%) committed,  1 nodes.
             Both:        1.19 GB reserved,     209.44 MB ( 17%) committed. 

Chunk freelists:
   Non-Class:  10.55 MB
       Class:  3.82 MB
        Both:  14.37 MB

MaxMetaspaceSize: unlimited
CompressedClassSpaceSize: 1.00 GB
Initial GC threshold: 21.00 MB
Current GC threshold: 258.75 MB
CDS: on
MetaspaceReclaimPolicy: balanced
 - commit_granule_bytes: 65536.
 - commit_granule_words: 8192.
 - virtual_space_node_default_size: 8388608.
 - enlarge_chunks_in_place: 1.
 - new_chunks_are_fully_committed: 0.
 - uncommit_free_chunks: 1.
 - use_allocation_guard: 0.
 - handle_deallocations: 1.


Internal statistics:

num_allocs_failed_limit: 12.
num_arena_births: 1992.
num_arena_deaths: 0.
num_vsnodes_births: 4.
num_vsnodes_deaths: 0.
num_space_committed: 3348.
num_space_uncommitted: 0.
num_chunks_returned_to_freelist: 12.
num_chunks_taken_from_freelist: 11532.
num_chunk_merges: 12.
num_chunk_splits: 7646.
num_chunks_enlarged: 4900.
num_inconsistent_stats: 0.

CodeHeap 'non-profiled nmethods': size=119168Kb used=12365Kb max_used=12365Kb free=106802Kb
 bounds [0x0000012e36fe0000, 0x0000012e37c00000, 0x0000012e3e440000]
CodeHeap 'profiled nmethods': size=119104Kb used=47541Kb max_used=47541Kb free=71562Kb
 bounds [0x0000012e2f440000, 0x0000012e322b0000, 0x0000012e36890000]
CodeHeap 'non-nmethods': size=7488Kb used=3737Kb max_used=3813Kb free=3750Kb
 bounds [0x0000012e36890000, 0x0000012e36c60000, 0x0000012e36fe0000]
 total_blobs=22140 nmethods=20945 adapters=1101
 compilation: enabled
              stopped_count=0, restarted_count=0
 full_count=0

Compilation events (20 events):
Event: 15.147 Thread 0x0000012e46aea520 nmethod 24135 0x0000012e32299e10 code [0x0000012e32299fa0, 0x0000012e3229a0f8]
Event: 15.149 Thread 0x0000012e915a9aa0 nmethod 24133 0x0000012e37be8b10 code [0x0000012e37be8ca0, 0x0000012e37be8d98]
Event: 15.155 Thread 0x0000012e4677df50 nmethod 24129 0x0000012e37be8e90 code [0x0000012e37be9040, 0x0000012e37be9388]
Event: 15.156 Thread 0x0000012e936e9f00 24136       4       java.io.ObjectInputStream$BlockDataInputStream::read (62 bytes)
Event: 15.156 Thread 0x0000012e4677df50 24137   !   4       jdk.internal.loader.URLClassPath$JarLoader::getResource (354 bytes)
Event: 15.157 Thread 0x0000012e915a9aa0 24138       4       org.gradle.internal.snapshot.PathUtil::compareCharsIgnoringCase (46 bytes)
Event: 15.163 Thread 0x0000012e915a9aa0 nmethod 24138 0x0000012e37be9690 code [0x0000012e37be9860, 0x0000012e37be9cf8]
Event: 15.164 Thread 0x0000012e46a85670 24139       1       org.apache.commons.compress.archivers.tar.TarArchiveEntry::getName (5 bytes)
Event: 15.164 Thread 0x0000012e46a85670 nmethod 24139 0x0000012e3706f610 code [0x0000012e3706f7a0, 0x0000012e3706f878]
Event: 15.166 Thread 0x0000012e9085b9b0 nmethod 24134 0x0000012e37bea190 code [0x0000012e37bea340, 0x0000012e37beab78]
Event: 15.167 Thread 0x0000012e46aea520 24141       1       org.gradle.internal.snapshot.impl.ImplementationSnapshot::getClassIdentifier (5 bytes)
Event: 15.167 Thread 0x0000012e46a85670 24142       3       org.gradle.internal.execution.history.impl.FingerprintMapSerializer::writeFingerprint (147 bytes)
Event: 15.167 Thread 0x0000012e915a9aa0 24143       4       com.esotericsoftware.kryo.io.Output::writeByte (35 bytes)
Event: 15.167 Thread 0x0000012e46aea520 nmethod 24141 0x0000012e37421610 code [0x0000012e374217a0, 0x0000012e37421878]
Event: 15.168 Thread 0x0000012e46a85670 nmethod 24142 0x0000012e3229a210 code [0x0000012e3229a4e0, 0x0000012e3229b6d8]
Event: 15.169 Thread 0x0000012e915a9aa0 nmethod 24143 0x0000012e3706ee90 code [0x0000012e3706f020, 0x0000012e3706f118]
Event: 15.171 Thread 0x0000012e46aba040 24144       3       com.android.tools.r8.internal.z0::<init> (5 bytes)
Event: 15.171 Thread 0x0000012e46aba040 nmethod 24144 0x0000012e3229bb90 code [0x0000012e3229bd40, 0x0000012e3229bef8]
Event: 15.173 Thread 0x0000012e46aba040 24145       3       com.android.tools.r8.internal.wa1::b (29 bytes)
Event: 15.173 Thread 0x0000012e46aba040 nmethod 24145 0x0000012e2f53d890 code [0x0000012e2f53da20, 0x0000012e2f53db38]

GC Heap History (20 events):
Event: 8.899 GC heap before
{Heap before GC invocations=33 (full 0):
 garbage-first heap   total 396288K, used 240772K [0x0000000080000000, 0x0000000100000000)
  region size 1024K, 78 young (79872K), 9 survivors (9216K)
 Metaspace       used 142696K, committed 143680K, reserved 1179648K
  class space    used 18886K, committed 19328K, reserved 1048576K
}
Event: 8.906 GC heap after
{Heap after GC invocations=34 (full 0):
 garbage-first heap   total 396288K, used 201922K [0x0000000080000000, 0x0000000100000000)
  region size 1024K, 10 young (10240K), 10 survivors (10240K)
 Metaspace       used 142696K, committed 143680K, reserved 1179648K
  class space    used 18886K, committed 19328K, reserved 1048576K
}
Event: 9.293 GC heap before
{Heap before GC invocations=35 (full 0):
 garbage-first heap   total 396288K, used 300226K [0x0000000080000000, 0x0000000100000000)
  region size 1024K, 105 young (107520K), 10 survivors (10240K)
 Metaspace       used 143983K, committed 144960K, reserved 1179648K
  class space    used 18940K, committed 19392K, reserved 1048576K
}
Event: 9.302 GC heap after
{Heap after GC invocations=36 (full 0):
 garbage-first heap   total 396288K, used 231754K [0x0000000080000000, 0x0000000100000000)
  region size 1024K, 14 young (14336K), 14 survivors (14336K)
 Metaspace       used 143983K, committed 144960K, reserved 1179648K
  class space    used 18940K, committed 19392K, reserved 1048576K
}
Event: 9.359 GC heap before
{Heap before GC invocations=36 (full 0):
 garbage-first heap   total 396288K, used 236874K [0x0000000080000000, 0x0000000100000000)
  region size 1024K, 19 young (19456K), 14 survivors (14336K)
 Metaspace       used 144195K, committed 145088K, reserved 1179648K
  class space    used 18961K, committed 19392K, reserved 1048576K
}
Event: 9.362 GC heap after
{Heap after GC invocations=37 (full 0):
 garbage-first heap   total 396288K, used 234923K [0x0000000080000000, 0x0000000100000000)
  region size 1024K, 3 young (3072K), 3 survivors (3072K)
 Metaspace       used 144195K, committed 145088K, reserved 1179648K
  class space    used 18961K, committed 19392K, reserved 1048576K
}
Event: 10.038 GC heap before
{Heap before GC invocations=37 (full 0):
 garbage-first heap   total 396288K, used 305579K [0x0000000080000000, 0x0000000100000000)
  region size 1024K, 72 young (73728K), 3 survivors (3072K)
 Metaspace       used 149218K, committed 150208K, reserved 1179648K
  class space    used 19407K, committed 19840K, reserved 1048576K
}
Event: 10.041 GC heap after
{Heap after GC invocations=38 (full 0):
 garbage-first heap   total 396288K, used 244834K [0x0000000080000000, 0x0000000100000000)
  region size 1024K, 9 young (9216K), 9 survivors (9216K)
 Metaspace       used 149218K, committed 150208K, reserved 1179648K
  class space    used 19407K, committed 19840K, reserved 1048576K
}
Event: 10.406 GC heap before
{Heap before GC invocations=38 (full 0):
 garbage-first heap   total 396288K, used 311394K [0x0000000080000000, 0x0000000100000000)
  region size 1024K, 75 young (76800K), 9 survivors (9216K)
 Metaspace       used 152882K, committed 153856K, reserved 1245184K
  class space    used 19972K, committed 20416K, reserved 1048576K
}
Event: 10.410 GC heap after
{Heap after GC invocations=39 (full 0):
 garbage-first heap   total 396288K, used 251537K [0x0000000080000000, 0x0000000100000000)
  region size 1024K, 6 young (6144K), 6 survivors (6144K)
 Metaspace       used 152882K, committed 153856K, reserved 1245184K
  class space    used 19972K, committed 20416K, reserved 1048576K
}
Event: 10.860 GC heap before
{Heap before GC invocations=39 (full 0):
 garbage-first heap   total 396288K, used 319121K [0x0000000080000000, 0x0000000100000000)
  region size 1024K, 72 young (73728K), 6 survivors (6144K)
 Metaspace       used 157799K, committed 158784K, reserved 1245184K
  class space    used 20692K, committed 21184K, reserved 1048576K
}
Event: 10.865 GC heap after
{Heap after GC invocations=40 (full 0):
 garbage-first heap   total 396288K, used 254777K [0x0000000080000000, 0x0000000100000000)
  region size 1024K, 4 young (4096K), 4 survivors (4096K)
 Metaspace       used 157799K, committed 158784K, reserved 1245184K
  class space    used 20692K, committed 21184K, reserved 1048576K
}
Event: 11.518 GC heap before
{Heap before GC invocations=41 (full 0):
 garbage-first heap   total 396288K, used 246585K [0x0000000080000000, 0x0000000100000000)
  region size 1024K, 72 young (73728K), 4 survivors (4096K)
 Metaspace       used 162825K, committed 163840K, reserved 1245184K
  class space    used 21419K, committed 21952K, reserved 1048576K
}
Event: 11.522 GC heap after
{Heap after GC invocations=42 (full 0):
 garbage-first heap   total 396288K, used 181673K [0x0000000080000000, 0x0000000100000000)
  region size 1024K, 9 young (9216K), 9 survivors (9216K)
 Metaspace       used 162825K, committed 163840K, reserved 1245184K
  class space    used 21419K, committed 21952K, reserved 1048576K
}
Event: 11.571 GC heap before
{Heap before GC invocations=42 (full 0):
 garbage-first heap   total 396288K, used 191913K [0x0000000080000000, 0x0000000100000000)
  region size 1024K, 19 young (19456K), 9 survivors (9216K)
 Metaspace       used 163267K, committed 164224K, reserved 1245184K
  class space    used 21481K, committed 21952K, reserved 1048576K
}
Event: 11.573 GC heap after
{Heap after GC invocations=43 (full 0):
 garbage-first heap   total 396288K, used 144673K [0x0000000080000000, 0x0000000100000000)
  region size 1024K, 2 young (2048K), 2 survivors (2048K)
 Metaspace       used 163267K, committed 164224K, reserved 1245184K
  class space    used 21481K, committed 21952K, reserved 1048576K
}
Event: 11.661 GC heap before
{Heap before GC invocations=43 (full 0):
 garbage-first heap   total 396288K, used 162081K [0x0000000080000000, 0x0000000100000000)
  region size 1024K, 19 young (19456K), 2 survivors (2048K)
 Metaspace       used 163975K, committed 164992K, reserved 1245184K
  class space    used 21571K, committed 22080K, reserved 1048576K
}
Event: 11.664 GC heap after
{Heap after GC invocations=44 (full 0):
 garbage-first heap   total 703488K, used 132182K [0x0000000080000000, 0x0000000100000000)
  region size 1024K, 3 young (3072K), 3 survivors (3072K)
 Metaspace       used 163975K, committed 164992K, reserved 1245184K
  class space    used 21571K, committed 22080K, reserved 1048576K
}
Event: 13.395 GC heap before
{Heap before GC invocations=44 (full 0):
 garbage-first heap   total 703488K, used 511062K [0x0000000080000000, 0x0000000100000000)
  region size 1024K, 360 young (368640K), 3 survivors (3072K)
 Metaspace       used 177673K, committed 178944K, reserved 1245184K
  class space    used 23404K, committed 24000K, reserved 1048576K
}
Event: 13.407 GC heap after
{Heap after GC invocations=45 (full 0):
 garbage-first heap   total 703488K, used 168179K [0x0000000080000000, 0x0000000100000000)
  region size 1024K, 29 young (29696K), 29 survivors (29696K)
 Metaspace       used 177673K, committed 178944K, reserved 1245184K
  class space    used 23404K, committed 24000K, reserved 1048576K
}

Dll operation events (15 events):
Event: 0.004 Loaded shared library C:\Users\Bush Baby\AppData\Local\Programs\jdk-17\bin\java.dll
Event: 0.012 Loaded shared library C:\Users\Bush Baby\AppData\Local\Programs\jdk-17\bin\jsvml.dll
Event: 0.032 Loaded shared library C:\Users\Bush Baby\AppData\Local\Programs\jdk-17\bin\zip.dll
Event: 0.033 Loaded shared library C:\Users\Bush Baby\AppData\Local\Programs\jdk-17\bin\instrument.dll
Event: 0.035 Loaded shared library C:\Users\Bush Baby\AppData\Local\Programs\jdk-17\bin\net.dll
Event: 0.036 Loaded shared library C:\Users\Bush Baby\AppData\Local\Programs\jdk-17\bin\nio.dll
Event: 0.037 Loaded shared library C:\Users\Bush Baby\AppData\Local\Programs\jdk-17\bin\zip.dll
Event: 0.099 Loaded shared library C:\Users\Bush Baby\AppData\Local\Programs\jdk-17\bin\jimage.dll
Event: 0.192 Loaded shared library C:\Users\Bush Baby\AppData\Local\Programs\jdk-17\bin\verify.dll
Event: 0.207 Loaded shared library C:\Users\Bush Baby\.gradle\native\660c5614fbf4a5f2a75b1949f50a0caf5cd603558e7d8a26e50b933a0cfb79d1\windows-amd64\native-platform.dll
Event: 0.214 Loaded shared library C:\Users\Bush Baby\.gradle\native\0.2.8\x86_64-windows-gnu\gradle-fileevents.dll
Event: 0.554 Loaded shared library C:\Users\Bush Baby\AppData\Local\Programs\jdk-17\bin\management.dll
Event: 0.555 Loaded shared library C:\Users\Bush Baby\AppData\Local\Programs\jdk-17\bin\management_ext.dll
Event: 0.646 Loaded shared library C:\Users\Bush Baby\AppData\Local\Programs\jdk-17\bin\extnet.dll
Event: 0.764 Loaded shared library C:\Users\Bush Baby\AppData\Local\Programs\jdk-17\bin\sunmscapi.dll

Deoptimization events (20 events):
Event: 15.000 Thread 0x0000012e92042f00 DEOPT PACKING pc=0x0000012e379e130c sp=0x00000020347fde50
Event: 15.000 Thread 0x0000012e92042f00 DEOPT UNPACKING pc=0x0000012e368ea1a3 sp=0x00000020347fdd20 mode 2
Event: 15.000 Thread 0x0000012e92042f00 Uncommon trap: trap_request=0xffffffc6 fr.pc=0x0000012e3739947c relative=0x00000000000022dc
Event: 15.000 Thread 0x0000012e92042f00 Uncommon trap: reason=bimorphic_or_optimized_type_check action=maybe_recompile pc=0x0000012e3739947c method=java.io.ObjectInputStream$PeekInputStream.read()I @ 23 c2
Event: 15.000 Thread 0x0000012e92042f00 DEOPT PACKING pc=0x0000012e3739947c sp=0x00000020347fded0
Event: 15.000 Thread 0x0000012e92042f00 DEOPT UNPACKING pc=0x0000012e368ea1a3 sp=0x00000020347fddc0 mode 2
Event: 15.154 Thread 0x0000012e920415b0 Uncommon trap: trap_request=0xffffffde fr.pc=0x0000012e37598bd8 relative=0x0000000000000d18
Event: 15.154 Thread 0x0000012e920415b0 Uncommon trap: reason=class_check action=maybe_recompile pc=0x0000012e37598bd8 method=java.nio.ByteBuffer.getArray(I[BII)Ljava/nio/ByteBuffer; @ 49 c2
Event: 15.155 Thread 0x0000012e920415b0 DEOPT PACKING pc=0x0000012e37598bd8 sp=0x00000020348feee0
Event: 15.155 Thread 0x0000012e920415b0 DEOPT UNPACKING pc=0x0000012e368ea1a3 sp=0x00000020348fee08 mode 2
Event: 15.155 Thread 0x0000012e920415b0 DEOPT PACKING pc=0x0000012e373d29f0 sp=0x00000020348ff030
Event: 15.155 Thread 0x0000012e920415b0 DEOPT UNPACKING pc=0x0000012e368eace3 sp=0x00000020348fe428 mode 0
Event: 15.155 Thread 0x0000012e920415b0 Uncommon trap: trap_request=0xffffffc6 fr.pc=0x0000012e3793903c relative=0x000000000000261c
Event: 15.155 Thread 0x0000012e920415b0 Uncommon trap: reason=bimorphic_or_optimized_type_check action=maybe_recompile pc=0x0000012e3793903c method=java.io.ObjectInputStream$PeekInputStream.read()I @ 23 c2
Event: 15.155 Thread 0x0000012e920415b0 DEOPT PACKING pc=0x0000012e3793903c sp=0x00000020348fe5e0
Event: 15.155 Thread 0x0000012e920415b0 DEOPT UNPACKING pc=0x0000012e368ea1a3 sp=0x00000020348fe590 mode 2
Event: 15.156 Thread 0x0000012e920415b0 Uncommon trap: trap_request=0xffffffc6 fr.pc=0x0000012e3713371c relative=0x0000000000000a9c
Event: 15.156 Thread 0x0000012e920415b0 Uncommon trap: reason=bimorphic_or_optimized_type_check action=maybe_recompile pc=0x0000012e3713371c method=java.io.ObjectInputStream$PeekInputStream.read([BII)I @ 20 c2
Event: 15.156 Thread 0x0000012e920415b0 DEOPT PACKING pc=0x0000012e3713371c sp=0x00000020348fe9c0
Event: 15.156 Thread 0x0000012e920415b0 DEOPT UNPACKING pc=0x0000012e368ea1a3 sp=0x00000020348fe898 mode 2

Classes loaded (20 events):
Event: 14.591 Loading class java/lang/IllegalThreadStateException
Event: 14.591 Loading class java/lang/IllegalThreadStateException done
Event: 14.608 Loading class java/lang/ProcessBuilder$NullInputStream
Event: 14.608 Loading class java/lang/ProcessBuilder$NullInputStream done
Event: 14.608 Loading class java/util/concurrent/Semaphore$NonfairSync
Event: 14.609 Loading class java/util/concurrent/Semaphore$Sync
Event: 14.609 Loading class java/util/concurrent/Semaphore$Sync done
Event: 14.609 Loading class java/util/concurrent/Semaphore$NonfairSync done
Event: 14.700 Loading class java/nio/file/attribute/UserPrincipalLookupService
Event: 14.700 Loading class java/nio/file/attribute/UserPrincipalLookupService done
Event: 14.979 Loading class java/util/IdentityHashMap$EntrySet
Event: 14.979 Loading class java/util/IdentityHashMap$EntrySet done
Event: 14.980 Loading class java/util/IdentityHashMap$EntrySpliterator
Event: 14.981 Loading class java/util/IdentityHashMap$IdentityHashMapSpliterator
Event: 14.981 Loading class java/util/IdentityHashMap$IdentityHashMapSpliterator done
Event: 14.981 Loading class java/util/IdentityHashMap$EntrySpliterator done
Event: 14.983 Loading class java/util/stream/SortedOps$RefSortingSink
Event: 14.983 Loading class java/util/stream/SortedOps$RefSortingSink done
Event: 15.016 Loading class java/util/SortedSet$1
Event: 15.017 Loading class java/util/SortedSet$1 done

Classes unloaded (0 events):
No events

Classes redefined (0 events):
No events

Internal exceptions (20 events):
Event: 13.534 Thread 0x0000012e90d079d0 Exception <a 'sun/nio/fs/WindowsException'{0x00000000a99bba50}> (0x00000000a99bba50) 
thrown [s\src\hotspot\share\prims\jni.cpp, line 516]
Event: 13.572 Thread 0x0000012e90d0a250 Exception <a 'java/lang/NoSuchMethodError'{0x00000000a95d5f00}: 'java.lang.Object java.lang.invoke.DirectMethodHandle$Holder.invokeStaticInit(java.lang.Object, java.lang.Object, java.lang.Object, java.lang.Object, java.lang.Object, java.lang.Object, java.lang.Object, java.lang.Object, java.lang.Object, java.lang.Object, java.lang.Object, java.lang.Object, java.lang.Object, java.lang.Object, java.lang.Object, java.lang.Object, java.lang.Object, java.lang.Object, java.lang.Object, java.lang.Object, int, java
Event: 13.577 Thread 0x0000012e90d0a250 Exception <a 'java/lang/IncompatibleClassChangeError'{0x00000000a95ef658}: Found class java.lang.Object, but interface was expected> (0x00000000a95ef658) 
thrown [s\src\hotspot\share\interpreter\linkResolver.cpp, line 826]
Event: 13.579 Thread 0x0000012e90d0a250 Exception <a 'java/lang/IncompatibleClassChangeError'{0x00000000a95fb2c8}: Found class java.lang.Object, but interface was expected> (0x00000000a95fb2c8) 
thrown [s\src\hotspot\share\interpreter\linkResolver.cpp, line 826]
Event: 13.658 Thread 0x0000012e90d0a250 Exception <a 'java/lang/IncompatibleClassChangeError'{0x00000000a8bb3638}: Found class java.lang.Object, but interface was expected> (0x00000000a8bb3638) 
thrown [s\src\hotspot\share\interpreter\linkResolver.cpp, line 826]
Event: 13.942 Thread 0x0000012eaec66840 Exception <a 'sun/nio/fs/WindowsException'{0x00000000a6a38018}> (0x00000000a6a38018) 
thrown [s\src\hotspot\share\prims\jni.cpp, line 516]
Event: 14.053 Thread 0x0000012e90d0a250 Exception <a 'java/lang/IncompatibleClassChangeError'{0x00000000a5369350}: Found class java.lang.Object, but interface was expected> (0x00000000a5369350) 
thrown [s\src\hotspot\share\interpreter\linkResolver.cpp, line 826]
Event: 14.054 Thread 0x0000012e90d0a250 Exception <a 'java/lang/NoSuchMethodError'{0x00000000a5205698}: 'void java.lang.invoke.DirectMethodHandle$Holder.invokeInterface(java.lang.Object, java.lang.Object, java.lang.Object, int)'> (0x00000000a5205698) 
thrown [s\src\hotspot\share\interpreter\linkResolver.cpp, line 759]
Event: 14.433 Thread 0x0000012e90d0a250 Exception <a 'java/lang/NoSuchMethodError'{0x00000000a0aa72c8}: 'void java.lang.invoke.DirectMethodHandle$Holder.invokeSpecial(java.lang.Object, java.lang.Object, java.lang.Object, java.lang.Object, int)'> (0x00000000a0aa72c8) 
thrown [s\src\hotspot\share\interpreter\linkResolver.cpp, line 759]
Event: 14.546 Thread 0x0000012e90d0a250 Exception <a 'java/lang/NoSuchMethodError'{0x000000009f963340}: 'java.lang.Object java.lang.invoke.DirectMethodHandle$Holder.invokeStatic(java.lang.Object, int, java.lang.Object)'> (0x000000009f963340) 
thrown [s\src\hotspot\share\interpreter\linkResolver.cpp, line 759]
Event: 14.593 Thread 0x0000012eb455f1d0 Exception <a 'java/lang/NoSuchMethodError'{0x000000009ee1e9d0}: 'int java.lang.invoke.DirectMethodHandle$Holder.invokeStatic(java.lang.Object, long)'> (0x000000009ee1e9d0) 
thrown [s\src\hotspot\share\interpreter\linkResolver.cpp, line 759]
Event: 14.596 Thread 0x0000012eb455f1d0 Exception <a 'java/lang/NoSuchMethodError'{0x000000009ee4ff58}: 'int java.lang.invoke.DirectMethodHandle$Holder.invokeStatic(java.lang.Object, java.lang.Object, java.lang.Object, int)'> (0x000000009ee4ff58) 
thrown [s\src\hotspot\share\interpreter\linkResolver.cpp, line 759]
Event: 14.603 Thread 0x0000012e90d0a250 Exception <a 'java/lang/IncompatibleClassChangeError'{0x000000009ed7a3d8}: Found class java.lang.Object, but interface was expected> (0x000000009ed7a3d8) 
thrown [s\src\hotspot\share\interpreter\linkResolver.cpp, line 826]
Event: 14.603 Thread 0x0000012e90d0a250 Exception <a 'java/lang/IncompatibleClassChangeError'{0x000000009ed7f370}: Found class java.lang.Object, but interface was expected> (0x000000009ed7f370) 
thrown [s\src\hotspot\share\interpreter\linkResolver.cpp, line 826]
Event: 14.714 Thread 0x0000012eaec66840 Exception <a 'java/lang/NoSuchMethodError'{0x000000009defe7c8}: 'java.lang.Object java.lang.invoke.DirectMethodHandle$Holder.invokeSpecial(java.lang.Object, java.lang.Object, int, java.lang.Object, java.lang.Object, java.lang.Object)'> (0x000000009defe7c8) 
thrown [s\src\hotspot\share\interpreter\linkResolver.cpp, line 759]
Event: 14.831 Thread 0x0000012e90d0a250 Exception <a 'java/lang/NoSuchMethodError'{0x000000009dbb6878}: 'void java.lang.invoke.DirectMethodHandle$Holder.invokeSpecial(java.lang.Object, java.lang.Object, int, java.lang.Object)'> (0x000000009dbb6878) 
thrown [s\src\hotspot\share\interpreter\linkResolver.cpp, line 759]
Event: 14.989 Thread 0x0000012eaec66840 Exception <a 'sun/nio/fs/WindowsException'{0x000000009cf91278}> (0x000000009cf91278) 
thrown [s\src\hotspot\share\prims\jni.cpp, line 516]
Event: 15.001 Thread 0x0000012e92042f00 Exception <a 'java/lang/NoSuchMethodError'{0x000000009ced34e0}: static Ljava/lang/Object;.<clinit>()V> (0x000000009ced34e0) 
thrown [s\src\hotspot\share\prims\jni.cpp, line 1112]
Event: 15.054 Thread 0x0000012eaec66840 Exception <a 'java/lang/IncompatibleClassChangeError'{0x000000009c815998}: Found class java.lang.Object, but interface was expected> (0x000000009c815998) 
thrown [s\src\hotspot\share\interpreter\linkResolver.cpp, line 826]
Event: 15.105 Thread 0x0000012e90d0a250 Exception <a 'java/lang/NoSuchMethodError'{0x000000009c4fe018}: 'int java.lang.invoke.DirectMethodHandle$Holder.invokeSpecial(java.lang.Object, java.lang.Object, java.lang.Object, int, java.lang.Object)'> (0x000000009c4fe018) 
thrown [s\src\hotspot\share\interpreter\linkResolver.cpp, line 759]

VM Operations (20 events):
Event: 14.540 Executing VM operation: HandshakeAllThreads
Event: 14.540 Executing VM operation: HandshakeAllThreads done
Event: 14.544 Executing VM operation: HandshakeAllThreads
Event: 14.544 Executing VM operation: HandshakeAllThreads done
Event: 14.583 Executing VM operation: HandshakeAllThreads
Event: 14.583 Executing VM operation: HandshakeAllThreads done
Event: 14.601 Executing VM operation: HandshakeAllThreads
Event: 14.601 Executing VM operation: HandshakeAllThreads done
Event: 14.614 Executing VM operation: HandshakeAllThreads
Event: 14.615 Executing VM operation: HandshakeAllThreads done
Event: 14.617 Executing VM operation: HandshakeAllThreads
Event: 14.617 Executing VM operation: HandshakeAllThreads done
Event: 14.777 Executing VM operation: HandshakeAllThreads
Event: 14.777 Executing VM operation: HandshakeAllThreads done
Event: 14.993 Executing VM operation: ICBufferFull
Event: 14.993 Executing VM operation: ICBufferFull done
Event: 14.998 Executing VM operation: HandshakeAllThreads
Event: 14.998 Executing VM operation: HandshakeAllThreads done
Event: 15.163 Executing VM operation: HandshakeAllThreads
Event: 15.163 Executing VM operation: HandshakeAllThreads done

Memory protections (0 events):
No events

Nmethod flushes (20 events):
Event: 14.026 Thread 0x0000012e469cf4d0 flushing  nmethod 0x0000012e30357410
Event: 14.027 Thread 0x0000012e469cf4d0 flushing  nmethod 0x0000012e30415b10
Event: 14.028 Thread 0x0000012e469cf4d0 flushing  nmethod 0x0000012e3055db90
Event: 14.028 Thread 0x0000012e469cf4d0 flushing  nmethod 0x0000012e3055e410
Event: 14.028 Thread 0x0000012e469cf4d0 flushing  nmethod 0x0000012e3055e890
Event: 14.050 Thread 0x0000012e469cf4d0 flushing  nmethod 0x0000012e31c55010
Event: 14.050 Thread 0x0000012e469cf4d0 flushing  nmethod 0x0000012e31c68190
Event: 14.051 Thread 0x0000012e469cf4d0 flushing  nmethod 0x0000012e31d59390
Event: 14.051 Thread 0x0000012e469cf4d0 flushing  nmethod 0x0000012e31da2c10
Event: 14.051 Thread 0x0000012e469cf4d0 flushing  nmethod 0x0000012e31daba90
Event: 14.051 Thread 0x0000012e469cf4d0 flushing  nmethod 0x0000012e31dac390
Event: 14.051 Thread 0x0000012e469cf4d0 flushing  nmethod 0x0000012e31df0a90
Event: 15.163 Thread 0x0000012e469cf4d0 flushing  nmethod 0x0000012e3706ea90
Event: 15.164 Thread 0x0000012e469cf4d0 flushing  nmethod 0x0000012e3722f610
Event: 15.165 Thread 0x0000012e469cf4d0 flushing  nmethod 0x0000012e37317110
Event: 15.165 Thread 0x0000012e469cf4d0 flushing  nmethod 0x0000012e37421310
Event: 15.166 Thread 0x0000012e469cf4d0 flushing  nmethod 0x0000012e3748b810
Event: 15.170 Thread 0x0000012e469cf4d0 flushing  nmethod 0x0000012e37b68610
Event: 15.171 Thread 0x0000012e469cf4d0 flushing  nmethod 0x0000012e2f53d210
Event: 15.174 Thread 0x0000012e469cf4d0 flushing  nmethod 0x0000012e2f80df10

Events (20 events):
Event: 13.303 Thread 0x0000012eb45591a0 Thread added: 0x0000012e920415b0
Event: 13.304 Thread 0x0000012eb455e7b0 Thread added: 0x0000012e920424e0
Event: 13.392 Thread 0x0000012e90d0da00 Thread added: 0x0000012e92040170
Event: 13.449 Thread 0x0000012eaec6af20 Thread exited: 0x0000012eaec6af20
Event: 13.456 Thread 0x0000012e90d0df10 Thread added: 0x0000012e92043e30
Event: 13.533 Thread 0x0000012eb47ddb70 Thread exited: 0x0000012eb47ddb70
Event: 13.533 Thread 0x0000012e9203e820 Thread exited: 0x0000012e9203e820
Event: 13.792 Thread 0x0000012eaec6a500 Thread added: 0x0000012e92040b90
Event: 13.792 Thread 0x0000012eaec6a500 Thread added: 0x0000012e92041fd0
Event: 13.792 Thread 0x0000012eb455d370 Thread added: 0x0000012e920410a0
Event: 13.794 Thread 0x0000012eb455d370 Thread added: 0x0000012e9203e820
Event: 13.794 Thread 0x0000012eb455d370 Thread added: 0x0000012e920470d0
Event: 14.100 Thread 0x0000012e915a6580 Thread exited: 0x0000012e915a6580
Event: 14.100 Thread 0x0000012e915a6030 Thread exited: 0x0000012e915a6030
Event: 14.538 Thread 0x0000012eaec66840 Thread added: 0x0000012e920475e0
Event: 14.538 Thread 0x0000012eaec66840 Thread added: 0x0000012e92045780
Event: 14.568 Thread 0x0000012e92045780 Thread added: 0x0000012e92044340
Event: 14.619 Thread 0x0000012eb455f1d0 Thread added: 0x0000012e92045270
Event: 14.772 Thread 0x0000012e915a9aa0 Thread added: 0x0000012e915a7020
Event: 15.088 Thread 0x0000012e915a7020 Thread exited: 0x0000012e915a7020


Dynamic libraries:
0x00007ff698f50000 - 0x00007ff698f5e000 	C:\Users\Bush Baby\AppData\Local\Programs\jdk-17\bin\java.exe
0x00007ffc3f9e0000 - 0x00007ffc3fc47000 	C:\WINDOWS\SYSTEM32\ntdll.dll
0x00007ffc3e5f0000 - 0x00007ffc3e6ba000 	C:\WINDOWS\System32\KERNEL32.DLL
0x00007ffc3ccb0000 - 0x00007ffc3d0b2000 	C:\WINDOWS\System32\KERNELBASE.dll
0x00007ffc3d420000 - 0x00007ffc3d56c000 	C:\WINDOWS\System32\ucrtbase.dll
0x00007ffc235f0000 - 0x00007ffc23608000 	C:\Users\Bush Baby\AppData\Local\Programs\jdk-17\bin\jli.dll
0x00007ffc235d0000 - 0x00007ffc235ee000 	C:\Users\Bush Baby\AppData\Local\Programs\jdk-17\bin\VCRUNTIME140.dll
0x00007ffc3ee40000 - 0x00007ffc3f00f000 	C:\WINDOWS\System32\USER32.dll
0x00007ffc282e0000 - 0x00007ffc28570000 	C:\WINDOWS\WinSxS\amd64_microsoft.windows.common-controls_6595b64144ccf1df_6.0.26100.9278_none_3e0d1ba8e3303201\COMCTL32.dll
0x00007ffc3cc80000 - 0x00007ffc3cca7000 	C:\WINDOWS\System32\win32u.dll
0x00007ffc3ec80000 - 0x00007ffc3ed29000 	C:\WINDOWS\System32\msvcrt.dll
0x00007ffc3f0b0000 - 0x00007ffc3f0db000 	C:\WINDOWS\System32\GDI32.dll
0x00007ffc3d0c0000 - 0x00007ffc3d1e9000 	C:\WINDOWS\System32\gdi32full.dll
0x00007ffc3d1f0000 - 0x00007ffc3d293000 	C:\WINDOWS\System32\msvcp_win.dll
0x00007ffc3d710000 - 0x00007ffc3d741000 	C:\WINDOWS\System32\IMM32.DLL
0x00007ffc0f680000 - 0x00007ffc0f68c000 	C:\Users\Bush Baby\AppData\Local\Programs\jdk-17\bin\vcruntime140_1.dll
0x00007ffc0f5f0000 - 0x00007ffc0f679000 	C:\Users\Bush Baby\AppData\Local\Programs\jdk-17\bin\msvcp140.dll
0x00007ffb9f8f0000 - 0x00007ffba056b000 	C:\Users\Bush Baby\AppData\Local\Programs\jdk-17\bin\server\jvm.dll
0x00007ffc3eba0000 - 0x00007ffc3ec5c000 	C:\WINDOWS\System32\ADVAPI32.dll
0x00007ffc3e8e0000 - 0x00007ffc3e989000 	C:\WINDOWS\System32\sechost.dll
0x00007ffc3f880000 - 0x00007ffc3f998000 	C:\WINDOWS\System32\RPCRT4.dll
0x00007ffc3e320000 - 0x00007ffc3e3a0000 	C:\WINDOWS\System32\WS2_32.dll
0x00007ffc3ca50000 - 0x00007ffc3caae000 	C:\WINDOWS\SYSTEM32\POWRPROF.dll
0x00007ffc30a50000 - 0x00007ffc30a5b000 	C:\WINDOWS\SYSTEM32\VERSION.dll
0x00007ffc32bc0000 - 0x00007ffc32bf6000 	C:\WINDOWS\SYSTEM32\WINMM.dll
0x00007ffc3ca30000 - 0x00007ffc3ca45000 	C:\WINDOWS\SYSTEM32\UMPDC.dll
0x00007ffc3b880000 - 0x00007ffc3b89b000 	C:\WINDOWS\SYSTEM32\kernel.appcore.dll
0x00007ffc0c150000 - 0x00007ffc0c15a000 	C:\Users\Bush Baby\AppData\Local\Programs\jdk-17\bin\jimage.dll
0x00007ffc39f90000 - 0x00007ffc3a1d2000 	C:\WINDOWS\SYSTEM32\DBGHELP.DLL
0x00007ffc3df90000 - 0x00007ffc3e314000 	C:\WINDOWS\System32\combase.dll
0x00007ffc3e7f0000 - 0x00007ffc3e8c9000 	C:\WINDOWS\System32\OLEAUT32.dll
0x00007ffc0f240000 - 0x00007ffc0f27b000 	C:\WINDOWS\SYSTEM32\dbgcore.DLL
0x00007ffc3d2a0000 - 0x00007ffc3d34c000 	C:\WINDOWS\System32\bcryptPrimitives.dll
0x00007ffc06550000 - 0x00007ffc0655f000 	C:\Users\Bush Baby\AppData\Local\Programs\jdk-17\bin\instrument.dll
0x00007ffbf9080000 - 0x00007ffbf90a6000 	C:\Users\Bush Baby\AppData\Local\Programs\jdk-17\bin\java.dll
0x00007ffbb3b20000 - 0x00007ffbb3bf6000 	C:\Users\Bush Baby\AppData\Local\Programs\jdk-17\bin\jsvml.dll
0x00007ffc3f0e0000 - 0x00007ffc3f878000 	C:\WINDOWS\System32\SHELL32.dll
0x00007ffc3a630000 - 0x00007ffc3aede000 	C:\WINDOWS\SYSTEM32\windows.storage.dll
0x00007ffc3d8a0000 - 0x00007ffc3d99b000 	C:\WINDOWS\System32\SHCORE.dll
0x00007ffc3f020000 - 0x00007ffc3f086000 	C:\WINDOWS\System32\shlwapi.dll
0x00007ffc3cb10000 - 0x00007ffc3cb39000 	C:\WINDOWS\SYSTEM32\profapi.dll
0x00007ffbfb620000 - 0x00007ffbfb638000 	C:\Users\Bush Baby\AppData\Local\Programs\jdk-17\bin\zip.dll
0x00007ffbfe2a0000 - 0x00007ffbfe2bb000 	C:\Users\Bush Baby\AppData\Local\Programs\jdk-17\bin\net.dll
0x00007ffc36c00000 - 0x00007ffc36d2a000 	C:\WINDOWS\SYSTEM32\WINHTTP.dll
0x00007ffc3be20000 - 0x00007ffc3be8c000 	C:\WINDOWS\system32\mswsock.dll
0x00007ffbfb680000 - 0x00007ffbfb696000 	C:\Users\Bush Baby\AppData\Local\Programs\jdk-17\bin\nio.dll
0x00007ffc0a8b0000 - 0x00007ffc0a8c0000 	C:\Users\Bush Baby\AppData\Local\Programs\jdk-17\bin\verify.dll
0x00007ffbf7cc0000 - 0x00007ffbf7ce7000 	C:\Users\Bush Baby\.gradle\native\660c5614fbf4a5f2a75b1949f50a0caf5cd603558e7d8a26e50b933a0cfb79d1\windows-amd64\native-platform.dll
0x00007ffbd1540000 - 0x00007ffbd15b7000 	C:\Users\Bush Baby\.gradle\native\0.2.8\x86_64-windows-gnu\gradle-fileevents.dll
0x00007ffc079f0000 - 0x00007ffc079fa000 	C:\Users\Bush Baby\AppData\Local\Programs\jdk-17\bin\management.dll
0x00007ffc07790000 - 0x00007ffc0779c000 	C:\Users\Bush Baby\AppData\Local\Programs\jdk-17\bin\management_ext.dll
0x00007ffc3d890000 - 0x00007ffc3d898000 	C:\WINDOWS\System32\PSAPI.DLL
0x00007ffc3b230000 - 0x00007ffc3b263000 	C:\WINDOWS\SYSTEM32\IPHLPAPI.DLL
0x00007ffc3e8d0000 - 0x00007ffc3e8da000 	C:\WINDOWS\System32\NSI.dll
0x00007ffc36bd0000 - 0x00007ffc36bed000 	C:\WINDOWS\SYSTEM32\dhcpcsvc6.DLL
0x00007ffc36ba0000 - 0x00007ffc36bc5000 	C:\WINDOWS\SYSTEM32\dhcpcsvc.DLL
0x00007ffc3b2c0000 - 0x00007ffc3b418000 	C:\WINDOWS\SYSTEM32\DNSAPI.dll
0x00007ffc3bc20000 - 0x00007ffc3bc2d000 	C:\WINDOWS\SYSTEM32\DSPARSE.dll
0x00007ffc06f90000 - 0x00007ffc06f99000 	C:\Users\Bush Baby\AppData\Local\Programs\jdk-17\bin\extnet.dll
0x00007ffc3c240000 - 0x00007ffc3c25b000 	C:\WINDOWS\SYSTEM32\CRYPTSP.dll
0x00007ffc3b7e0000 - 0x00007ffc3b819000 	C:\WINDOWS\system32\rsaenh.dll
0x00007ffc3bed0000 - 0x00007ffc3bf04000 	C:\WINDOWS\SYSTEM32\USERENV.dll
0x00007ffc3cae0000 - 0x00007ffc3cb0a000 	C:\WINDOWS\SYSTEM32\bcrypt.dll
0x00007ffc3c080000 - 0x00007ffc3c08c000 	C:\WINDOWS\SYSTEM32\CRYPTBASE.dll
0x00007ffc05bb0000 - 0x00007ffc05bbe000 	C:\Users\Bush Baby\AppData\Local\Programs\jdk-17\bin\sunmscapi.dll
0x00007ffc3d580000 - 0x00007ffc3d6fe000 	C:\WINDOWS\System32\CRYPT32.dll
0x00007ffc3c3b0000 - 0x00007ffc3c3e0000 	C:\WINDOWS\SYSTEM32\ncrypt.dll
0x00007ffc3c360000 - 0x00007ffc3c39f000 	C:\WINDOWS\SYSTEM32\NTASN1.dll
0x00007ffc1b000000 - 0x00007ffc1b008000 	C:\WINDOWS\system32\wshunix.dll
0x00007ffc38a50000 - 0x00007ffc38aef000 	C:\WINDOWS\system32\apphelp.dll

dbghelp: loaded successfully - version: 4.0.5 - missing functions: none
symbol engine: initialized successfully - sym options: 0x614 - pdb path: .;C:\Users\Bush Baby\AppData\Local\Programs\jdk-17\bin;C:\WINDOWS\SYSTEM32;C:\WINDOWS\WinSxS\amd64_microsoft.windows.common-controls_6595b64144ccf1df_6.0.26100.9278_none_3e0d1ba8e3303201;C:\Users\Bush Baby\AppData\Local\Programs\jdk-17\bin\server;C:\Users\Bush Baby\.gradle\native\660c5614fbf4a5f2a75b1949f50a0caf5cd603558e7d8a26e50b933a0cfb79d1\windows-amd64;C:\Users\Bush Baby\.gradle\native\0.2.8\x86_64-windows-gnu

VM Arguments:
jvm_args: --add-opens=java.base/java.lang=ALL-UNNAMED --add-opens=java.base/java.lang.invoke=ALL-UNNAMED --add-opens=java.base/java.util=ALL-UNNAMED --add-opens=java.prefs/java.util.prefs=ALL-UNNAMED --add-exports=jdk.compiler/com.sun.tools.javac.api=ALL-UNNAMED --add-exports=jdk.compiler/com.sun.tools.javac.util=ALL-UNNAMED --add-opens=java.base/java.util=ALL-UNNAMED --add-opens=java.prefs/java.util.prefs=ALL-UNNAMED --add-opens=java.base/java.nio.charset=ALL-UNNAMED --add-opens=java.base/java.net=ALL-UNNAMED --add-opens=java.base/java.util.concurrent=ALL-UNNAMED --add-opens=java.base/java.util.concurrent.atomic=ALL-UNNAMED --add-opens=java.xml/javax.xml.namespace=ALL-UNNAMED --add-opens=java.base/java.time=ALL-UNNAMED -Xmx2048m -Dfile.encoding=UTF-8 -Duser.country=US -Duser.language=en -Duser.variant -javaagent:C:\Users\Bush Baby\.gradle\wrapper\dists\gradle-9.4.1-bin\arn2x92ynaizyzdaamcbpbhtj\gradle-9.4.1\lib\agents\gradle-instrumentation-agent-9.4.1.jar 
java_command: org.gradle.launcher.daemon.bootstrap.GradleDaemon 9.4.1
java_class_path (initial): C:\Users\Bush Baby\.gradle\wrapper\dists\gradle-9.4.1-bin\arn2x92ynaizyzdaamcbpbhtj\gradle-9.4.1\lib\gradle-daemon-main-9.4.1.jar
Launcher Type: SUN_STANDARD

[Global flags]
     intx CICompilerCount                          = 12                                        {product} {ergonomic}
     uint ConcGCThreads                            = 3                                         {product} {ergonomic}
     uint G1ConcRefinementThreads                  = 13                                        {product} {ergonomic}
   size_t G1HeapRegionSize                         = 1048576                                   {product} {ergonomic}
    uintx GCDrainStackTargetSize                   = 64                                        {product} {ergonomic}
   size_t InitialHeapSize                          = 522190848                                 {product} {ergonomic}
   size_t MarkStackSize                            = 4194304                                   {product} {ergonomic}
   size_t MaxHeapSize                              = 2147483648                                {product} {command line}
   size_t MaxNewSize                               = 1287651328                                {product} {ergonomic}
   size_t MinHeapDeltaBytes                        = 1048576                                   {product} {ergonomic}
   size_t MinHeapSize                              = 8388608                                   {product} {ergonomic}
    uintx NonNMethodCodeHeapSize                   = 7602480                                {pd product} {ergonomic}
    uintx NonProfiledCodeHeapSize                  = 122027880                              {pd product} {ergonomic}
    uintx ProfiledCodeHeapSize                     = 122027880                              {pd product} {ergonomic}
    uintx ReservedCodeCacheSize                    = 251658240                              {pd product} {ergonomic}
     bool SegmentedCodeCache                       = true                                      {product} {ergonomic}
   size_t SoftMaxHeapSize                          = 2147483648                             {manageable} {ergonomic}
     bool UseCompressedClassPointers               = true                           {product lp64_product} {ergonomic}
     bool UseCompressedOops                        = true                           {product lp64_product} {ergonomic}
     bool UseG1GC                                  = true                                      {product} {ergonomic}
     bool UseLargePagesIndividualAllocation        = false                                  {pd product} {ergonomic}

Logging:
Log output configuration:
 #0: stdout all=warning uptime,level,tags
 #1: stderr all=off uptime,level,tags

Environment Variables:
JAVA_HOME=C:\Users\Bush Baby\AppData\Local/Programs/jdk-17
PATH=C:\Users\Bush Baby\bin;C:\Program Files\Git\mingw64\bin;C:\Program Files\Git\usr\local\bin;C:\Program Files\Git\usr\bin;C:\Program Files\Git\usr\bin;C:\Program Files\Git\mingw64\bin;C:\Program Files\Git\usr\bin;C:\Users\Bush Baby\bin;C:\Program Files (x86)\Common Files\Oracle\Java\java8path;C:\Program Files (x86)\Common Files\Oracle\Java\javapath;C:\Program Files (x86)\VMware\VMware Workstation\bin;C:\Program Files\Eclipse Adoptium\jdk-21.0.8.9-hotspot\bin;C:\Program Files (x86)\Common Files\Intel\Shared Files\cpp\bin\Intel64;C:\Windows\System32\AMD;C:\WINDOWS\system32;C:\WINDOWS;C:\WINDOWS\System32\Wbem;C:\WINDOWS\System32\WindowsPowerShell\v1.0;C:\WINDOWS\System32\OpenSSH;C:\Users\Bush Baby\AppData\Local\Microsoft\WindowsApps;C:\Program Files\dotnet;C:\Program Files\CrowdSec;C:\Program Files\Sunshine;C:\Program Files\Sunshine\tools;C:\Program Files\NVIDIA Corporation\NVIDIA App\NvDLISR;C:\Program Files (x86)\NVIDIA Corporation\PhysX\Common;C:\Program Files\Git\cmd;C:\Program Files\WireGuard;C:\Program Files\Tailscale;C:\Program Files (x86)\Windows Kits\10\Windows Performance Toolkit;C:\Program Files\Go\bin;C:\Program Files (x86)\Eclipse\Sumo\bin;C:\Program Files (x86)\Eclipse\Sumo\tools;C:\Program Files\nodejs;C:\Program Files\PowerShell\7;C:\Users\Bush Baby\AppData\Local\Programs\Python\Python313\Scripts;C:\Users\Bush Baby\AppData\Local\Programs\Python\Python313;C:\Users\Bush Baby\.cargo\bin;C:\Program Files (x86)\Common Files\Intel\Shared Files\cpp\bin\Intel64;C:\Program Files (x86)\VMware\VMware Player\bin;C:\Windows\System32\AMD;C:\WINDOWS\system32;C:\WINDOWS;C:\WINDOWS\System32\Wbem;C:\WINDOWS\System32\WindowsPowerShell\v1.0;C:\WINDOWS\System32\OpenSSH;C:\Users\Bush Baby\AppData\Local\Microsoft\WindowsApps;C:\Program Files\PowerShell\7;C:\Program Files\dotnet;C:\Program Files\CrowdSec;C:\Program Files\Git\cmd;C:\Users\Bush Baby\AppData\Local\Microsoft\WindowsApps;C:\Users\Bush Baby\AppData\Local\Programs\Microsoft VS Code\bin;C:\yt-dlp;C:\Users\Bush Baby\AppData\Local\Programs\VapourSynth\core;C:\Users\Bush Baby\AppData\Local\Programs\VapourSynth\vsrepo;C:\Users\Bush Baby\.lmstudio\bin;C:\Users\Bush Baby\.dotnet\tools;C:\Users\Bush Baby\AppData\Local\Programs\Ollama;C:\Users\Bush Baby\AppData\Local\Microsoft\WinGet\Packages\Google.Protobuf_Microsoft.Winget.Source_8wekyb3d8bbwe\bin;C:\Program Files\VideoLAN\VLC;C:\Users\Bush Baby\AppData\Local\GitHubCLIPortable\bin;C:\Users\Bush Baby\AppData\Local\kotlin-lsp;C:\Users\Bush Baby\Documents\LLVM\bin;C:\Users\Bush Baby\go\bin;C:\Users\Bush Baby\AppData\Roaming\npm;C:\Users\Bush Baby\AppData\Local\Microsoft\WinGet\Links;C:\Users\Bush Baby\AppData\Local\Python\bin;C:\Program Files\Git\usr\bin\vendor_perl;C:\Program Files\Git\usr\bin\core_perl
USERNAME=Bush Baby
SHELL=C:\Program Files\Git\usr\bin\bash.exe
TERM=xterm-256color
OS=Windows_NT
PROCESSOR_IDENTIFIER=AMD64 Family 25 Model 97 Stepping 2, AuthenticAMD
TMP=C:\Users\BUSHBA~1\AppData\Local\Temp
TEMP=C:\Users\BUSHBA~1\AppData\Local\Temp



Periodic native trim disabled


---------------  S Y S T E M  ---------------

OS:
 Windows 11 , 64 bit Build 26100 (10.0.26100.9278)
OS uptime: 2 days 10:56 hours
Hyper-V role detected

CPU: total 16 (initial active 16) (16 cores per cpu, 2 threads per core) family 25 model 97 stepping 2 microcode 0xa601203, cx8, cmov, fxsr, ht, mmx, 3dnowpref, sse, sse2, sse3, ssse3, sse4a, sse4.1, sse4.2, popcnt, lzcnt, tsc, tscinvbit, avx, avx2, aes, erms, clmul, bmi1, bmi2, adx, avx512f, avx512dq, avx512cd, avx512bw, avx512vl, sha, fma, vzeroupper, avx512_vpopcntdq, avx512_vpclmulqdq, avx512_vaes, avx512_vnni, clflush, clflushopt, avx512_vbmi2, avx512_vbmi, hv
Processor Information for the first 16 processors :
  Max Mhz: 4501, Current Mhz: 4501, Mhz Limit: 4501

Memory: 4k page, system-wide physical 31864M (1662M free)
TotalPageFile size 64632M (AvailPageFile size 274M)
current process WorkingSet (physical memory assigned to process): 1218M, peak: 1218M
current process commit charge ("private bytes"): 1283M, peak: 1284M

vm_info: OpenJDK 64-Bit Server VM (17.0.19+10-LTS) for windows-amd64 JRE (17.0.19+10-LTS), built on Apr 18 2026 18:24:40 by "MicrosoftCorporation" with MS VC++ 17.14 (VS2022)

END.
